commodity,market,pricetype,date,price_per_kg,rainfall_mm,GPR,diesel_price_kes,source,admin1,latitude,longitude,category
Beans (dry),Eldoret,Wholesale,2006-01-01,31.1,,,,WFP,Rift Valley,0.52,35.28,pulses and nuts
Beans (dry),Eldoret,Wholesale,2006-02-01,35.0,,,,WFP,Rift Valley,0.52,35.28,pulses and nuts
Beans (dry),Eldoret,Wholesale,2006-03-01,36.72222222222222,,,,WFP,Rift Valley,0.52,35.28,pulses and nuts
Beans (dry),Eldoret,Wholesale,2006-04-01,34.0,,,,WFP,Rift Valley,0.52,35.28,pulses and nuts
Beans (dry),Eldoret,Wholesale,2006-05-01,36.78888888888889,,,,WFP,Rift Valley,0.52,35.28,pulses and nuts
Beans (dry),Eldoret,Wholesale,2006-06-01,33.08888888888889,,,,WFP,Rift Valley,0.52,35.28,pulses and nuts
Beans (dry),Eldoret,Wholesale,2006-07-01,25.11111111111111,,,,WFP,Rift Valley,0.52,35.28,pulses and nuts
Beans (dry),Eldoret,Wholesale,2006-08-01,21.944444444444443,,,,WFP,Rift Valley,0.52,35.28,pulses and nuts
Beans (dry),Eldoret,Wholesale,2006-09-01,30.0,,,,WFP,Rift Valley,0.52,35.28,pulses and nuts
Beans (dry),Eldoret,Wholesale,2006-10-01,26.666666666666668,,,,WFP,Rift Valley,0.52,35.28,pulses and nuts
Beans (dry),Eldoret,Wholesale,2006-11-01,29.72222222222222,,,,WFP,Rift Valley,0.52,35.28,pulses and nuts
Beans (dry),Eldoret,Wholesale,2006-12-01,28.88888888888889,,,,WFP,Rift Valley,0.52,35.28,pulses and nuts
Beans (dry),Eldoret,Wholesale,2007-01-01,30.33333333333333,,,,WFP,Rift Valley,0.52,35.28,pulses and nuts
Beans (dry),Eldoret,Wholesale,2007-02-01,30.933333333333334,,,,WFP,Rift Valley,0.52,35.28,pulses and nuts
Beans (dry),Eldoret,Wholesale,2007-03-01,30.322222222222223,,,,WFP,Rift Valley,0.52,35.28,pulses and nuts
Beans (dry),Eldoret,Wholesale,2007-04-01,31.55555555555556,,,,WFP,Rift Valley,0.52,35.28,pulses and nuts
Beans (dry),Eldoret,Wholesale,2007-05-01,30.8,,,,WFP,Rift Valley,0.52,35.28,pulses and nuts
Beans (dry),Eldoret,Wholesale,2007-06-01,31.11111111111111,,,,WFP,Rift Valley,0.52,35.28,pulses and nuts
Beans (dry),Eldoret,Wholesale,2007-07-01,30.25555555555556,,,,WFP,Rift Valley,0.52,35.28,pulses and nuts
Beans (dry),Eldoret,Wholesale,2007-08-01,26.8,,,,WFP,Rift Valley,0.52,35.28,pulses and nuts
Beans (dry),Eldoret,Wholesale,2007-09-01,26.92222222222222,,,,WFP,Rift Valley,0.52,35.28,pulses and nuts
Beans (dry),Eldoret,Wholesale,2007-10-01,29.05555555555556,,,,WFP,Rift Valley,0.52,35.28,pulses and nuts
Beans (dry),Eldoret,Wholesale,2007-11-01,31.11111111111111,,,,WFP,Rift Valley,0.52,35.28,pulses and nuts
Beans (dry),Eldoret,Wholesale,2007-12-01,32.36666666666667,,,,WFP,Rift Valley,0.52,35.28,pulses and nuts
Beans (dry),Eldoret,Wholesale,2008-01-01,35.55555555555556,,,,WFP,Rift Valley,0.52,35.28,pulses and nuts
Beans (dry),Eldoret,Wholesale,2008-02-01,43.11111111111112,,,,WFP,Rift Valley,0.52,35.28,pulses and nuts
Beans (dry),Eldoret,Wholesale,2008-03-01,44.44444444444444,,,,WFP,Rift Valley,0.52,35.28,pulses and nuts
Beans (dry),Eldoret,Wholesale,2008-04-01,52.0,,,,WFP,Rift Valley,0.52,35.28,pulses and nuts
Beans (dry),Eldoret,Wholesale,2008-05-01,53.333333333333336,,,,WFP,Rift Valley,0.52,35.28,pulses and nuts
Beans (dry),Eldoret,Wholesale,2008-06-01,53.15555555555556,,,,WFP,Rift Valley,0.52,35.28,pulses and nuts
Beans (dry),Eldoret,Wholesale,2008-07-01,43.477777777777774,,,,WFP,Rift Valley,0.52,35.28,pulses and nuts
Beans (dry),Eldoret,Wholesale,2008-08-01,38.4,,,,WFP,Rift Valley,0.52,35.28,pulses and nuts
Beans (dry),Eldoret,Wholesale,2008-09-01,41.94444444444444,,,,WFP,Rift Valley,0.52,35.28,pulses and nuts
Beans (dry),Eldoret,Wholesale,2008-10-01,47.03333333333333,,,,WFP,Rift Valley,0.52,35.28,pulses and nuts
Beans (dry),Eldoret,Wholesale,2008-11-01,45.74444444444445,,,,WFP,Rift Valley,0.52,35.28,pulses and nuts
Beans (dry),Eldoret,Wholesale,2008-12-01,47.41111111111111,,,,WFP,Rift Valley,0.52,35.28,pulses and nuts
Beans (dry),Eldoret,Wholesale,2009-01-01,52.96666666666667,,,,WFP,Rift Valley,0.52,35.28,pulses and nuts
Beans (dry),Eldoret,Wholesale,2009-02-01,51.3,,,,WFP,Rift Valley,0.52,35.28,pulses and nuts
Beans (dry),Eldoret,Wholesale,2009-03-01,52.16666666666666,,,,WFP,Rift Valley,0.52,35.28,pulses and nuts
Beans (dry),Eldoret,Wholesale,2009-04-01,54.422222222222224,,,,WFP,Rift Valley,0.52,35.28,pulses and nuts
Beans (dry),Eldoret,Wholesale,2009-05-01,55.0,,,,WFP,Rift Valley,0.52,35.28,pulses and nuts
Beans (dry),Eldoret,Wholesale,2009-06-01,49.3,,,,WFP,Rift Valley,0.52,35.28,pulses and nuts
Beans (dry),Eldoret,Wholesale,2009-07-01,50.22222222222222,,,,WFP,Rift Valley,0.52,35.28,pulses and nuts
Beans (dry),Eldoret,Wholesale,2009-08-01,51.77777777777778,,,,WFP,Rift Valley,0.52,35.28,pulses and nuts
Beans (dry),Eldoret,Wholesale,2009-09-01,54.72222222222222,,,,WFP,Rift Valley,0.52,35.28,pulses and nuts
Beans (dry),Eldoret,Wholesale,2009-10-01,53.888888888888886,,,,WFP,Rift Valley,0.52,35.28,pulses and nuts
Beans (dry),Eldoret,Wholesale,2009-11-01,53.888888888888886,,,,WFP,Rift Valley,0.52,35.28,pulses and nuts
Beans (dry),Eldoret,Wholesale,2009-12-01,55.31111111111111,,,,WFP,Rift Valley,0.52,35.28,pulses and nuts
Beans (dry),Eldoret,Wholesale,2010-01-01,55.55555555555556,,,,WFP,Rift Valley,0.52,35.28,pulses and nuts
Beans (dry),Eldoret,Wholesale,2010-02-01,55.66666666666666,,,,WFP,Rift Valley,0.52,35.28,pulses and nuts
Beans (dry),Eldoret,Wholesale,2010-03-01,56.3,,,,WFP,Rift Valley,0.52,35.28,pulses and nuts
Beans (dry),Eldoret,Wholesale,2010-04-01,55.922222222222224,,,,WFP,Rift Valley,0.52,35.28,pulses and nuts
Beans (dry),Eldoret,Wholesale,2010-05-01,46.422222222222224,,,,WFP,Rift Valley,0.52,35.28,pulses and nuts
Beans (dry),Eldoret,Wholesale,2010-06-01,40.3,,,,WFP,Rift Valley,0.52,35.28,pulses and nuts
Beans (dry),Eldoret,Wholesale,2010-07-01,31.57777777777778,,,,WFP,Rift Valley,0.52,35.28,pulses and nuts
Beans (dry),Eldoret,Wholesale,2010-08-01,30.92222222222222,,,,WFP,Rift Valley,0.52,35.28,pulses and nuts
Beans (dry),Eldoret,Wholesale,2010-09-01,33.333333333333336,,,,WFP,Rift Valley,0.52,35.28,pulses and nuts
Beans (dry),Eldoret,Wholesale,2010-10-01,48.888888888888886,,,,WFP,Rift Valley,0.52,35.28,pulses and nuts
Beans (dry),Eldoret,Wholesale,2010-11-01,44.333333333333336,,,,WFP,Rift Valley,0.52,35.28,pulses and nuts
Beans (dry),Eldoret,Wholesale,2010-12-01,44.72222222222222,,,,WFP,Rift Valley,0.52,35.28,pulses and nuts
Beans (dry),Eldoret,Wholesale,2011-01-01,53.11111111111112,,,,WFP,Rift Valley,0.52,35.28,pulses and nuts
Beans (dry),Eldoret,Wholesale,2011-02-01,63.0,,,,WFP,Rift Valley,0.52,35.28,pulses and nuts
Beans (dry),Eldoret,Wholesale,2011-03-01,67.87777777777778,,,,WFP,Rift Valley,0.52,35.28,pulses and nuts
Beans (dry),Eldoret,Wholesale,2011-04-01,85.0,,,,WFP,Rift Valley,0.52,35.28,pulses and nuts
Beans (dry),Eldoret,Wholesale,2011-05-01,96.66666666666669,,,,WFP,Rift Valley,0.52,35.28,pulses and nuts
Beans (dry),Eldoret,Wholesale,2011-06-01,100.0,,,,WFP,Rift Valley,0.52,35.28,pulses and nuts
Beans (dry),Eldoret,Wholesale,2011-07-01,74.0,,,,WFP,Rift Valley,0.52,35.28,pulses and nuts
Beans (dry),Eldoret,Wholesale,2011-08-01,70.0,,,,WFP,Rift Valley,0.52,35.28,pulses and nuts
Beans (dry),Eldoret,Wholesale,2011-09-01,65.0,,,,WFP,Rift Valley,0.52,35.28,pulses and nuts
Beans (dry),Eldoret,Wholesale,2011-10-01,70.33333333333333,,,,WFP,Rift Valley,0.52,35.28,pulses and nuts
Beans (dry),Eldoret,Wholesale,2011-11-01,70.81111111111112,,,,WFP,Rift Valley,0.52,35.28,pulses and nuts
Beans (dry),Eldoret,Wholesale,2011-12-01,58.81111111111111,,,,WFP,Rift Valley,0.52,35.28,pulses and nuts
Beans (dry),Eldoret,Wholesale,2012-01-01,60.0,,,,WFP,Rift Valley,0.52,35.28,pulses and nuts
Beans (dry),Eldoret,Wholesale,2012-02-01,60.0,,,,WFP,Rift Valley,0.52,35.28,pulses and nuts
Beans (dry),Eldoret,Wholesale,2012-03-01,63.0,,,,WFP,Rift Valley,0.52,35.28,pulses and nuts
Beans (dry),Eldoret,Wholesale,2012-04-01,81.4888888888889,,,,WFP,Rift Valley,0.52,35.28,pulses and nuts
Beans (dry),Eldoret,Wholesale,2012-05-01,100.0,,,,WFP,Rift Valley,0.52,35.28,pulses and nuts
Beans (dry),Eldoret,Wholesale,2012-06-01,97.77777777777776,,,,WFP,Rift Valley,0.52,35.28,pulses and nuts
Beans (dry),Eldoret,Wholesale,2012-07-01,85.75555555555556,,,,WFP,Rift Valley,0.52,35.28,pulses and nuts
Beans (dry),Eldoret,Wholesale,2012-08-01,81.33333333333333,,,,WFP,Rift Valley,0.52,35.28,pulses and nuts
Beans (dry),Eldoret,Wholesale,2012-10-01,76.8,,,,WFP,Rift Valley,0.52,35.28,pulses and nuts
Beans (dry),Eldoret,Wholesale,2012-11-01,71.5,,,,WFP,Rift Valley,0.52,35.28,pulses and nuts
Beans (dry),Eldoret,Wholesale,2012-12-01,65.0,,,,WFP,Rift Valley,0.52,35.28,pulses and nuts
Beans (dry),Eldoret,Wholesale,2013-01-01,66.6,,,,WFP,Rift Valley,0.52,35.28,pulses and nuts
Beans (dry),Eldoret,Wholesale,2013-02-01,75.0,,,,WFP,Rift Valley,0.52,35.28,pulses and nuts
Beans (dry),Eldoret,Wholesale,2013-03-01,83.2,,,,WFP,Rift Valley,0.52,35.28,pulses and nuts
Beans (dry),Eldoret,Wholesale,2013-04-01,97.5,,,,WFP,Rift Valley,0.52,35.28,pulses and nuts
Beans (dry),Eldoret,Wholesale,2013-05-01,95.08888888888887,,,,WFP,Rift Valley,0.52,35.28,pulses and nuts
Beans (dry),Eldoret,Wholesale,2013-06-01,77.25555555555556,,,,WFP,Rift Valley,0.52,35.28,pulses and nuts
Beans (dry),Eldoret,Wholesale,2013-07-01,70.6,,,,WFP,Rift Valley,0.52,35.28,pulses and nuts
Beans (dry),Eldoret,Wholesale,2013-08-01,75.0,,,,WFP,Rift Valley,0.52,35.28,pulses and nuts
Beans (dry),Eldoret,Wholesale,2013-09-01,79.25555555555556,,,,WFP,Rift Valley,0.52,35.28,pulses and nuts
Beans (dry),Eldoret,Wholesale,2013-10-01,87.56666666666666,,,,WFP,Rift Valley,0.52,35.28,pulses and nuts
Beans (dry),Eldoret,Wholesale,2013-11-01,94.94444444444444,,,,WFP,Rift Valley,0.52,35.28,pulses and nuts
Beans (dry),Eldoret,Wholesale,2013-12-01,95.0,,,,WFP,Rift Valley,0.52,35.28,pulses and nuts
Beans (dry),Eldoret,Wholesale,2014-01-01,92.81111111111112,,,,WFP,Rift Valley,0.52,35.28,pulses and nuts
Beans (dry),Eldoret,Wholesale,2014-02-01,89.93333333333334,,,,WFP,Rift Valley,0.52,35.28,pulses and nuts
Beans (dry),Eldoret,Wholesale,2014-03-01,94.23611111111111,,,,WFP,Rift Valley,0.52,35.28,pulses and nuts
Beans (dry),Eldoret,Wholesale,2014-04-01,100.0,,,,WFP,Rift Valley,0.52,35.28,pulses and nuts
Beans (dry),Eldoret,Wholesale,2014-05-01,94.76666666666668,,,,WFP,Rift Valley,0.52,35.28,pulses and nuts
Beans (dry),Eldoret,Wholesale,2014-06-01,90.0,,,,WFP,Rift Valley,0.52,35.28,pulses and nuts
Beans (dry),Eldoret,Wholesale,2014-07-01,80.0,,,,WFP,Rift Valley,0.52,35.28,pulses and nuts
Beans (dry),Eldoret,Wholesale,2014-08-01,77.0,,,,WFP,Rift Valley,0.52,35.28,pulses and nuts
Beans (dry),Eldoret,Wholesale,2014-09-01,75.0,,,,WFP,Rift Valley,0.52,35.28,pulses and nuts
Beans (dry),Eldoret,Wholesale,2014-10-01,81.11111111111111,,,,WFP,Rift Valley,0.52,35.28,pulses and nuts
Beans (dry),Eldoret,Wholesale,2014-11-01,83.0,,,,WFP,Rift Valley,0.52,35.28,pulses and nuts
Beans (dry),Eldoret,Wholesale,2014-12-01,90.0,,,,WFP,Rift Valley,0.52,35.28,pulses and nuts
Beans (dry),Eldoret,Wholesale,2015-01-01,90.0,,,,WFP,Rift Valley,0.52,35.28,pulses and nuts
Beans (dry),Eldoret,Wholesale,2015-02-01,95.5,,,,WFP,Rift Valley,0.52,35.28,pulses and nuts
Beans (dry),Eldoret,Wholesale,2015-03-01,90.83333333333331,,,,WFP,Rift Valley,0.52,35.28,pulses and nuts
Beans (dry),Eldoret,Wholesale,2015-04-01,76.66666666666667,,,,WFP,Rift Valley,0.52,35.28,pulses and nuts
Beans (dry),Eldoret,Wholesale,2015-05-01,75.0,,,,WFP,Rift Valley,0.52,35.28,pulses and nuts
Beans (dry),Eldoret,Wholesale,2015-06-01,71.43333333333334,,,,WFP,Rift Valley,0.52,35.28,pulses and nuts
Beans (dry),Eldoret,Wholesale,2015-07-01,69.18522222222222,,,,WFP,Rift Valley,0.52,35.28,pulses and nuts
Beans (dry),Eldoret,Wholesale,2015-08-01,62.5,,,,WFP,Rift Valley,0.52,35.28,pulses and nuts
Beans (dry),Eldoret,Wholesale,2015-09-01,60.0,,,,WFP,Rift Valley,0.52,35.28,pulses and nuts
Beans (dry),Eldoret,Wholesale,2015-10-01,70.42222222222222,,,,WFP,Rift Valley,0.52,35.28,pulses and nuts
Beans (dry),Eldoret,Wholesale,2015-11-01,77.5,,,,WFP,Rift Valley,0.52,35.28,pulses and nuts
Beans (dry),Eldoret,Wholesale,2015-12-01,79.33333333333333,,,,WFP,Rift Valley,0.52,35.28,pulses and nuts
Beans (dry),Eldoret,Wholesale,2016-01-01,77.77777777777777,,,,WFP,Rift Valley,0.52,35.28,pulses and nuts
Beans (dry),Eldoret,Wholesale,2016-02-01,75.22222222222223,,,,WFP,Rift Valley,0.52,35.28,pulses and nuts
Beans (dry),Eldoret,Wholesale,2016-03-01,85.2,,,,WFP,Rift Valley,0.52,35.28,pulses and nuts
Beans (dry),Eldoret,Wholesale,2016-04-01,92.5,,,,WFP,Rift Valley,0.52,35.28,pulses and nuts
Beans (dry),Eldoret,Wholesale,2016-05-01,90.0,,,,WFP,Rift Valley,0.52,35.28,pulses and nuts
Beans (dry),Eldoret,Wholesale,2016-06-01,90.0,,,,WFP,Rift Valley,0.52,35.28,pulses and nuts
Beans (dry),Eldoret,Wholesale,2016-07-01,88.75,,,,WFP,Rift Valley,0.52,35.28,pulses and nuts
Beans (dry),Eldoret,Wholesale,2016-08-01,85.0,,,,WFP,Rift Valley,0.52,35.28,pulses and nuts
Beans (dry),Eldoret,Wholesale,2016-09-01,84.0,,,,WFP,Rift Valley,0.52,35.28,pulses and nuts
Beans (dry),Eldoret,Wholesale,2016-10-01,76.25,,,,WFP,Rift Valley,0.52,35.28,pulses and nuts
Beans (dry),Eldoret,Wholesale,2016-11-01,75.0,,,,WFP,Rift Valley,0.52,35.28,pulses and nuts
Beans (dry),Eldoret,Wholesale,2016-12-01,77.5,,,,WFP,Rift Valley,0.52,35.28,pulses and nuts
Beans (dry),Eldoret,Wholesale,2017-01-01,82.0,,,,WFP,Rift Valley,0.52,35.28,pulses and nuts
Beans (dry),Eldoret,Wholesale,2017-02-01,90.0,,,,WFP,Rift Valley,0.52,35.28,pulses and nuts
Beans (dry),Eldoret,Wholesale,2017-03-01,96.0,,,,WFP,Rift Valley,0.52,35.28,pulses and nuts
Beans (dry),Eldoret,Wholesale,2017-04-01,110.0,,,,WFP,Rift Valley,0.52,35.28,pulses and nuts
Beans (dry),Eldoret,Wholesale,2017-05-01,110.0,,,,WFP,Rift Valley,0.52,35.28,pulses and nuts
Beans (dry),Eldoret,Wholesale,2017-06-01,102.0,,,,WFP,Rift Valley,0.52,35.28,pulses and nuts
Beans (dry),Eldoret,Wholesale,2017-07-01,115.0,,,,WFP,Rift Valley,0.52,35.28,pulses and nuts
Beans (dry),Eldoret,Wholesale,2017-08-01,109.6,,,,WFP,Rift Valley,0.52,35.28,pulses and nuts
Beans (dry),Eldoret,Wholesale,2017-09-01,98.0,,,,WFP,Rift Valley,0.52,35.28,pulses and nuts
Beans (dry),Eldoret,Wholesale,2017-10-01,95.77777777777776,,,,WFP,Rift Valley,0.52,35.28,pulses and nuts
Beans (dry),Eldoret,Wholesale,2017-11-01,100.0,,,,WFP,Rift Valley,0.52,35.28,pulses and nuts
Beans (dry),Eldoret,Wholesale,2017-12-01,93.125,,,,WFP,Rift Valley,0.52,35.28,pulses and nuts
Beans (dry),Eldoret,Wholesale,2018-01-01,98.8,,,,WFP,Rift Valley,0.52,35.28,pulses and nuts
Beans (dry),Eldoret,Wholesale,2018-02-01,85.33333333333333,,,,WFP,Rift Valley,0.52,35.28,pulses and nuts
Beans (dry),Eldoret,Wholesale,2018-03-01,90.0,,,,WFP,Rift Valley,0.52,35.28,pulses and nuts
Beans (dry),Eldoret,Wholesale,2018-04-01,90.0,,,,WFP,Rift Valley,0.52,35.28,pulses and nuts
Beans (dry),Eldoret,Wholesale,2018-05-01,84.2,,,,WFP,Rift Valley,0.52,35.28,pulses and nuts
Beans (dry),Eldoret,Wholesale,2018-06-01,80.0,,,,WFP,Rift Valley,0.52,35.28,pulses and nuts
Beans (dry),Eldoret,Wholesale,2018-07-01,81.25,,,,WFP,Rift Valley,0.52,35.28,pulses and nuts
Beans (dry),Eldoret,Wholesale,2018-08-01,85.0,,,,WFP,Rift Valley,0.52,35.28,pulses and nuts
Beans (dry),Eldoret,Wholesale,2018-09-01,82.75,,,,WFP,Rift Valley,0.52,35.28,pulses and nuts
Beans (dry),Eldoret,Wholesale,2018-10-01,78.75,,,,WFP,Rift Valley,0.52,35.28,pulses and nuts
Beans (dry),Eldoret,Wholesale,2018-11-01,80.0,,,,WFP,Rift Valley,0.52,35.28,pulses and nuts
Beans (dry),Eldoret,Wholesale,2018-12-01,84.56244444444444,,,,WFP,Rift Valley,0.52,35.28,pulses and nuts
Beans (dry),Eldoret,Wholesale,2019-01-01,97.83333333333331,,,,WFP,Rift Valley,0.52,35.28,pulses and nuts
Beans (dry),Eldoret,Wholesale,2019-02-01,91.75,,,,WFP,Rift Valley,0.52,35.28,pulses and nuts
Beans (dry),Eldoret,Wholesale,2019-03-01,96.6,,,,WFP,Rift Valley,0.52,35.28,pulses and nuts
Beans (dry),Eldoret,Wholesale,2019-04-01,108.0,,,,WFP,Rift Valley,0.52,35.28,pulses and nuts
Beans (dry),Eldoret,Wholesale,2019-05-01,110.0,,,,WFP,Rift Valley,0.52,35.28,pulses and nuts
Beans (dry),Eldoret,Wholesale,2019-06-01,108.0,,,,WFP,Rift Valley,0.52,35.28,pulses and nuts
Beans (dry),Eldoret,Wholesale,2019-07-01,100.0,,,,WFP,Rift Valley,0.52,35.28,pulses and nuts
Beans (dry),Eldoret,Wholesale,2019-08-01,95.0,,,,WFP,Rift Valley,0.52,35.28,pulses and nuts
Beans (dry),Eldoret,Wholesale,2019-09-01,90.0,,,,WFP,Rift Valley,0.52,35.28,pulses and nuts
Beans (dry),Eldoret,Wholesale,2019-10-01,86.5,,,,FEWS+WFP,Rift Valley,0.52,35.28,pulses and nuts
Beans (dry),Eldoret,Wholesale,2019-11-01,88.5,,,,FEWS+WFP,Rift Valley,0.52,35.28,pulses and nuts
Beans (dry),Eldoret,Wholesale,2019-12-01,90.0,,,,FEWS+WFP,Rift Valley,0.52,35.28,pulses and nuts
Beans (dry),Eldoret,Wholesale,2020-01-01,90.0,,,,FEWS+WFP,Rift Valley,0.52,35.28,pulses and nuts
Beans (dry),Eldoret,Wholesale,2020-02-01,105.0,,,,FEWS+WFP,Rift Valley,0.52,35.28,pulses and nuts
Beans (dry),Eldoret,Wholesale,2020-03-01,110.0,,,,FEWS+WFP,Rift Valley,0.52,35.28,pulses and nuts
Beans (dry),Eldoret,Wholesale,2020-04-01,110.0,,,,FEWS,Rift Valley,0.52,35.28,pulses and nuts
Beans (dry),Eldoret,Wholesale,2020-05-01,116.66666666666667,,,,FEWS,Rift Valley,0.52,35.28,pulses and nuts
Beans (dry),Eldoret,Wholesale,2020-06-01,133.45555555555555,,,,FEWS,Rift Valley,0.52,35.28,pulses and nuts
Beans (dry),Eldoret,Wholesale,2020-07-01,170.0,,,,FEWS,Rift Valley,0.52,35.28,pulses and nuts
Beans (dry),Eldoret,Wholesale,2020-08-01,156.5,,,,FEWS,Rift Valley,0.52,35.28,pulses and nuts
Beans (dry),Eldoret,Wholesale,2020-09-01,88.88888888888889,,,,FEWS,Rift Valley,0.52,35.28,pulses and nuts
Beans (dry),Eldoret,Wholesale,2020-10-01,88.88888888888889,,,,FEWS,Rift Valley,0.52,35.28,pulses and nuts
Beans (dry),Eldoret,Wholesale,2020-11-01,88.88888888888889,,,,FEWS,Rift Valley,0.52,35.28,pulses and nuts
Beans (dry),Eldoret,Wholesale,2021-02-01,117.5,,,,FEWS,Rift Valley,0.52,35.28,pulses and nuts
Beans (dry),Eldoret,Wholesale,2021-03-01,110.0,,,,FEWS,Rift Valley,0.52,35.28,pulses and nuts
Beans (dry),Eldoret,Wholesale,2021-04-01,110.0,,,,FEWS,Rift Valley,0.52,35.28,pulses and nuts
Beans (dry),Eldoret,Wholesale,2021-05-01,94.92222222222222,,,,FEWS,Rift Valley,0.52,35.28,pulses and nuts
Beans (dry),Eldoret,Wholesale,2021-06-01,101.15555555555555,,,,FEWS,Rift Valley,0.52,35.28,pulses and nuts
Beans (dry),Eldoret,Wholesale,2021-07-01,115.0,,,,FEWS,Rift Valley,0.52,35.28,pulses and nuts
Beans (dry),Eldoret,Wholesale,2021-08-01,111.66666666666667,,,,FEWS,Rift Valley,0.52,35.28,pulses and nuts
Beans (dry),Eldoret,Wholesale,2021-09-01,115.0,,,,FEWS,Rift Valley,0.52,35.28,pulses and nuts
Beans (dry),Eldoret,Wholesale,2021-10-01,115.0,,,,FEWS,Rift Valley,0.52,35.28,pulses and nuts
Beans (dry),Eldoret,Wholesale,2021-11-01,85.0,,,,FEWS,Rift Valley,0.52,35.28,pulses and nuts
Beans (dry),Eldoret,Wholesale,2021-12-01,72.8,,,,FEWS,Rift Valley,0.52,35.28,pulses and nuts
Beans (dry),Eldoret,Wholesale,2022-01-01,68.9732145,,,,KAMIS,Rift Valley,0.52,35.28,pulses and nuts
Beans (dry),Eldoret,Wholesale,2022-02-01,80.1,,,,KAMIS,Rift Valley,0.52,35.28,pulses and nuts
Beans (dry),Eldoret,Wholesale,2022-03-01,79.0381945,,,,KAMIS,Rift Valley,0.52,35.28,pulses and nuts
Beans (dry),Eldoret,Wholesale,2022-04-01,95.33333350000001,,,,KAMIS,Rift Valley,0.52,35.28,pulses and nuts
Beans (dry),Eldoret,Wholesale,2022-05-01,101.7142855,,,,KAMIS,Rift Valley,0.52,35.28,pulses and nuts
Beans (dry),Eldoret,Wholesale,2022-06-01,93.875,,,,KAMIS,Rift Valley,0.52,35.28,pulses and nuts
Beans (dry),Eldoret,Wholesale,2022-07-01,108.7142855,,,,KAMIS,Rift Valley,0.52,35.28,pulses and nuts
Beans (dry),Eldoret,Wholesale,2022-08-01,112.6511905,,,,KAMIS,Rift Valley,0.52,35.28,pulses and nuts
Beans (dry),Eldoret,Wholesale,2022-09-01,116.0285715,,,,KAMIS,Rift Valley,0.52,35.28,pulses and nuts
Beans (dry),Eldoret,Wholesale,2022-10-01,124.08333350000001,,,,KAMIS,Rift Valley,0.52,35.28,pulses and nuts
Beans (dry),Eldoret,Wholesale,2022-11-01,122.8125,,,,KAMIS,Rift Valley,0.52,35.28,pulses and nuts
Beans (dry),Eldoret,Wholesale,2022-12-01,135.65,,,,KAMIS,Rift Valley,0.52,35.28,pulses and nuts
Beans (dry),Eldoret,Wholesale,2023-01-01,135.57272749999998,,,,KAMIS,Rift Valley,0.52,35.28,pulses and nuts
Beans (dry),Eldoret,Wholesale,2023-02-01,150.7155795,,,,KAMIS,Rift Valley,0.52,35.28,pulses and nuts
Beans (dry),Eldoret,Wholesale,2023-03-01,166.10197349999999,,,,KAMIS,Rift Valley,0.52,35.28,pulses and nuts
Beans (dry),Eldoret,Wholesale,2023-04-01,173.71428550000002,,,,KAMIS,Rift Valley,0.52,35.28,pulses and nuts
Beans (dry),Eldoret,Wholesale,2023-05-01,196.46153850000002,,,,KAMIS,Rift Valley,0.52,35.28,pulses and nuts
Beans (dry),Eldoret,Wholesale,2023-06-01,199.08333349999998,,,,KAMIS,Rift Valley,0.52,35.28,pulses and nuts
Beans (dry),Eldoret,Wholesale,2023-07-01,173.9375,,,,KAMIS,Rift Valley,0.52,35.28,pulses and nuts
Beans (dry),Eldoret,Wholesale,2023-08-01,149.1355555,,,,KAMIS,Rift Valley,0.52,35.28,pulses and nuts
Beans (dry),Eldoret,Wholesale,2023-09-01,176.388889,,,,KAMIS,Rift Valley,0.52,35.28,pulses and nuts
Beans (dry),Eldoret,Wholesale,2023-10-01,176.78571449999998,,,,KAMIS,Rift Valley,0.52,35.28,pulses and nuts
Beans (dry),Eldoret,Wholesale,2023-11-01,189.375,,,,KAMIS,Rift Valley,0.52,35.28,pulses and nuts
Beans (dry),Eldoret,Wholesale,2024-02-01,175.0,,,,KAMIS,Rift Valley,0.52,35.28,pulses and nuts
Beans (dry),Eldoret,Wholesale,2024-03-01,190.0,,,,KAMIS,Rift Valley,0.52,35.28,pulses and nuts
Beans (dry),Eldoret,Wholesale,2024-08-01,150.0,,,,KAMIS,Rift Valley,0.52,35.28,pulses and nuts
Beans (dry),Eldoret,Wholesale,2024-09-01,150.0,,,,KAMIS,Rift Valley,0.52,35.28,pulses and nuts
Beans (dry),Eldoret,Wholesale,2025-05-01,175.0,,,,KAMIS,Rift Valley,0.52,35.28,pulses and nuts
Beans (dry),Eldoret,Wholesale,2025-06-01,175.0,,,,KAMIS,Rift Valley,0.52,35.28,pulses and nuts
Beans (dry),Eldoret,Wholesale,2026-08-01,103.760357,,,,KAMIS,Rift Valley,0.52,35.28,pulses and nuts
Beans (dry),Eldoret,Wholesale,2026-09-01,153.125,,,,KAMIS,Rift Valley,0.52,35.28,pulses and nuts
Beans (dry),Kisumu,Wholesale,2006-01-01,44.44444444444444,,,,WFP,Nyanza,-0.1,34.75,pulses and nuts
Beans (dry),Kisumu,Wholesale,2006-02-01,44.44444444444444,,,,WFP,Nyanza,-0.1,34.75,pulses and nuts
Beans (dry),Kisumu,Wholesale,2006-03-01,50.16666666666666,,,,WFP,Nyanza,-0.1,34.75,pulses and nuts
Beans (dry),Kisumu,Wholesale,2006-04-01,51.55555555555556,,,,WFP,Nyanza,-0.1,34.75,pulses and nuts
Beans (dry),Kisumu,Wholesale,2006-05-01,50.477777777777774,,,,WFP,Nyanza,-0.1,34.75,pulses and nuts
Beans (dry),Kisumu,Wholesale,2006-06-01,37.11111111111112,,,,WFP,Nyanza,-0.1,34.75,pulses and nuts
Beans (dry),Kisumu,Wholesale,2006-07-01,35.55555555555556,,,,WFP,Nyanza,-0.1,34.75,pulses and nuts
Beans (dry),Kisumu,Wholesale,2006-08-01,30.855555555555554,,,,WFP,Nyanza,-0.1,34.75,pulses and nuts
Beans (dry),Kisumu,Wholesale,2006-09-01,31.23333333333333,,,,WFP,Nyanza,-0.1,34.75,pulses and nuts
Beans (dry),Kisumu,Wholesale,2007-01-01,36.66666666666666,,,,WFP,Nyanza,-0.1,34.75,pulses and nuts
Beans (dry),Kisumu,Wholesale,2007-02-01,35.22222222222222,,,,WFP,Nyanza,-0.1,34.75,pulses and nuts
Beans (dry),Kisumu,Wholesale,2007-03-01,39.22222222222222,,,,WFP,Nyanza,-0.1,34.75,pulses and nuts
Beans (dry),Kisumu,Wholesale,2007-04-01,40.0,,,,WFP,Nyanza,-0.1,34.75,pulses and nuts
Beans (dry),Kisumu,Wholesale,2007-05-01,36.18888888888889,,,,WFP,Nyanza,-0.1,34.75,pulses and nuts
Beans (dry),Kisumu,Wholesale,2007-06-01,35.55555555555556,,,,WFP,Nyanza,-0.1,34.75,pulses and nuts
Beans (dry),Kisumu,Wholesale,2007-07-01,41.477777777777774,,,,WFP,Nyanza,-0.1,34.75,pulses and nuts
Beans (dry),Kisumu,Wholesale,2007-08-01,44.44444444444444,,,,WFP,Nyanza,-0.1,34.75,pulses and nuts
Beans (dry),Kisumu,Wholesale,2007-09-01,37.94444444444444,,,,WFP,Nyanza,-0.1,34.75,pulses and nuts
Beans (dry),Kisumu,Wholesale,2007-11-01,44.44444444444444,,,,WFP,Nyanza,-0.1,34.75,pulses and nuts
Beans (dry),Kisumu,Wholesale,2007-12-01,44.44444444444444,,,,WFP,Nyanza,-0.1,34.75,pulses and nuts
Beans (dry),Kisumu,Wholesale,2008-02-01,83.33333333333333,,,,WFP,Nyanza,-0.1,34.75,pulses and nuts
Beans (dry),Kisumu,Wholesale,2008-03-01,83.33333333333333,,,,WFP,Nyanza,-0.1,34.75,pulses and nuts
Beans (dry),Kisumu,Wholesale,2008-04-01,68.88888888888889,,,,WFP,Nyanza,-0.1,34.75,pulses and nuts
Beans (dry),Kisumu,Wholesale,2008-05-01,62.74444444444445,,,,WFP,Nyanza,-0.1,34.75,pulses and nuts
Beans (dry),Kisumu,Wholesale,2008-06-01,53.333333333333336,,,,WFP,Nyanza,-0.1,34.75,pulses and nuts
Beans (dry),Kisumu,Wholesale,2008-07-01,48.3,,,,WFP,Nyanza,-0.1,34.75,pulses and nuts
Beans (dry),Kisumu,Wholesale,2008-08-01,53.333333333333336,,,,WFP,Nyanza,-0.1,34.75,pulses and nuts
Beans (dry),Kisumu,Wholesale,2008-09-01,53.333333333333336,,,,WFP,Nyanza,-0.1,34.75,pulses and nuts
Beans (dry),Kisumu,Wholesale,2008-10-01,53.333333333333336,,,,WFP,Nyanza,-0.1,34.75,pulses and nuts
Beans (dry),Kisumu,Wholesale,2009-01-01,70.83333333333333,,,,WFP,Nyanza,-0.1,34.75,pulses and nuts
Beans (dry),Kisumu,Wholesale,2009-02-01,70.88888888888889,,,,WFP,Nyanza,-0.1,34.75,pulses and nuts
Beans (dry),Kisumu,Wholesale,2009-03-01,69.33333333333333,,,,WFP,Nyanza,-0.1,34.75,pulses and nuts
Beans (dry),Kisumu,Wholesale,2009-04-01,65.33333333333333,,,,WFP,Nyanza,-0.1,34.75,pulses and nuts
Beans (dry),Kisumu,Wholesale,2009-05-01,59.75555555555555,,,,WFP,Nyanza,-0.1,34.75,pulses and nuts
Beans (dry),Kisumu,Wholesale,2009-06-01,48.61111111111112,,,,WFP,Nyanza,-0.1,34.75,pulses and nuts
Beans (dry),Kisumu,Wholesale,2009-07-01,47.977777777777774,,,,WFP,Nyanza,-0.1,34.75,pulses and nuts
Beans (dry),Kisumu,Wholesale,2009-08-01,48.888888888888886,,,,WFP,Nyanza,-0.1,34.75,pulses and nuts
Beans (dry),Kisumu,Wholesale,2009-10-01,61.66666666666666,,,,WFP,Nyanza,-0.1,34.75,pulses and nuts
Beans (dry),Kisumu,Wholesale,2009-12-01,57.73333333333333,,,,WFP,Nyanza,-0.1,34.75,pulses and nuts
Beans (dry),Kisumu,Wholesale,2010-01-01,51.2,,,,WFP,Nyanza,-0.1,34.75,pulses and nuts
Beans (dry),Kisumu,Wholesale,2010-02-01,50.0,,,,WFP,Nyanza,-0.1,34.75,pulses and nuts
Beans (dry),Kisumu,Wholesale,2010-03-01,50.66666666666666,,,,WFP,Nyanza,-0.1,34.75,pulses and nuts
Beans (dry),Kisumu,Wholesale,2010-04-01,51.922222222222224,,,,WFP,Nyanza,-0.1,34.75,pulses and nuts
Beans (dry),Kisumu,Wholesale,2010-05-01,48.08888888888889,,,,WFP,Nyanza,-0.1,34.75,pulses and nuts
Beans (dry),Kisumu,Wholesale,2010-06-01,47.24444444444445,,,,WFP,Nyanza,-0.1,34.75,pulses and nuts
Beans (dry),Kisumu,Wholesale,2010-07-01,42.44444444444444,,,,WFP,Nyanza,-0.1,34.75,pulses and nuts
Beans (dry),Kisumu,Wholesale,2010-08-01,45.922222222222224,,,,WFP,Nyanza,-0.1,34.75,pulses and nuts
Beans (dry),Kisumu,Wholesale,2010-12-01,57.28888888888889,,,,WFP,Nyanza,-0.1,34.75,pulses and nuts
Beans (dry),Kisumu,Wholesale,2011-01-01,59.11111111111112,,,,WFP,Nyanza,-0.1,34.75,pulses and nuts
Beans (dry),Kisumu,Wholesale,2011-02-01,58.66666666666666,,,,WFP,Nyanza,-0.1,34.75,pulses and nuts
Beans (dry),Kisumu,Wholesale,2011-03-01,65.33333333333333,,,,WFP,Nyanza,-0.1,34.75,pulses and nuts
Beans (dry),Kisumu,Wholesale,2011-04-01,70.0,,,,WFP,Nyanza,-0.1,34.75,pulses and nuts
Beans (dry),Kisumu,Wholesale,2011-05-01,87.63333333333334,,,,WFP,Nyanza,-0.1,34.75,pulses and nuts
Beans (dry),Kisumu,Wholesale,2011-06-01,84.44444444444444,,,,WFP,Nyanza,-0.1,34.75,pulses and nuts
Beans (dry),Kisumu,Wholesale,2011-07-01,78.0,,,,WFP,Nyanza,-0.1,34.75,pulses and nuts
Beans (dry),Kisumu,Wholesale,2011-08-01,79.25555555555556,,,,WFP,Nyanza,-0.1,34.75,pulses and nuts
Beans (dry),Kisumu,Wholesale,2011-09-01,76.08888888888889,,,,WFP,Nyanza,-0.1,34.75,pulses and nuts
Beans (dry),Kisumu,Wholesale,2012-01-01,72.22222222222223,,,,WFP,Nyanza,-0.1,34.75,pulses and nuts
Beans (dry),Kisumu,Wholesale,2012-02-01,74.44444444444444,,,,WFP,Nyanza,-0.1,34.75,pulses and nuts
Beans (dry),Kisumu,Wholesale,2012-03-01,75.55555555555556,,,,WFP,Nyanza,-0.1,34.75,pulses and nuts
Beans (dry),Kisumu,Wholesale,2012-04-01,76.22222222222223,,,,WFP,Nyanza,-0.1,34.75,pulses and nuts
Beans (dry),Kisumu,Wholesale,2012-05-01,88.88888888888889,,,,WFP,Nyanza,-0.1,34.75,pulses and nuts
Beans (dry),Kisumu,Wholesale,2012-06-01,80.33333333333333,,,,WFP,Nyanza,-0.1,34.75,pulses and nuts
Beans (dry),Kisumu,Wholesale,2012-07-01,74.94444444444444,,,,WFP,Nyanza,-0.1,34.75,pulses and nuts
Beans (dry),Kisumu,Wholesale,2012-08-01,71.33333333333333,,,,WFP,Nyanza,-0.1,34.75,pulses and nuts
Beans (dry),Kisumu,Wholesale,2012-09-01,68.88888888888889,,,,WFP,Nyanza,-0.1,34.75,pulses and nuts
Beans (dry),Kisumu,Wholesale,2012-10-01,68.58888888888889,,,,WFP,Nyanza,-0.1,34.75,pulses and nuts
Beans (dry),Kisumu,Wholesale,2013-01-01,66.22222222222223,,,,WFP,Nyanza,-0.1,34.75,pulses and nuts
Beans (dry),Kisumu,Wholesale,2013-02-01,66.77777777777777,,,,WFP,Nyanza,-0.1,34.75,pulses and nuts
Beans (dry),Kisumu,Wholesale,2013-03-01,75.2,,,,WFP,Nyanza,-0.1,34.75,pulses and nuts
Beans (dry),Kisumu,Wholesale,2013-04-01,80.0,,,,WFP,Nyanza,-0.1,34.75,pulses and nuts
Beans (dry),Kisumu,Wholesale,2013-05-01,79.6,,,,WFP,Nyanza,-0.1,34.75,pulses and nuts
Beans (dry),Kisumu,Wholesale,2013-06-01,77.33333333333333,,,,WFP,Nyanza,-0.1,34.75,pulses and nuts
Beans (dry),Kisumu,Wholesale,2013-07-01,72.93333333333334,,,,WFP,Nyanza,-0.1,34.75,pulses and nuts
Beans (dry),Kisumu,Wholesale,2013-08-01,69.94444444444444,,,,WFP,Nyanza,-0.1,34.75,pulses and nuts
Beans (dry),Kisumu,Wholesale,2013-09-01,78.22222222222223,,,,WFP,Nyanza,-0.1,34.75,pulses and nuts
Beans (dry),Kisumu,Wholesale,2013-10-01,80.0,,,,WFP,Nyanza,-0.1,34.75,pulses and nuts
Beans (dry),Kisumu,Wholesale,2014-01-01,75.55555555555556,,,,WFP,Nyanza,-0.1,34.75,pulses and nuts
Beans (dry),Kisumu,Wholesale,2014-02-01,80.0,,,,WFP,Nyanza,-0.1,34.75,pulses and nuts
Beans (dry),Kisumu,Wholesale,2014-03-01,85.11111111111111,,,,WFP,Nyanza,-0.1,34.75,pulses and nuts
Beans (dry),Kisumu,Wholesale,2014-04-01,88.88888888888889,,,,WFP,Nyanza,-0.1,34.75,pulses and nuts
Beans (dry),Kisumu,Wholesale,2014-05-01,86.9888888888889,,,,WFP,Nyanza,-0.1,34.75,pulses and nuts
Beans (dry),Kisumu,Wholesale,2014-06-01,85.07777777777778,,,,WFP,Nyanza,-0.1,34.75,pulses and nuts
Beans (dry),Kisumu,Wholesale,2014-07-01,79.87299999999999,,,,WFP,Nyanza,-0.1,34.75,pulses and nuts
Beans (dry),Kisumu,Wholesale,2014-08-01,76.20366666666666,,,,WFP,Nyanza,-0.1,34.75,pulses and nuts
Beans (dry),Kisumu,Wholesale,2014-09-01,75.55555555555556,,,,WFP,Nyanza,-0.1,34.75,pulses and nuts
Beans (dry),Kisumu,Wholesale,2014-10-01,75.34388888888888,,,,WFP,Nyanza,-0.1,34.75,pulses and nuts
Beans (dry),Kisumu,Wholesale,2014-11-01,75.55555555555556,,,,WFP,Nyanza,-0.1,34.75,pulses and nuts
Beans (dry),Kisumu,Wholesale,2015-01-01,76.26666666666667,,,,WFP,Nyanza,-0.1,34.75,pulses and nuts
Beans (dry),Kisumu,Wholesale,2015-02-01,71.61111111111111,,,,WFP,Nyanza,-0.1,34.75,pulses and nuts
Beans (dry),Kisumu,Wholesale,2015-03-01,80.0,,,,WFP,Nyanza,-0.1,34.75,pulses and nuts
Beans (dry),Kisumu,Wholesale,2015-04-01,82.96666666666667,,,,WFP,Nyanza,-0.1,34.75,pulses and nuts
Beans (dry),Kisumu,Wholesale,2015-05-01,86.04444444444445,,,,WFP,Nyanza,-0.1,34.75,pulses and nuts
Beans (dry),Kisumu,Wholesale,2015-06-01,87.77777777777777,,,,WFP,Nyanza,-0.1,34.75,pulses and nuts
Beans (dry),Kisumu,Wholesale,2015-07-01,77.037,,,,WFP,Nyanza,-0.1,34.75,pulses and nuts
Beans (dry),Kisumu,Wholesale,2015-08-01,75.55555555555556,,,,WFP,Nyanza,-0.1,34.75,pulses and nuts
Beans (dry),Kisumu,Wholesale,2015-10-01,71.78888888888889,,,,WFP,Nyanza,-0.1,34.75,pulses and nuts
Beans (dry),Kisumu,Wholesale,2015-11-01,75.55555555555556,,,,WFP,Nyanza,-0.1,34.75,pulses and nuts
Beans (dry),Kisumu,Wholesale,2016-01-01,75.55555555555556,,,,WFP,Nyanza,-0.1,34.75,pulses and nuts
Beans (dry),Kisumu,Wholesale,2016-02-01,76.22222222222223,,,,WFP,Nyanza,-0.1,34.75,pulses and nuts
Beans (dry),Kisumu,Wholesale,2016-03-01,86.75555555555556,,,,WFP,Nyanza,-0.1,34.75,pulses and nuts
Beans (dry),Kisumu,Wholesale,2016-05-01,88.88888888888889,,,,WFP,Nyanza,-0.1,34.75,pulses and nuts
Beans (dry),Kisumu,Wholesale,2016-06-01,82.0,,,,WFP,Nyanza,-0.1,34.75,pulses and nuts
Beans (dry),Kisumu,Wholesale,2016-07-01,82.22222222222223,,,,WFP,Nyanza,-0.1,34.75,pulses and nuts
Beans (dry),Kisumu,Wholesale,2016-08-01,80.0,,,,WFP,Nyanza,-0.1,34.75,pulses and nuts
Beans (dry),Kisumu,Wholesale,2016-10-01,80.0,,,,WFP,Nyanza,-0.1,34.75,pulses and nuts
Beans (dry),Kisumu,Wholesale,2017-01-01,88.0,,,,WFP,Nyanza,-0.1,34.75,pulses and nuts
Beans (dry),Kisumu,Wholesale,2017-02-01,94.11111111111111,,,,WFP,Nyanza,-0.1,34.75,pulses and nuts
Beans (dry),Kisumu,Wholesale,2017-03-01,106.84444444444443,,,,WFP,Nyanza,-0.1,34.75,pulses and nuts
Beans (dry),Kisumu,Wholesale,2017-04-01,111.11111111111111,,,,WFP,Nyanza,-0.1,34.75,pulses and nuts
Beans (dry),Kisumu,Wholesale,2017-05-01,110.22222222222224,,,,WFP,Nyanza,-0.1,34.75,pulses and nuts
Beans (dry),Kisumu,Wholesale,2017-06-01,97.42222222222222,,,,WFP,Nyanza,-0.1,34.75,pulses and nuts
Beans (dry),Kisumu,Wholesale,2017-07-01,80.0,,,,WFP,Nyanza,-0.1,34.75,pulses and nuts
Beans (dry),Kisumu,Wholesale,2017-08-01,80.0,,,,WFP,Nyanza,-0.1,34.75,pulses and nuts
Beans (dry),Kisumu,Wholesale,2017-12-01,84.88888888888889,,,,WFP,Nyanza,-0.1,34.75,pulses and nuts
Beans (dry),Kisumu,Wholesale,2018-01-01,84.44444444444444,,,,WFP,Nyanza,-0.1,34.75,pulses and nuts
Beans (dry),Kisumu,Wholesale,2018-02-01,84.44444444444444,,,,WFP,Nyanza,-0.1,34.75,pulses and nuts
Beans (dry),Kisumu,Wholesale,2018-03-01,96.66666666666669,,,,WFP,Nyanza,-0.1,34.75,pulses and nuts
Beans (dry),Kisumu,Wholesale,2018-04-01,97.77777777777776,,,,WFP,Nyanza,-0.1,34.75,pulses and nuts
Beans (dry),Kisumu,Wholesale,2018-05-01,89.33333333333333,,,,WFP,Nyanza,-0.1,34.75,pulses and nuts
Beans (dry),Kisumu,Wholesale,2018-06-01,78.0,,,,WFP,Nyanza,-0.1,34.75,pulses and nuts
Beans (dry),Kisumu,Wholesale,2018-07-01,71.22222222222223,,,,WFP,Nyanza,-0.1,34.75,pulses and nuts
Beans (dry),Kisumu,Wholesale,2018-08-01,68.1481111111111,,,,WFP,Nyanza,-0.1,34.75,pulses and nuts
Beans (dry),Kisumu,Wholesale,2018-09-01,65.83333333333333,,,,WFP,Nyanza,-0.1,34.75,pulses and nuts
Beans (dry),Kisumu,Wholesale,2018-10-01,76.66666666666667,,,,WFP,Nyanza,-0.1,34.75,pulses and nuts
Beans (dry),Kisumu,Wholesale,2019-01-01,81.24444444444444,,,,WFP,Nyanza,-0.1,34.75,pulses and nuts
Beans (dry),Kisumu,Wholesale,2019-02-01,88.88888888888889,,,,WFP,Nyanza,-0.1,34.75,pulses and nuts
Beans (dry),Kisumu,Wholesale,2019-03-01,88.88888888888889,,,,WFP,Nyanza,-0.1,34.75,pulses and nuts
Beans (dry),Kisumu,Wholesale,2019-04-01,93.33333333333331,,,,WFP,Nyanza,-0.1,34.75,pulses and nuts
Beans (dry),Kisumu,Wholesale,2019-05-01,106.66666666666669,,,,WFP,Nyanza,-0.1,34.75,pulses and nuts
Beans (dry),Kisumu,Wholesale,2019-06-01,103.55555555555556,,,,WFP,Nyanza,-0.1,34.75,pulses and nuts
Beans (dry),Kisumu,Wholesale,2019-07-01,108.44444444444444,,,,WFP,Nyanza,-0.1,34.75,pulses and nuts
Beans (dry),Kisumu,Wholesale,2019-08-01,102.22222222222224,,,,WFP,Nyanza,-0.1,34.75,pulses and nuts
Beans (dry),Kisumu,Wholesale,2019-10-01,102.22222222222223,,,,FEWS+WFP,Nyanza,-0.1,34.75,pulses and nuts
Beans (dry),Kisumu,Wholesale,2019-11-01,100.0,,,,FEWS,Nyanza,-0.1,34.75,pulses and nuts
Beans (dry),Kisumu,Wholesale,2019-12-01,110.0,,,,FEWS,Nyanza,-0.1,34.75,pulses and nuts
Beans (dry),Kisumu,Wholesale,2020-01-01,130.0,,,,FEWS,Nyanza,-0.1,34.75,pulses and nuts
Beans (dry),Kisumu,Wholesale,2020-02-01,102.22222222222223,,,,FEWS,Nyanza,-0.1,34.75,pulses and nuts
Beans (dry),Kisumu,Wholesale,2020-06-01,150.0,,,,FEWS,Nyanza,-0.1,34.75,pulses and nuts
Beans (dry),Kisumu,Wholesale,2020-07-01,155.0,,,,FEWS,Nyanza,-0.1,34.75,pulses and nuts
Beans (dry),Kisumu,Wholesale,2020-08-01,160.0,,,,FEWS,Nyanza,-0.1,34.75,pulses and nuts
Beans (dry),Kisumu,Wholesale,2020-09-01,110.0,,,,FEWS,Nyanza,-0.1,34.75,pulses and nuts
Beans (dry),Kisumu,Wholesale,2020-10-01,68.0,,,,FEWS,Nyanza,-0.1,34.75,pulses and nuts
Beans (dry),Kisumu,Wholesale,2020-11-01,72.0,,,,FEWS,Nyanza,-0.1,34.75,pulses and nuts
Beans (dry),Kisumu,Wholesale,2020-12-01,150.0,,,,FEWS,Nyanza,-0.1,34.75,pulses and nuts
Beans (dry),Kisumu,Wholesale,2021-02-01,95.07777777777778,,,,FEWS,Nyanza,-0.1,34.75,pulses and nuts
Beans (dry),Kisumu,Wholesale,2021-03-01,113.15555555555555,,,,FEWS,Nyanza,-0.1,34.75,pulses and nuts
Beans (dry),Kisumu,Wholesale,2021-04-01,104.45,,,,FEWS,Nyanza,-0.1,34.75,pulses and nuts
Beans (dry),Kisumu,Wholesale,2021-05-01,98.27777777777777,,,,FEWS,Nyanza,-0.1,34.75,pulses and nuts
Beans (dry),Kisumu,Wholesale,2021-06-01,96.44444444444444,,,,FEWS,Nyanza,-0.1,34.75,pulses and nuts
Beans (dry),Kisumu,Wholesale,2021-07-01,124.4,,,,FEWS,Nyanza,-0.1,34.75,pulses and nuts
Beans (dry),Kisumu,Wholesale,2021-08-01,124.4,,,,FEWS,Nyanza,-0.1,34.75,pulses and nuts
Beans (dry),Kisumu,Wholesale,2021-09-01,124.4,,,,FEWS,Nyanza,-0.1,34.75,pulses and nuts
Beans (dry),Kisumu,Wholesale,2021-10-01,124.4,,,,FEWS,Nyanza,-0.1,34.75,pulses and nuts
Beans (dry),Kisumu,Wholesale,2021-11-01,127.36666666666666,,,,FEWS,Nyanza,-0.1,34.75,pulses and nuts
Beans (dry),Kisumu,Wholesale,2021-12-01,123.85,,,,FEWS,Nyanza,-0.1,34.75,pulses and nuts
Beans (dry),Kisumu,Wholesale,2022-01-01,109.54875,,,,KAMIS,Nyanza,-0.1,34.75,pulses and nuts
Beans (dry),Kisumu,Wholesale,2022-02-01,108.565,,,,KAMIS,Nyanza,-0.1,34.75,pulses and nuts
Beans (dry),Kisumu,Wholesale,2022-03-01,108.172143,,,,KAMIS,Nyanza,-0.1,34.75,pulses and nuts
Beans (dry),Kisumu,Wholesale,2022-04-01,117.94399999999999,,,,KAMIS,Nyanza,-0.1,34.75,pulses and nuts
Beans (dry),Kisumu,Wholesale,2022-05-01,116.95142849999999,,,,KAMIS,Nyanza,-0.1,34.75,pulses and nuts
Beans (dry),Kisumu,Wholesale,2022-06-01,125.2774245,,,,KAMIS,Nyanza,-0.1,34.75,pulses and nuts
Beans (dry),Kisumu,Wholesale,2022-07-01,125.247981,,,,KAMIS,Nyanza,-0.1,34.75,pulses and nuts
Beans (dry),Kisumu,Wholesale,2022-08-01,122.978333,,,,KAMIS,Nyanza,-0.1,34.75,pulses and nuts
Beans (dry),Kisumu,Wholesale,2022-09-01,116.3146665,,,,KAMIS,Nyanza,-0.1,34.75,pulses and nuts
Beans (dry),Kisumu,Wholesale,2022-10-01,127.013125,,,,KAMIS,Nyanza,-0.1,34.75,pulses and nuts
Beans (dry),Kisumu,Wholesale,2022-11-01,136.0805555,,,,KAMIS,Nyanza,-0.1,34.75,pulses and nuts
Beans (dry),Kisumu,Wholesale,2022-12-01,132.159091,,,,KAMIS,Nyanza,-0.1,34.75,pulses and nuts
Beans (dry),Kisumu,Wholesale,2023-01-01,145.463333,,,,KAMIS,Nyanza,-0.1,34.75,pulses and nuts
Beans (dry),Kisumu,Wholesale,2023-02-01,143.8888885,,,,KAMIS,Nyanza,-0.1,34.75,pulses and nuts
Beans (dry),Kisumu,Wholesale,2023-03-01,141.111111,,,,KAMIS,Nyanza,-0.1,34.75,pulses and nuts
Beans (dry),Kisumu,Wholesale,2023-04-01,176.153846,,,,KAMIS,Nyanza,-0.1,34.75,pulses and nuts
Beans (dry),Kisumu,Wholesale,2023-05-01,160.0,,,,KAMIS,Nyanza,-0.1,34.75,pulses and nuts
Beans (dry),Kisumu,Wholesale,2023-06-01,169.722222,,,,KAMIS,Nyanza,-0.1,34.75,pulses and nuts
Beans (dry),Kisumu,Wholesale,2023-07-01,142.5,,,,KAMIS,Nyanza,-0.1,34.75,pulses and nuts
Beans (dry),Kisumu,Wholesale,2023-08-01,154.6875,,,,KAMIS,Nyanza,-0.1,34.75,pulses and nuts
Beans (dry),Kisumu,Wholesale,2023-09-01,175.0,,,,KAMIS,Nyanza,-0.1,34.75,pulses and nuts
Beans (dry),Kisumu,Wholesale,2023-10-01,201.666667,,,,KAMIS,Nyanza,-0.1,34.75,pulses and nuts
Beans (dry),Kisumu,Wholesale,2023-11-01,185.0,,,,KAMIS,Nyanza,-0.1,34.75,pulses and nuts
Beans (dry),Kisumu,Wholesale,2023-12-01,175.0,,,,KAMIS,Nyanza,-0.1,34.75,pulses and nuts
Beans (dry),Kisumu,Wholesale,2024-01-01,156.25,,,,KAMIS,Nyanza,-0.1,34.75,pulses and nuts
Beans (dry),Kisumu,Wholesale,2024-03-01,162.5,,,,KAMIS,Nyanza,-0.1,34.75,pulses and nuts
Beans (dry),Kisumu,Wholesale,2024-04-01,180.0,,,,KAMIS,Nyanza,-0.1,34.75,pulses and nuts
Beans (dry),Kisumu,Wholesale,2024-05-01,177.63875000000002,,,,KAMIS,Nyanza,-0.1,34.75,pulses and nuts
Beans (dry),Kisumu,Wholesale,2024-06-01,168.6125,,,,KAMIS,Nyanza,-0.1,34.75,pulses and nuts
Beans (dry),Kisumu,Wholesale,2024-07-01,168.75,,,,KAMIS,Nyanza,-0.1,34.75,pulses and nuts
Beans (dry),Kisumu,Wholesale,2024-08-01,140.0,,,,KAMIS,Nyanza,-0.1,34.75,pulses and nuts
Beans (dry),Kisumu,Wholesale,2024-09-01,136.666667,,,,KAMIS,Nyanza,-0.1,34.75,pulses and nuts
Beans (dry),Kisumu,Wholesale,2024-10-01,146.666667,,,,KAMIS,Nyanza,-0.1,34.75,pulses and nuts
Beans (dry),Kisumu,Wholesale,2025-02-01,140.0,,,,KAMIS,Nyanza,-0.1,34.75,pulses and nuts
Beans (dry),Kisumu,Wholesale,2025-03-01,167.5,,,,KAMIS,Nyanza,-0.1,34.75,pulses and nuts
Beans (dry),Kisumu,Wholesale,2025-04-01,166.666667,,,,KAMIS,Nyanza,-0.1,34.75,pulses and nuts
Beans (dry),Kisumu,Wholesale,2025-05-01,162.238095,,,,KAMIS,Nyanza,-0.1,34.75,pulses and nuts
Beans (dry),Kisumu,Wholesale,2025-06-01,144.0,,,,KAMIS,Nyanza,-0.1,34.75,pulses and nuts
Beans (dry),Kisumu,Wholesale,2025-07-01,130.68181800000002,,,,KAMIS,Nyanza,-0.1,34.75,pulses and nuts
Beans (dry),Kisumu,Wholesale,2025-08-01,139.02111100000002,,,,KAMIS,Nyanza,-0.1,34.75,pulses and nuts
Beans (dry),Kisumu,Wholesale,2025-09-01,151.346667,,,,KAMIS,Nyanza,-0.1,34.75,pulses and nuts
Beans (dry),Kisumu,Wholesale,2025-10-01,176.0,,,,KAMIS,Nyanza,-0.1,34.75,pulses and nuts
Beans (dry),Kisumu,Wholesale,2025-11-01,166.25,,,,KAMIS,Nyanza,-0.1,34.75,pulses and nuts
Beans (dry),Kisumu,Wholesale,2025-12-01,172.5,,,,KAMIS,Nyanza,-0.1,34.75,pulses and nuts
Beans (dry),Kisumu,Wholesale,2026-01-01,179.26999999999998,,,,KAMIS,Nyanza,-0.1,34.75,pulses and nuts
Beans (dry),Kisumu,Wholesale,2026-02-01,176.042857,,,,KAMIS,Nyanza,-0.1,34.75,pulses and nuts
Beans (dry),Kisumu,Wholesale,2026-03-01,170.6733335,,,,KAMIS,Nyanza,-0.1,34.75,pulses and nuts
Beans (dry),Kisumu,Wholesale,2026-04-01,147.95,,,,KAMIS,Nyanza,-0.1,34.75,pulses and nuts
Beans (dry),Kisumu,Wholesale,2026-05-01,158.415,,,,KAMIS,Nyanza,-0.1,34.75,pulses and nuts
Beans (dry),Kisumu,Wholesale,2026-06-01,140.880625,,,,KAMIS,Nyanza,-0.1,34.75,pulses and nuts
Beans (dry),Kisumu,Wholesale,2026-07-01,149.88,,,,KAMIS,Nyanza,-0.1,34.75,pulses and nuts
Beans (dry),Kisumu,Wholesale,2026-08-01,122.89750000000001,,,,KAMIS,Nyanza,-0.1,34.75,pulses and nuts
Beans (dry),Kisumu,Wholesale,2026-09-01,148.1,,,,KAMIS,Nyanza,-0.1,34.75,pulses and nuts
Beans (dry),Mombasa,Wholesale,2006-01-01,36.06666666666667,,,,WFP,Coast,-4.05,39.67,pulses and nuts
Beans (dry),Mombasa,Wholesale,2006-02-01,37.77777777777778,,,,WFP,Coast,-4.05,39.67,pulses and nuts
Beans (dry),Mombasa,Wholesale,2006-03-01,43.98611111111112,,,,WFP,Coast,-4.05,39.67,pulses and nuts
Beans (dry),Mombasa,Wholesale,2006-04-01,44.388888888888886,,,,WFP,Coast,-4.05,39.67,pulses and nuts
Beans (dry),Mombasa,Wholesale,2006-05-01,44.21055555555555,,,,WFP,Coast,-4.05,39.67,pulses and nuts
Beans (dry),Mombasa,Wholesale,2006-06-01,30.069444444444443,,,,WFP,Coast,-4.05,39.67,pulses and nuts
Beans (dry),Mombasa,Wholesale,2006-07-01,30.55555555555556,,,,WFP,Coast,-4.05,39.67,pulses and nuts
Beans (dry),Mombasa,Wholesale,2006-08-01,31.09722222222222,,,,WFP,Coast,-4.05,39.67,pulses and nuts
Beans (dry),Mombasa,Wholesale,2006-09-01,33.81944444444444,,,,WFP,Coast,-4.05,39.67,pulses and nuts
Beans (dry),Mombasa,Wholesale,2006-10-01,33.59722222222222,,,,WFP,Coast,-4.05,39.67,pulses and nuts
Beans (dry),Mombasa,Wholesale,2006-11-01,30.822222222222223,,,,WFP,Coast,-4.05,39.67,pulses and nuts
Beans (dry),Mombasa,Wholesale,2006-12-01,30.65277777777778,,,,WFP,Coast,-4.05,39.67,pulses and nuts
Beans (dry),Mombasa,Wholesale,2007-01-01,33.333333333333336,,,,WFP,Coast,-4.05,39.67,pulses and nuts
Beans (dry),Mombasa,Wholesale,2007-02-01,33.916666666666664,,,,WFP,Coast,-4.05,39.67,pulses and nuts
Beans (dry),Mombasa,Wholesale,2007-03-01,34.132,,,,WFP,Coast,-4.05,39.67,pulses and nuts
Beans (dry),Mombasa,Wholesale,2007-04-01,33.888888888888886,,,,WFP,Coast,-4.05,39.67,pulses and nuts
Beans (dry),Mombasa,Wholesale,2007-05-01,35.50266666666666,,,,WFP,Coast,-4.05,39.67,pulses and nuts
Beans (dry),Mombasa,Wholesale,2007-06-01,35.49377777777778,,,,WFP,Coast,-4.05,39.67,pulses and nuts
Beans (dry),Mombasa,Wholesale,2007-07-01,36.787444444444446,,,,WFP,Coast,-4.05,39.67,pulses and nuts
Beans (dry),Mombasa,Wholesale,2007-08-01,37.46377777777778,,,,WFP,Coast,-4.05,39.67,pulses and nuts
Beans (dry),Mombasa,Wholesale,2007-09-01,39.083333333333336,,,,WFP,Coast,-4.05,39.67,pulses and nuts
Beans (dry),Mombasa,Wholesale,2007-10-01,36.36366666666667,,,,WFP,Coast,-4.05,39.67,pulses and nuts
Beans (dry),Mombasa,Wholesale,2007-11-01,38.333333333333336,,,,WFP,Coast,-4.05,39.67,pulses and nuts
Beans (dry),Mombasa,Wholesale,2007-12-01,38.76544444444444,,,,WFP,Coast,-4.05,39.67,pulses and nuts
Beans (dry),Mombasa,Wholesale,2008-01-01,48.59644444444445,,,,WFP,Coast,-4.05,39.67,pulses and nuts
Beans (dry),Mombasa,Wholesale,2008-02-01,51.11111111111112,,,,WFP,Coast,-4.05,39.67,pulses and nuts
Beans (dry),Mombasa,Wholesale,2008-03-01,53.333333333333336,,,,WFP,Coast,-4.05,39.67,pulses and nuts
Beans (dry),Mombasa,Wholesale,2008-04-01,52.37377777777778,,,,WFP,Coast,-4.05,39.67,pulses and nuts
Beans (dry),Mombasa,Wholesale,2008-05-01,51.031777777777776,,,,WFP,Coast,-4.05,39.67,pulses and nuts
Beans (dry),Mombasa,Wholesale,2008-06-01,45.821777777777775,,,,WFP,Coast,-4.05,39.67,pulses and nuts
Beans (dry),Mombasa,Wholesale,2008-07-01,54.86777777777778,,,,WFP,Coast,-4.05,39.67,pulses and nuts
Beans (dry),Mombasa,Wholesale,2008-08-01,58.21633333333334,,,,WFP,Coast,-4.05,39.67,pulses and nuts
Beans (dry),Mombasa,Wholesale,2008-09-01,61.638888888888886,,,,WFP,Coast,-4.05,39.67,pulses and nuts
Beans (dry),Mombasa,Wholesale,2008-10-01,60.85188888888889,,,,WFP,Coast,-4.05,39.67,pulses and nuts
Beans (dry),Mombasa,Wholesale,2008-11-01,50.27777777777778,,,,WFP,Coast,-4.05,39.67,pulses and nuts
Beans (dry),Mombasa,Wholesale,2008-12-01,48.91666666666666,,,,WFP,Coast,-4.05,39.67,pulses and nuts
Beans (dry),Mombasa,Wholesale,2009-01-01,44.94444444444444,,,,WFP,Coast,-4.05,39.67,pulses and nuts
Beans (dry),Mombasa,Wholesale,2009-02-01,50.144444444444446,,,,WFP,Coast,-4.05,39.67,pulses and nuts
Beans (dry),Mombasa,Wholesale,2009-03-01,50.422222222222224,,,,WFP,Coast,-4.05,39.67,pulses and nuts
Beans (dry),Mombasa,Wholesale,2009-04-01,55.71111111111111,,,,WFP,Coast,-4.05,39.67,pulses and nuts
Beans (dry),Mombasa,Wholesale,2009-05-01,56.5,,,,WFP,Coast,-4.05,39.67,pulses and nuts
Beans (dry),Mombasa,Wholesale,2009-06-01,49.333333333333336,,,,WFP,Coast,-4.05,39.67,pulses and nuts
Beans (dry),Mombasa,Wholesale,2009-07-01,49.888888888888886,,,,WFP,Coast,-4.05,39.67,pulses and nuts
Beans (dry),Mombasa,Wholesale,2009-08-01,54.98888888888889,,,,WFP,Coast,-4.05,39.67,pulses and nuts
Beans (dry),Mombasa,Wholesale,2009-09-01,57.15555555555556,,,,WFP,Coast,-4.05,39.67,pulses and nuts
Beans (dry),Mombasa,Wholesale,2009-10-01,58.2,,,,WFP,Coast,-4.05,39.67,pulses and nuts
Beans (dry),Mombasa,Wholesale,2009-11-01,57.7,,,,WFP,Coast,-4.05,39.67,pulses and nuts
Beans (dry),Mombasa,Wholesale,2009-12-01,48.855555555555554,,,,WFP,Coast,-4.05,39.67,pulses and nuts
Beans (dry),Mombasa,Wholesale,2010-01-01,48.888888888888886,,,,WFP,Coast,-4.05,39.67,pulses and nuts
Beans (dry),Mombasa,Wholesale,2010-02-01,48.52777777777778,,,,WFP,Coast,-4.05,39.67,pulses and nuts
Beans (dry),Mombasa,Wholesale,2010-03-01,50.34811111111111,,,,WFP,Coast,-4.05,39.67,pulses and nuts
Beans (dry),Mombasa,Wholesale,2010-04-01,50.42666666666666,,,,WFP,Coast,-4.05,39.67,pulses and nuts
Beans (dry),Mombasa,Wholesale,2010-05-01,52.68055555555556,,,,WFP,Coast,-4.05,39.67,pulses and nuts
Beans (dry),Mombasa,Wholesale,2010-06-01,46.355555555555554,,,,WFP,Coast,-4.05,39.67,pulses and nuts
Beans (dry),Mombasa,Wholesale,2010-07-01,46.96666666666667,,,,WFP,Coast,-4.05,39.67,pulses and nuts
Beans (dry),Mombasa,Wholesale,2010-08-01,48.3,,,,WFP,Coast,-4.05,39.67,pulses and nuts
Beans (dry),Mombasa,Wholesale,2010-09-01,48.04444444444445,,,,WFP,Coast,-4.05,39.67,pulses and nuts
Beans (dry),Mombasa,Wholesale,2010-10-01,50.36666666666667,,,,WFP,Coast,-4.05,39.67,pulses and nuts
Beans (dry),Mombasa,Wholesale,2010-11-01,47.888888888888886,,,,WFP,Coast,-4.05,39.67,pulses and nuts
Beans (dry),Mombasa,Wholesale,2010-12-01,42.4,,,,WFP,Coast,-4.05,39.67,pulses and nuts
Beans (dry),Mombasa,Wholesale,2011-01-01,46.98888888888889,,,,WFP,Coast,-4.05,39.67,pulses and nuts
Beans (dry),Mombasa,Wholesale,2011-02-01,49.8,,,,WFP,Coast,-4.05,39.67,pulses and nuts
Beans (dry),Mombasa,Wholesale,2011-03-01,59.61111111111112,,,,WFP,Coast,-4.05,39.67,pulses and nuts
Beans (dry),Mombasa,Wholesale,2011-04-01,70.81111111111112,,,,WFP,Coast,-4.05,39.67,pulses and nuts
Beans (dry),Mombasa,Wholesale,2011-05-01,68.58888888888889,,,,WFP,Coast,-4.05,39.67,pulses and nuts
Beans (dry),Mombasa,Wholesale,2011-06-01,61.11111111111112,,,,WFP,Coast,-4.05,39.67,pulses and nuts
Beans (dry),Mombasa,Wholesale,2011-07-01,57.44444444444444,,,,WFP,Coast,-4.05,39.67,pulses and nuts
Beans (dry),Mombasa,Wholesale,2011-08-01,63.16666666666666,,,,WFP,Coast,-4.05,39.67,pulses and nuts
Beans (dry),Mombasa,Wholesale,2011-09-01,63.17777777777778,,,,WFP,Coast,-4.05,39.67,pulses and nuts
Beans (dry),Mombasa,Wholesale,2011-10-01,58.61111111111112,,,,WFP,Coast,-4.05,39.67,pulses and nuts
Beans (dry),Mombasa,Wholesale,2011-11-01,57.6,,,,WFP,Coast,-4.05,39.67,pulses and nuts
Beans (dry),Mombasa,Wholesale,2011-12-01,55.55555555555556,,,,WFP,Coast,-4.05,39.67,pulses and nuts
Beans (dry),Mombasa,Wholesale,2012-01-01,60.77777777777778,,,,WFP,Coast,-4.05,39.67,pulses and nuts
Beans (dry),Mombasa,Wholesale,2012-02-01,57.44444444444444,,,,WFP,Coast,-4.05,39.67,pulses and nuts
Beans (dry),Mombasa,Wholesale,2012-03-01,65.61111111111111,,,,WFP,Coast,-4.05,39.67,pulses and nuts
Beans (dry),Mombasa,Wholesale,2012-04-01,68.5,,,,WFP,Coast,-4.05,39.67,pulses and nuts
Beans (dry),Mombasa,Wholesale,2012-05-01,70.55555555555556,,,,WFP,Coast,-4.05,39.67,pulses and nuts
Beans (dry),Mombasa,Wholesale,2012-06-01,75.77777777777777,,,,WFP,Coast,-4.05,39.67,pulses and nuts
Beans (dry),Mombasa,Wholesale,2012-07-01,58.77777777777778,,,,WFP,Coast,-4.05,39.67,pulses and nuts
Beans (dry),Mombasa,Wholesale,2012-08-01,57.77777777777778,,,,WFP,Coast,-4.05,39.67,pulses and nuts
Beans (dry),Mombasa,Wholesale,2012-10-01,61.77777777777778,,,,WFP,Coast,-4.05,39.67,pulses and nuts
Beans (dry),Mombasa,Wholesale,2012-11-01,53.66666666666666,,,,WFP,Coast,-4.05,39.67,pulses and nuts
Beans (dry),Mombasa,Wholesale,2012-12-01,55.477777777777774,,,,WFP,Coast,-4.05,39.67,pulses and nuts
Beans (dry),Mombasa,Wholesale,2013-01-01,28.9,,,,WFP,Coast,-4.05,39.67,pulses and nuts
Beans (dry),Mombasa,Wholesale,2013-02-01,51.32222222222222,,,,WFP,Coast,-4.05,39.67,pulses and nuts
Beans (dry),Mombasa,Wholesale,2013-03-01,60.62222222222222,,,,WFP,Coast,-4.05,39.67,pulses and nuts
Beans (dry),Mombasa,Wholesale,2013-04-01,67.22222222222223,,,,WFP,Coast,-4.05,39.67,pulses and nuts
Beans (dry),Mombasa,Wholesale,2013-05-01,67.28888888888889,,,,WFP,Coast,-4.05,39.67,pulses and nuts
Beans (dry),Mombasa,Wholesale,2013-06-01,62.833333333333336,,,,WFP,Coast,-4.05,39.67,pulses and nuts
Beans (dry),Mombasa,Wholesale,2013-07-01,63.46666666666667,,,,WFP,Coast,-4.05,39.67,pulses and nuts
Beans (dry),Mombasa,Wholesale,2013-08-01,64.97777777777777,,,,WFP,Coast,-4.05,39.67,pulses and nuts
Beans (dry),Mombasa,Wholesale,2013-09-01,71.88888888888889,,,,WFP,Coast,-4.05,39.67,pulses and nuts
Beans (dry),Mombasa,Wholesale,2013-10-01,68.75555555555556,,,,WFP,Coast,-4.05,39.67,pulses and nuts
Beans (dry),Mombasa,Wholesale,2013-11-01,61.16666666666666,,,,WFP,Coast,-4.05,39.67,pulses and nuts
Beans (dry),Mombasa,Wholesale,2013-12-01,57.65555555555556,,,,WFP,Coast,-4.05,39.67,pulses and nuts
Beans (dry),Mombasa,Wholesale,2014-01-01,63.75555555555555,,,,WFP,Coast,-4.05,39.67,pulses and nuts
Beans (dry),Mombasa,Wholesale,2014-02-01,66.07777777777778,,,,WFP,Coast,-4.05,39.67,pulses and nuts
Beans (dry),Mombasa,Wholesale,2014-03-01,70.06666666666666,,,,WFP,Coast,-4.05,39.67,pulses and nuts
Beans (dry),Mombasa,Wholesale,2014-04-01,72.22222222222223,,,,WFP,Coast,-4.05,39.67,pulses and nuts
Beans (dry),Mombasa,Wholesale,2014-05-01,69.88888888888889,,,,WFP,Coast,-4.05,39.67,pulses and nuts
Beans (dry),Mombasa,Wholesale,2014-06-01,57.67777777777778,,,,WFP,Coast,-4.05,39.67,pulses and nuts
Beans (dry),Mombasa,Wholesale,2014-07-01,55.952333333333335,,,,WFP,Coast,-4.05,39.67,pulses and nuts
Beans (dry),Mombasa,Wholesale,2014-08-01,56.708333333333336,,,,WFP,Coast,-4.05,39.67,pulses and nuts
Beans (dry),Mombasa,Wholesale,2014-09-01,58.04444444444445,,,,WFP,Coast,-4.05,39.67,pulses and nuts
Beans (dry),Mombasa,Wholesale,2014-10-01,57.99377777777777,,,,WFP,Coast,-4.05,39.67,pulses and nuts
Beans (dry),Mombasa,Wholesale,2014-11-01,55.833333333333336,,,,WFP,Coast,-4.05,39.67,pulses and nuts
Beans (dry),Mombasa,Wholesale,2014-12-01,60.11111111111112,,,,WFP,Coast,-4.05,39.67,pulses and nuts
Beans (dry),Mombasa,Wholesale,2015-01-01,62.17777777777778,,,,WFP,Coast,-4.05,39.67,pulses and nuts
Beans (dry),Mombasa,Wholesale,2015-02-01,64.0,,,,WFP,Coast,-4.05,39.67,pulses and nuts
Beans (dry),Mombasa,Wholesale,2015-03-01,75.55555555555556,,,,WFP,Coast,-4.05,39.67,pulses and nuts
Beans (dry),Mombasa,Wholesale,2015-04-01,77.03333333333333,,,,WFP,Coast,-4.05,39.67,pulses and nuts
Beans (dry),Mombasa,Wholesale,2015-05-01,94.4,,,,WFP,Coast,-4.05,39.67,pulses and nuts
Beans (dry),Mombasa,Wholesale,2015-06-01,79.65555555555555,,,,WFP,Coast,-4.05,39.67,pulses and nuts
Beans (dry),Mombasa,Wholesale,2015-07-01,62.59255555555556,,,,WFP,Coast,-4.05,39.67,pulses and nuts
Beans (dry),Mombasa,Wholesale,2015-08-01,62.77777777777778,,,,WFP,Coast,-4.05,39.67,pulses and nuts
Beans (dry),Mombasa,Wholesale,2015-09-01,64.38888888888889,,,,WFP,Coast,-4.05,39.67,pulses and nuts
Beans (dry),Mombasa,Wholesale,2015-10-01,66.85555555555555,,,,WFP,Coast,-4.05,39.67,pulses and nuts
Beans (dry),Mombasa,Wholesale,2015-11-01,64.44444444444444,,,,WFP,Coast,-4.05,39.67,pulses and nuts
Beans (dry),Mombasa,Wholesale,2015-12-01,60.86666666666667,,,,WFP,Coast,-4.05,39.67,pulses and nuts
Beans (dry),Mombasa,Wholesale,2016-01-01,68.5,,,,WFP,Coast,-4.05,39.67,pulses and nuts
Beans (dry),Mombasa,Wholesale,2016-02-01,71.11111111111111,,,,WFP,Coast,-4.05,39.67,pulses and nuts
Beans (dry),Mombasa,Wholesale,2016-03-01,65.0,,,,WFP,Coast,-4.05,39.67,pulses and nuts
Beans (dry),Mombasa,Wholesale,2016-05-01,68.31111111111112,,,,WFP,Coast,-4.05,39.67,pulses and nuts
Beans (dry),Mombasa,Wholesale,2016-06-01,68.37777777777778,,,,WFP,Coast,-4.05,39.67,pulses and nuts
Beans (dry),Mombasa,Wholesale,2016-07-01,66.42644444444444,,,,WFP,Coast,-4.05,39.67,pulses and nuts
Beans (dry),Mombasa,Wholesale,2016-08-01,65.37777777777778,,,,WFP,Coast,-4.05,39.67,pulses and nuts
Beans (dry),Mombasa,Wholesale,2016-09-01,69.28888888888889,,,,WFP,Coast,-4.05,39.67,pulses and nuts
Beans (dry),Mombasa,Wholesale,2016-10-01,69.91666666666667,,,,WFP,Coast,-4.05,39.67,pulses and nuts
Beans (dry),Mombasa,Wholesale,2016-11-01,80.0,,,,WFP,Coast,-4.05,39.67,pulses and nuts
Beans (dry),Mombasa,Wholesale,2016-12-01,80.0,,,,WFP,Coast,-4.05,39.67,pulses and nuts
Beans (dry),Mombasa,Wholesale,2017-01-01,70.94444444444444,,,,WFP,Coast,-4.05,39.67,pulses and nuts
Beans (dry),Mombasa,Wholesale,2017-02-01,79.5,,,,WFP,Coast,-4.05,39.67,pulses and nuts
Beans (dry),Mombasa,Wholesale,2017-03-01,85.33333333333333,,,,WFP,Coast,-4.05,39.67,pulses and nuts
Beans (dry),Mombasa,Wholesale,2017-04-01,91.11111111111111,,,,WFP,Coast,-4.05,39.67,pulses and nuts
Beans (dry),Mombasa,Wholesale,2017-05-01,86.5,,,,WFP,Coast,-4.05,39.67,pulses and nuts
Beans (dry),Mombasa,Wholesale,2017-06-01,76.43888888888888,,,,WFP,Coast,-4.05,39.67,pulses and nuts
Beans (dry),Mombasa,Wholesale,2017-07-01,70.88888888888889,,,,WFP,Coast,-4.05,39.67,pulses and nuts
Beans (dry),Mombasa,Wholesale,2017-08-01,76.08888888888889,,,,WFP,Coast,-4.05,39.67,pulses and nuts
Beans (dry),Mombasa,Wholesale,2017-09-01,77.33333333333333,,,,WFP,Coast,-4.05,39.67,pulses and nuts
Beans (dry),Mombasa,Wholesale,2017-10-01,76.47222222222223,,,,WFP,Coast,-4.05,39.67,pulses and nuts
Beans (dry),Mombasa,Wholesale,2017-11-01,73.38888888888889,,,,WFP,Coast,-4.05,39.67,pulses and nuts
Beans (dry),Mombasa,Wholesale,2017-12-01,61.11111111111112,,,,WFP,Coast,-4.05,39.67,pulses and nuts
Beans (dry),Mombasa,Wholesale,2018-01-01,64.27777777777777,,,,WFP,Coast,-4.05,39.67,pulses and nuts
Beans (dry),Mombasa,Wholesale,2018-02-01,62.66666666666666,,,,WFP,Coast,-4.05,39.67,pulses and nuts
Beans (dry),Mombasa,Wholesale,2018-03-01,62.29166666666666,,,,WFP,Coast,-4.05,39.67,pulses and nuts
Beans (dry),Mombasa,Wholesale,2018-04-01,63.61111111111112,,,,WFP,Coast,-4.05,39.67,pulses and nuts
Beans (dry),Mombasa,Wholesale,2018-05-01,64.13333333333334,,,,WFP,Coast,-4.05,39.67,pulses and nuts
Beans (dry),Mombasa,Wholesale,2018-06-01,50.73611111111112,,,,WFP,Coast,-4.05,39.67,pulses and nuts
Beans (dry),Mombasa,Wholesale,2018-07-01,49.16666666666666,,,,WFP,Coast,-4.05,39.67,pulses and nuts
Beans (dry),Mombasa,Wholesale,2018-08-01,52.91111111111111,,,,WFP,Coast,-4.05,39.67,pulses and nuts
Beans (dry),Mombasa,Wholesale,2018-09-01,56.138888888888886,,,,WFP,Coast,-4.05,39.67,pulses and nuts
Beans (dry),Mombasa,Wholesale,2018-10-01,58.263888888888886,,,,WFP,Coast,-4.05,39.67,pulses and nuts
Beans (dry),Mombasa,Wholesale,2018-11-01,56.333333333333336,,,,WFP,Coast,-4.05,39.67,pulses and nuts
Beans (dry),Mombasa,Wholesale,2018-12-01,53.70366666666666,,,,WFP,Coast,-4.05,39.67,pulses and nuts
Beans (dry),Mombasa,Wholesale,2019-01-01,36.53333333333333,,,,WFP,Coast,-4.05,39.67,pulses and nuts
Beans (dry),Mombasa,Wholesale,2019-02-01,69.18888888888888,,,,WFP,Coast,-4.05,39.67,pulses and nuts
Beans (dry),Mombasa,Wholesale,2019-03-01,67.33333333333333,,,,WFP,Coast,-4.05,39.67,pulses and nuts
Beans (dry),Mombasa,Wholesale,2019-04-01,63.763888888888886,,,,WFP,Coast,-4.05,39.67,pulses and nuts
Beans (dry),Mombasa,Wholesale,2019-05-01,88.05555555555556,,,,WFP,Coast,-4.05,39.67,pulses and nuts
Beans (dry),Mombasa,Wholesale,2019-06-01,83.15277777777777,,,,WFP,Coast,-4.05,39.67,pulses and nuts
Beans (dry),Mombasa,Wholesale,2019-07-01,98.8,,,,WFP,Coast,-4.05,39.67,pulses and nuts
Beans (dry),Mombasa,Wholesale,2019-08-01,86.66666666666667,,,,WFP,Coast,-4.05,39.67,pulses and nuts
Beans (dry),Mombasa,Wholesale,2019-09-01,85.22222222222223,,,,WFP,Coast,-4.05,39.67,pulses and nuts
Beans (dry),Mombasa,Wholesale,2019-10-01,86.66666666666667,,,,FEWS+WFP,Coast,-4.05,39.67,pulses and nuts
Beans (dry),Mombasa,Wholesale,2019-12-01,90.0,,,,FEWS,Coast,-4.05,39.67,pulses and nuts
Beans (dry),Mombasa,Wholesale,2020-01-01,91.66666666666669,,,,FEWS+WFP,Coast,-4.05,39.67,pulses and nuts
Beans (dry),Mombasa,Wholesale,2020-02-01,97.22222222222223,,,,FEWS+WFP,Coast,-4.05,39.67,pulses and nuts
Beans (dry),Mombasa,Wholesale,2020-03-01,100.0,,,,FEWS+WFP,Coast,-4.05,39.67,pulses and nuts
Beans (dry),Mombasa,Wholesale,2020-04-01,100.0,,,,FEWS,Coast,-4.05,39.67,pulses and nuts
Beans (dry),Mombasa,Wholesale,2020-05-01,111.11111111111111,,,,FEWS,Coast,-4.05,39.67,pulses and nuts
Beans (dry),Mombasa,Wholesale,2020-06-01,115.0,,,,FEWS,Coast,-4.05,39.67,pulses and nuts
Beans (dry),Mombasa,Wholesale,2020-07-01,69.44444444444444,,,,FEWS,Coast,-4.05,39.67,pulses and nuts
Beans (dry),Mombasa,Wholesale,2020-08-01,74.44444444444444,,,,FEWS,Coast,-4.05,39.67,pulses and nuts
Beans (dry),Mombasa,Wholesale,2020-09-01,78.88888888888889,,,,FEWS,Coast,-4.05,39.67,pulses and nuts
Beans (dry),Mombasa,Wholesale,2020-10-01,74.44444444444444,,,,FEWS,Coast,-4.05,39.67,pulses and nuts
Beans (dry),Mombasa,Wholesale,2020-11-01,86.66666666666667,,,,FEWS,Coast,-4.05,39.67,pulses and nuts
Beans (dry),Mombasa,Wholesale,2021-01-01,77.77777777777777,,,,FEWS,Coast,-4.05,39.67,pulses and nuts
Beans (dry),Mombasa,Wholesale,2021-02-01,85.0,,,,FEWS,Coast,-4.05,39.67,pulses and nuts
Beans (dry),Mombasa,Wholesale,2021-05-01,89.57777777777778,,,,FEWS,Coast,-4.05,39.67,pulses and nuts
Beans (dry),Mombasa,Wholesale,2021-06-01,79.47777777777777,,,,FEWS,Coast,-4.05,39.67,pulses and nuts
Beans (dry),Mombasa,Wholesale,2021-07-01,100.0,,,,FEWS,Coast,-4.05,39.67,pulses and nuts
Beans (dry),Mombasa,Wholesale,2021-08-01,100.0,,,,FEWS,Coast,-4.05,39.67,pulses and nuts
Beans (dry),Mombasa,Wholesale,2021-09-01,100.0,,,,FEWS,Coast,-4.05,39.67,pulses and nuts
Beans (dry),Mombasa,Wholesale,2021-10-01,110.0,,,,FEWS,Coast,-4.05,39.67,pulses and nuts
Beans (dry),Mombasa,Wholesale,2021-11-01,110.0,,,,FEWS,Coast,-4.05,39.67,pulses and nuts
Beans (dry),Mombasa,Wholesale,2022-06-01,99.0,,,,KAMIS,Coast,-4.05,39.67,pulses and nuts
Beans (dry),Mombasa,Wholesale,2022-07-01,105.556667,,,,KAMIS,Coast,-4.05,39.67,pulses and nuts
Beans (dry),Mombasa,Wholesale,2022-08-01,126.11,,,,KAMIS,Coast,-4.05,39.67,pulses and nuts
Beans (dry),Mombasa,Wholesale,2022-09-01,125.183333,,,,KAMIS,Coast,-4.05,39.67,pulses and nuts
Beans (dry),Mombasa,Wholesale,2022-10-01,146.39,,,,KAMIS,Coast,-4.05,39.67,pulses and nuts
Beans (dry),Mombasa,Wholesale,2022-12-01,166.67,,,,KAMIS,Coast,-4.05,39.67,pulses and nuts
Beans (dry),Mombasa,Wholesale,2023-01-01,100.156667,,,,KAMIS,Coast,-4.05,39.67,pulses and nuts
Beans (dry),Mombasa,Wholesale,2023-02-01,133.565,,,,KAMIS,Coast,-4.05,39.67,pulses and nuts
Beans (dry),Mombasa,Wholesale,2023-03-01,181.406667,,,,KAMIS,Coast,-4.05,39.67,pulses and nuts
Beans (dry),Mombasa,Wholesale,2023-04-01,195.0,,,,KAMIS,Coast,-4.05,39.67,pulses and nuts
Beans (dry),Mombasa,Wholesale,2023-05-01,178.125,,,,KAMIS,Coast,-4.05,39.67,pulses and nuts
Beans (dry),Mombasa,Wholesale,2023-06-01,195.0,,,,KAMIS,Coast,-4.05,39.67,pulses and nuts
Beans (dry),Mombasa,Wholesale,2023-08-01,130.0,,,,KAMIS,Coast,-4.05,39.67,pulses and nuts
Beans (dry),Mombasa,Wholesale,2023-09-01,92.0,,,,KAMIS,Coast,-4.05,39.67,pulses and nuts
Beans (dry),Mombasa,Wholesale,2023-10-01,101.11,,,,KAMIS,Coast,-4.05,39.67,pulses and nuts
Beans (dry),Nairobi,Wholesale,2006-01-01,35.27777777777778,,,,WFP,Nairobi,-1.28,36.82,pulses and nuts
Beans (dry),Nairobi,Wholesale,2006-02-01,38.72222222222222,,,,WFP,Nairobi,-1.28,36.82,pulses and nuts
Beans (dry),Nairobi,Wholesale,2006-03-01,41.77777777777778,,,,WFP,Nairobi,-1.28,36.82,pulses and nuts
Beans (dry),Nairobi,Wholesale,2006-04-01,47.888888888888886,,,,WFP,Nairobi,-1.28,36.82,pulses and nuts
Beans (dry),Nairobi,Wholesale,2006-05-01,50.05555555555556,,,,WFP,Nairobi,-1.28,36.82,pulses and nuts
Beans (dry),Nairobi,Wholesale,2006-06-01,33.522222222222226,,,,WFP,Nairobi,-1.28,36.82,pulses and nuts
Beans (dry),Nairobi,Wholesale,2006-07-01,30.666666666666668,,,,WFP,Nairobi,-1.28,36.82,pulses and nuts
Beans (dry),Nairobi,Wholesale,2006-08-01,32.08888888888889,,,,WFP,Nairobi,-1.28,36.82,pulses and nuts
Beans (dry),Nairobi,Wholesale,2006-09-01,34.36666666666667,,,,WFP,Nairobi,-1.28,36.82,pulses and nuts
Beans (dry),Nairobi,Wholesale,2006-10-01,36.44444444444444,,,,WFP,Nairobi,-1.28,36.82,pulses and nuts
Beans (dry),Nairobi,Wholesale,2006-11-01,33.68888888888889,,,,WFP,Nairobi,-1.28,36.82,pulses and nuts
Beans (dry),Nairobi,Wholesale,2006-12-01,34.2,,,,WFP,Nairobi,-1.28,36.82,pulses and nuts
Beans (dry),Nairobi,Wholesale,2007-01-01,34.522222222222226,,,,WFP,Nairobi,-1.28,36.82,pulses and nuts
Beans (dry),Nairobi,Wholesale,2007-02-01,31.22222222222222,,,,WFP,Nairobi,-1.28,36.82,pulses and nuts
Beans (dry),Nairobi,Wholesale,2007-03-01,33.95555555555556,,,,WFP,Nairobi,-1.28,36.82,pulses and nuts
Beans (dry),Nairobi,Wholesale,2007-04-01,33.51111111111111,,,,WFP,Nairobi,-1.28,36.82,pulses and nuts
Beans (dry),Nairobi,Wholesale,2007-05-01,34.12222222222222,,,,WFP,Nairobi,-1.28,36.82,pulses and nuts
Beans (dry),Nairobi,Wholesale,2007-06-01,34.25555555555555,,,,WFP,Nairobi,-1.28,36.82,pulses and nuts
Beans (dry),Nairobi,Wholesale,2007-07-01,36.23333333333333,,,,WFP,Nairobi,-1.28,36.82,pulses and nuts
Beans (dry),Nairobi,Wholesale,2007-08-01,34.977777777777774,,,,WFP,Nairobi,-1.28,36.82,pulses and nuts
Beans (dry),Nairobi,Wholesale,2007-09-01,35.96666666666667,,,,WFP,Nairobi,-1.28,36.82,pulses and nuts
Beans (dry),Nairobi,Wholesale,2007-10-01,33.58888888888889,,,,WFP,Nairobi,-1.28,36.82,pulses and nuts
Beans (dry),Nairobi,Wholesale,2007-11-01,36.66666666666666,,,,WFP,Nairobi,-1.28,36.82,pulses and nuts
Beans (dry),Nairobi,Wholesale,2007-12-01,48.333333333333336,,,,WFP,Nairobi,-1.28,36.82,pulses and nuts
Beans (dry),Nairobi,Wholesale,2008-01-01,41.11111111111112,,,,WFP,Nairobi,-1.28,36.82,pulses and nuts
Beans (dry),Nairobi,Wholesale,2008-02-01,42.22222222222222,,,,WFP,Nairobi,-1.28,36.82,pulses and nuts
Beans (dry),Nairobi,Wholesale,2008-03-01,55.333333333333336,,,,WFP,Nairobi,-1.28,36.82,pulses and nuts
Beans (dry),Nairobi,Wholesale,2008-04-01,59.7,,,,WFP,Nairobi,-1.28,36.82,pulses and nuts
Beans (dry),Nairobi,Wholesale,2008-05-01,59.0,,,,WFP,Nairobi,-1.28,36.82,pulses and nuts
Beans (dry),Nairobi,Wholesale,2008-06-01,56.58888888888889,,,,WFP,Nairobi,-1.28,36.82,pulses and nuts
Beans (dry),Nairobi,Wholesale,2008-07-01,55.13333333333333,,,,WFP,Nairobi,-1.28,36.82,pulses and nuts
Beans (dry),Nairobi,Wholesale,2008-08-01,53.01111111111111,,,,WFP,Nairobi,-1.28,36.82,pulses and nuts
Beans (dry),Nairobi,Wholesale,2008-09-01,53.333333333333336,,,,WFP,Nairobi,-1.28,36.82,pulses and nuts
Beans (dry),Nairobi,Wholesale,2008-10-01,54.888888888888886,,,,WFP,Nairobi,-1.28,36.82,pulses and nuts
Beans (dry),Nairobi,Wholesale,2008-11-01,55.766666666666666,,,,WFP,Nairobi,-1.28,36.82,pulses and nuts
Beans (dry),Nairobi,Wholesale,2008-12-01,52.43333333333333,,,,WFP,Nairobi,-1.28,36.82,pulses and nuts
Beans (dry),Nairobi,Wholesale,2009-01-01,53.61111111111112,,,,WFP,Nairobi,-1.28,36.82,pulses and nuts
Beans (dry),Nairobi,Wholesale,2009-02-01,54.55555555555556,,,,WFP,Nairobi,-1.28,36.82,pulses and nuts
Beans (dry),Nairobi,Wholesale,2009-03-01,53.333333333333336,,,,WFP,Nairobi,-1.28,36.82,pulses and nuts
Beans (dry),Nairobi,Wholesale,2009-04-01,53.66666666666666,,,,WFP,Nairobi,-1.28,36.82,pulses and nuts
Beans (dry),Nairobi,Wholesale,2009-05-01,60.27777777777778,,,,WFP,Nairobi,-1.28,36.82,pulses and nuts
Beans (dry),Nairobi,Wholesale,2009-06-01,56.11111111111112,,,,WFP,Nairobi,-1.28,36.82,pulses and nuts
Beans (dry),Nairobi,Wholesale,2009-07-01,50.0,,,,WFP,Nairobi,-1.28,36.82,pulses and nuts
Beans (dry),Nairobi,Wholesale,2009-08-01,49.27777777777778,,,,WFP,Nairobi,-1.28,36.82,pulses and nuts
Beans (dry),Nairobi,Wholesale,2009-09-01,51.11111111111112,,,,WFP,Nairobi,-1.28,36.82,pulses and nuts
Beans (dry),Nairobi,Wholesale,2009-10-01,52.08888888888889,,,,WFP,Nairobi,-1.28,36.82,pulses and nuts
Beans (dry),Nairobi,Wholesale,2009-11-01,54.66666666666666,,,,WFP,Nairobi,-1.28,36.82,pulses and nuts
Beans (dry),Nairobi,Wholesale,2009-12-01,53.06666666666667,,,,WFP,Nairobi,-1.28,36.82,pulses and nuts
Beans (dry),Nairobi,Wholesale,2010-01-01,51.02222222222223,,,,WFP,Nairobi,-1.28,36.82,pulses and nuts
Beans (dry),Nairobi,Wholesale,2010-02-01,47.2,,,,WFP,Nairobi,-1.28,36.82,pulses and nuts
Beans (dry),Nairobi,Wholesale,2010-03-01,51.91111111111111,,,,WFP,Nairobi,-1.28,36.82,pulses and nuts
Beans (dry),Nairobi,Wholesale,2010-04-01,52.93333333333333,,,,WFP,Nairobi,-1.28,36.82,pulses and nuts
Beans (dry),Nairobi,Wholesale,2010-05-01,53.333333333333336,,,,WFP,Nairobi,-1.28,36.82,pulses and nuts
Beans (dry),Nairobi,Wholesale,2010-06-01,52.55555555555556,,,,WFP,Nairobi,-1.28,36.82,pulses and nuts
Beans (dry),Nairobi,Wholesale,2010-07-01,51.82222222222222,,,,WFP,Nairobi,-1.28,36.82,pulses and nuts
Beans (dry),Nairobi,Wholesale,2010-08-01,49.46666666666667,,,,WFP,Nairobi,-1.28,36.82,pulses and nuts
Beans (dry),Nairobi,Wholesale,2010-09-01,48.888888888888886,,,,WFP,Nairobi,-1.28,36.82,pulses and nuts
Beans (dry),Nairobi,Wholesale,2010-10-01,49.44444444444444,,,,WFP,Nairobi,-1.28,36.82,pulses and nuts
Beans (dry),Nairobi,Wholesale,2010-11-01,49.5,,,,WFP,Nairobi,-1.28,36.82,pulses and nuts
Beans (dry),Nairobi,Wholesale,2010-12-01,52.8,,,,WFP,Nairobi,-1.28,36.82,pulses and nuts
Beans (dry),Nairobi,Wholesale,2011-01-01,52.55555555555556,,,,WFP,Nairobi,-1.28,36.82,pulses and nuts
Beans (dry),Nairobi,Wholesale,2011-02-01,51.96666666666667,,,,WFP,Nairobi,-1.28,36.82,pulses and nuts
Beans (dry),Nairobi,Wholesale,2011-03-01,57.61111111111112,,,,WFP,Nairobi,-1.28,36.82,pulses and nuts
Beans (dry),Nairobi,Wholesale,2011-04-01,80.96666666666667,,,,WFP,Nairobi,-1.28,36.82,pulses and nuts
Beans (dry),Nairobi,Wholesale,2011-05-01,79.18888888888888,,,,WFP,Nairobi,-1.28,36.82,pulses and nuts
Beans (dry),Nairobi,Wholesale,2011-06-01,69.83333333333333,,,,WFP,Nairobi,-1.28,36.82,pulses and nuts
Beans (dry),Nairobi,Wholesale,2011-07-01,54.94444444444444,,,,WFP,Nairobi,-1.28,36.82,pulses and nuts
Beans (dry),Nairobi,Wholesale,2011-08-01,61.22222222222222,,,,WFP,Nairobi,-1.28,36.82,pulses and nuts
Beans (dry),Nairobi,Wholesale,2011-09-01,76.06666666666666,,,,WFP,Nairobi,-1.28,36.82,pulses and nuts
Beans (dry),Nairobi,Wholesale,2011-10-01,65.74444444444444,,,,WFP,Nairobi,-1.28,36.82,pulses and nuts
Beans (dry),Nairobi,Wholesale,2011-11-01,62.0,,,,WFP,Nairobi,-1.28,36.82,pulses and nuts
Beans (dry),Nairobi,Wholesale,2011-12-01,64.11111111111111,,,,WFP,Nairobi,-1.28,36.82,pulses and nuts
Beans (dry),Nairobi,Wholesale,2012-01-01,57.77777777777778,,,,WFP,Nairobi,-1.28,36.82,pulses and nuts
Beans (dry),Nairobi,Wholesale,2012-02-01,60.0,,,,WFP,Nairobi,-1.28,36.82,pulses and nuts
Beans (dry),Nairobi,Wholesale,2012-03-01,66.11111111111111,,,,WFP,Nairobi,-1.28,36.82,pulses and nuts
Beans (dry),Nairobi,Wholesale,2012-04-01,67.5,,,,WFP,Nairobi,-1.28,36.82,pulses and nuts
Beans (dry),Nairobi,Wholesale,2012-05-01,75.55555555555556,,,,WFP,Nairobi,-1.28,36.82,pulses and nuts
Beans (dry),Nairobi,Wholesale,2012-06-01,69.33333333333333,,,,WFP,Nairobi,-1.28,36.82,pulses and nuts
Beans (dry),Nairobi,Wholesale,2012-07-01,58.77777777777778,,,,WFP,Nairobi,-1.28,36.82,pulses and nuts
Beans (dry),Nairobi,Wholesale,2012-08-01,57.388888888888886,,,,WFP,Nairobi,-1.28,36.82,pulses and nuts
Beans (dry),Nairobi,Wholesale,2012-09-01,52.32222222222222,,,,WFP,Nairobi,-1.28,36.82,pulses and nuts
Beans (dry),Nairobi,Wholesale,2012-10-01,59.6,,,,WFP,Nairobi,-1.28,36.82,pulses and nuts
Beans (dry),Nairobi,Wholesale,2012-11-01,57.77777777777778,,,,WFP,Nairobi,-1.28,36.82,pulses and nuts
Beans (dry),Nairobi,Wholesale,2012-12-01,57.77777777777778,,,,WFP,Nairobi,-1.28,36.82,pulses and nuts
Beans (dry),Nairobi,Wholesale,2013-01-01,56.8,,,,WFP,Nairobi,-1.28,36.82,pulses and nuts
Beans (dry),Nairobi,Wholesale,2013-02-01,56.44444444444444,,,,WFP,Nairobi,-1.28,36.82,pulses and nuts
Beans (dry),Nairobi,Wholesale,2013-03-01,70.27777777777777,,,,WFP,Nairobi,-1.28,36.82,pulses and nuts
Beans (dry),Nairobi,Wholesale,2013-04-01,65.97777777777777,,,,WFP,Nairobi,-1.28,36.82,pulses and nuts
Beans (dry),Nairobi,Wholesale,2013-05-01,66.11111111111111,,,,WFP,Nairobi,-1.28,36.82,pulses and nuts
Beans (dry),Nairobi,Wholesale,2013-06-01,62.77777777777778,,,,WFP,Nairobi,-1.28,36.82,pulses and nuts
Beans (dry),Nairobi,Wholesale,2013-07-01,65.77777777777777,,,,WFP,Nairobi,-1.28,36.82,pulses and nuts
Beans (dry),Nairobi,Wholesale,2013-08-01,69.16666666666667,,,,WFP,Nairobi,-1.28,36.82,pulses and nuts
Beans (dry),Nairobi,Wholesale,2013-09-01,61.72222222222222,,,,WFP,Nairobi,-1.28,36.82,pulses and nuts
Beans (dry),Nairobi,Wholesale,2013-10-01,69.96666666666667,,,,WFP,Nairobi,-1.28,36.82,pulses and nuts
Beans (dry),Nairobi,Wholesale,2013-11-01,69.02222222222223,,,,WFP,Nairobi,-1.28,36.82,pulses and nuts
Beans (dry),Nairobi,Wholesale,2013-12-01,66.66666666666667,,,,WFP,Nairobi,-1.28,36.82,pulses and nuts
Beans (dry),Nairobi,Wholesale,2014-01-01,66.66666666666667,,,,WFP,Nairobi,-1.28,36.82,pulses and nuts
Beans (dry),Nairobi,Wholesale,2014-02-01,68.3,,,,WFP,Nairobi,-1.28,36.82,pulses and nuts
Beans (dry),Nairobi,Wholesale,2014-03-01,71.76388888888889,,,,WFP,Nairobi,-1.28,36.82,pulses and nuts
Beans (dry),Nairobi,Wholesale,2014-04-01,74.0,,,,WFP,Nairobi,-1.28,36.82,pulses and nuts
Beans (dry),Nairobi,Wholesale,2014-05-01,75.82222222222222,,,,WFP,Nairobi,-1.28,36.82,pulses and nuts
Beans (dry),Nairobi,Wholesale,2014-06-01,71.66666666666667,,,,WFP,Nairobi,-1.28,36.82,pulses and nuts
Beans (dry),Nairobi,Wholesale,2014-07-01,52.60322222222222,,,,WFP,Nairobi,-1.28,36.82,pulses and nuts
Beans (dry),Nairobi,Wholesale,2014-08-01,59.513888888888886,,,,WFP,Nairobi,-1.28,36.82,pulses and nuts
Beans (dry),Nairobi,Wholesale,2014-09-01,61.68888888888889,,,,WFP,Nairobi,-1.28,36.82,pulses and nuts
Beans (dry),Nairobi,Wholesale,2014-10-01,62.22222222222222,,,,WFP,Nairobi,-1.28,36.82,pulses and nuts
Beans (dry),Nairobi,Wholesale,2014-11-01,61.29633333333334,,,,WFP,Nairobi,-1.28,36.82,pulses and nuts
Beans (dry),Nairobi,Wholesale,2014-12-01,64.44444444444444,,,,WFP,Nairobi,-1.28,36.82,pulses and nuts
Beans (dry),Nairobi,Wholesale,2015-01-01,63.28888888888889,,,,WFP,Nairobi,-1.28,36.82,pulses and nuts
Beans (dry),Nairobi,Wholesale,2015-02-01,70.11111111111111,,,,WFP,Nairobi,-1.28,36.82,pulses and nuts
Beans (dry),Nairobi,Wholesale,2015-03-01,71.11111111111111,,,,WFP,Nairobi,-1.28,36.82,pulses and nuts
Beans (dry),Nairobi,Wholesale,2015-04-01,78.88888888888889,,,,WFP,Nairobi,-1.28,36.82,pulses and nuts
Beans (dry),Nairobi,Wholesale,2015-05-01,81.73333333333333,,,,WFP,Nairobi,-1.28,36.82,pulses and nuts
Beans (dry),Nairobi,Wholesale,2015-06-01,81.38888888888889,,,,WFP,Nairobi,-1.28,36.82,pulses and nuts
Beans (dry),Nairobi,Wholesale,2015-07-01,71.11111111111111,,,,WFP,Nairobi,-1.28,36.82,pulses and nuts
Beans (dry),Nairobi,Wholesale,2015-08-01,65.0,,,,WFP,Nairobi,-1.28,36.82,pulses and nuts
Beans (dry),Nairobi,Wholesale,2015-09-01,60.72222222222222,,,,WFP,Nairobi,-1.28,36.82,pulses and nuts
Beans (dry),Nairobi,Wholesale,2015-10-01,64.63333333333334,,,,WFP,Nairobi,-1.28,36.82,pulses and nuts
Beans (dry),Nairobi,Wholesale,2015-11-01,66.44444444444444,,,,WFP,Nairobi,-1.28,36.82,pulses and nuts
Beans (dry),Nairobi,Wholesale,2015-12-01,66.27777777777777,,,,WFP,Nairobi,-1.28,36.82,pulses and nuts
Beans (dry),Nairobi,Wholesale,2016-01-01,65.83333333333333,,,,WFP,Nairobi,-1.28,36.82,pulses and nuts
Beans (dry),Nairobi,Wholesale,2016-02-01,64.16666666666667,,,,WFP,Nairobi,-1.28,36.82,pulses and nuts
Beans (dry),Nairobi,Wholesale,2016-03-01,66.22222222222223,,,,WFP,Nairobi,-1.28,36.82,pulses and nuts
Beans (dry),Nairobi,Wholesale,2016-05-01,66.0,,,,WFP,Nairobi,-1.28,36.82,pulses and nuts
Beans (dry),Nairobi,Wholesale,2016-06-01,64.7,,,,WFP,Nairobi,-1.28,36.82,pulses and nuts
Beans (dry),Nairobi,Wholesale,2016-07-01,69.2521111111111,,,,WFP,Nairobi,-1.28,36.82,pulses and nuts
Beans (dry),Nairobi,Wholesale,2016-08-01,69.74811111111111,,,,WFP,Nairobi,-1.28,36.82,pulses and nuts
Beans (dry),Nairobi,Wholesale,2016-09-01,67.63333333333334,,,,WFP,Nairobi,-1.28,36.82,pulses and nuts
Beans (dry),Nairobi,Wholesale,2016-10-01,67.27777777777777,,,,WFP,Nairobi,-1.28,36.82,pulses and nuts
Beans (dry),Nairobi,Wholesale,2016-11-01,67.33333333333333,,,,WFP,Nairobi,-1.28,36.82,pulses and nuts
Beans (dry),Nairobi,Wholesale,2016-12-01,64.66666666666667,,,,WFP,Nairobi,-1.28,36.82,pulses and nuts
Beans (dry),Nairobi,Wholesale,2017-01-01,67.01333333333334,,,,WFP,Nairobi,-1.28,36.82,pulses and nuts
Beans (dry),Nairobi,Wholesale,2017-02-01,77.46111111111111,,,,WFP,Nairobi,-1.28,36.82,pulses and nuts
Beans (dry),Nairobi,Wholesale,2017-03-01,78.04444444444445,,,,WFP,Nairobi,-1.28,36.82,pulses and nuts
Beans (dry),Nairobi,Wholesale,2017-04-01,83.69444444444444,,,,WFP,Nairobi,-1.28,36.82,pulses and nuts
Beans (dry),Nairobi,Wholesale,2017-05-01,85.64444444444445,,,,WFP,Nairobi,-1.28,36.82,pulses and nuts
Beans (dry),Nairobi,Wholesale,2017-06-01,86.81111111111112,,,,WFP,Nairobi,-1.28,36.82,pulses and nuts
Beans (dry),Nairobi,Wholesale,2017-07-01,84.83333333333333,,,,WFP,Nairobi,-1.28,36.82,pulses and nuts
Beans (dry),Nairobi,Wholesale,2017-08-01,81.08888888888889,,,,WFP,Nairobi,-1.28,36.82,pulses and nuts
Beans (dry),Nairobi,Wholesale,2017-09-01,83.33333333333333,,,,WFP,Nairobi,-1.28,36.82,pulses and nuts
Beans (dry),Nairobi,Wholesale,2017-10-01,84.68755555555556,,,,WFP,Nairobi,-1.28,36.82,pulses and nuts
Beans (dry),Nairobi,Wholesale,2017-11-01,83.63333333333334,,,,WFP,Nairobi,-1.28,36.82,pulses and nuts
Beans (dry),Nairobi,Wholesale,2017-12-01,75.95833333333333,,,,WFP,Nairobi,-1.28,36.82,pulses and nuts
Beans (dry),Nairobi,Wholesale,2018-01-01,78.4,,,,WFP,Nairobi,-1.28,36.82,pulses and nuts
Beans (dry),Nairobi,Wholesale,2018-02-01,81.0,,,,WFP,Nairobi,-1.28,36.82,pulses and nuts
Beans (dry),Nairobi,Wholesale,2018-03-01,81.0,,,,WFP,Nairobi,-1.28,36.82,pulses and nuts
Beans (dry),Nairobi,Wholesale,2018-04-01,80.31244444444444,,,,WFP,Nairobi,-1.28,36.82,pulses and nuts
Beans (dry),Nairobi,Wholesale,2018-05-01,80.0,,,,WFP,Nairobi,-1.28,36.82,pulses and nuts
Beans (dry),Nairobi,Wholesale,2018-06-01,76.875,,,,WFP,Nairobi,-1.28,36.82,pulses and nuts
Beans (dry),Nairobi,Wholesale,2018-07-01,74.44444444444444,,,,WFP,Nairobi,-1.28,36.82,pulses and nuts
Beans (dry),Nairobi,Wholesale,2018-08-01,73.91111111111111,,,,WFP,Nairobi,-1.28,36.82,pulses and nuts
Beans (dry),Nairobi,Wholesale,2018-09-01,76.75,,,,WFP,Nairobi,-1.28,36.82,pulses and nuts
Beans (dry),Nairobi,Wholesale,2018-10-01,67.63888888888889,,,,WFP,Nairobi,-1.28,36.82,pulses and nuts
Beans (dry),Nairobi,Wholesale,2018-11-01,65.83333333333333,,,,WFP,Nairobi,-1.28,36.82,pulses and nuts
Beans (dry),Nairobi,Wholesale,2018-12-01,65.19444444444444,,,,WFP,Nairobi,-1.28,36.82,pulses and nuts
Beans (dry),Nairobi,Wholesale,2019-01-01,64.44444444444444,,,,WFP,Nairobi,-1.28,36.82,pulses and nuts
Beans (dry),Nairobi,Wholesale,2019-02-01,66.31944444444444,,,,WFP,Nairobi,-1.28,36.82,pulses and nuts
Beans (dry),Nairobi,Wholesale,2019-03-01,69.77777777777777,,,,WFP,Nairobi,-1.28,36.82,pulses and nuts
Beans (dry),Nairobi,Wholesale,2019-04-01,72.77777777777777,,,,WFP,Nairobi,-1.28,36.82,pulses and nuts
Beans (dry),Nairobi,Wholesale,2019-05-01,82.86666666666666,,,,WFP,Nairobi,-1.28,36.82,pulses and nuts
Beans (dry),Nairobi,Wholesale,2019-06-01,69.91666666666667,,,,WFP,Nairobi,-1.28,36.82,pulses and nuts
Beans (dry),Nairobi,Wholesale,2019-07-01,83.82222222222222,,,,WFP,Nairobi,-1.28,36.82,pulses and nuts
Beans (dry),Nairobi,Wholesale,2019-08-01,89.66666666666667,,,,WFP,Nairobi,-1.28,36.82,pulses and nuts
Beans (dry),Nairobi,Wholesale,2019-09-01,96.55555555555556,,,,WFP,Nairobi,-1.28,36.82,pulses and nuts
Beans (dry),Nairobi,Wholesale,2019-10-01,113.24444444444444,,,,FEWS+WFP,Nairobi,-1.28,36.82,pulses and nuts
Beans (dry),Nairobi,Wholesale,2019-11-01,108.88888888888889,,,,FEWS+WFP,Nairobi,-1.28,36.82,pulses and nuts
Beans (dry),Nairobi,Wholesale,2019-12-01,107.33333333333331,,,,FEWS+WFP,Nairobi,-1.28,36.82,pulses and nuts
Beans (dry),Nairobi,Wholesale,2020-01-01,94.31111111111112,,,,FEWS+WFP,Nairobi,-1.28,36.82,pulses and nuts
Beans (dry),Nairobi,Wholesale,2020-02-01,97.44444444444444,,,,FEWS+WFP,Nairobi,-1.28,36.82,pulses and nuts
Beans (dry),Nairobi,Wholesale,2020-03-01,92.77777777777777,,,,FEWS+WFP,Nairobi,-1.28,36.82,pulses and nuts
Beans (dry),Nairobi,Wholesale,2020-04-01,92.77777777777777,,,,FEWS,Nairobi,-1.28,36.82,pulses and nuts
Beans (dry),Nairobi,Wholesale,2020-05-01,95.0,,,,FEWS,Nairobi,-1.28,36.82,pulses and nuts
Beans (dry),Nairobi,Wholesale,2020-06-01,117.71111111111111,,,,FEWS,Nairobi,-1.28,36.82,pulses and nuts
Beans (dry),Nairobi,Wholesale,2020-07-01,92.5,,,,FEWS,Nairobi,-1.28,36.82,pulses and nuts
Beans (dry),Nairobi,Wholesale,2020-08-01,95.55555555555556,,,,FEWS,Nairobi,-1.28,36.82,pulses and nuts
Beans (dry),Nairobi,Wholesale,2020-09-01,95.55555555555556,,,,FEWS,Nairobi,-1.28,36.82,pulses and nuts
Beans (dry),Nairobi,Wholesale,2020-10-01,95.55555555555556,,,,FEWS,Nairobi,-1.28,36.82,pulses and nuts
Beans (dry),Nairobi,Wholesale,2020-11-01,95.33333333333333,,,,FEWS,Nairobi,-1.28,36.82,pulses and nuts
Beans (dry),Nairobi,Wholesale,2020-12-01,94.44444444444444,,,,FEWS,Nairobi,-1.28,36.82,pulses and nuts
Beans (dry),Nairobi,Wholesale,2021-01-01,90.0,,,,FEWS,Nairobi,-1.28,36.82,pulses and nuts
Beans (dry),Nairobi,Wholesale,2021-02-01,90.0,,,,FEWS,Nairobi,-1.28,36.82,pulses and nuts
Beans (dry),Nairobi,Wholesale,2021-03-01,105.0,,,,FEWS,Nairobi,-1.28,36.82,pulses and nuts
Beans (dry),Nairobi,Wholesale,2021-04-01,100.0,,,,FEWS,Nairobi,-1.28,36.82,pulses and nuts
Beans (dry),Nairobi,Wholesale,2021-05-01,100.0,,,,FEWS,Nairobi,-1.28,36.82,pulses and nuts
Beans (dry),Nairobi,Wholesale,2021-06-01,60.833333333333336,,,,FEWS,Nairobi,-1.28,36.82,pulses and nuts
Beans (dry),Nairobi,Wholesale,2021-07-01,94.73333333333333,,,,FEWS,Nairobi,-1.28,36.82,pulses and nuts
Beans (dry),Nairobi,Wholesale,2021-08-01,110.0,,,,FEWS,Nairobi,-1.28,36.82,pulses and nuts
Beans (dry),Nairobi,Wholesale,2021-09-01,120.0,,,,FEWS,Nairobi,-1.28,36.82,pulses and nuts
Beans (dry),Nairobi,Wholesale,2021-10-01,95.6,,,,FEWS,Nairobi,-1.28,36.82,pulses and nuts
Beans (dry),Nairobi,Wholesale,2021-11-01,100.53333333333333,,,,FEWS,Nairobi,-1.28,36.82,pulses and nuts
Beans (dry),Nairobi,Wholesale,2021-12-01,100.0,,,,FEWS,Nairobi,-1.28,36.82,pulses and nuts
Beans (dry),Nairobi,Wholesale,2022-01-01,96.348571,,,,KAMIS,Nairobi,-1.28,36.82,pulses and nuts
Beans (dry),Nairobi,Wholesale,2022-02-01,91.75999999999999,,,,KAMIS,Nairobi,-1.28,36.82,pulses and nuts
Beans (dry),Nairobi,Wholesale,2022-03-01,75.9931665,,,,KAMIS,Nairobi,-1.28,36.82,pulses and nuts
Beans (dry),Nairobi,Wholesale,2022-04-01,83.6805,,,,KAMIS,Nairobi,-1.28,36.82,pulses and nuts
Beans (dry),Nairobi,Wholesale,2022-05-01,92.597542,,,,KAMIS,Nairobi,-1.28,36.82,pulses and nuts
Beans (dry),Nairobi,Wholesale,2022-06-01,95.6086715,,,,KAMIS,Nairobi,-1.28,36.82,pulses and nuts
Beans (dry),Nairobi,Wholesale,2022-07-01,104.0709675,,,,KAMIS,Nairobi,-1.28,36.82,pulses and nuts
Beans (dry),Nairobi,Wholesale,2022-08-01,123.4836995,,,,KAMIS,Nairobi,-1.28,36.82,pulses and nuts
Beans (dry),Nairobi,Wholesale,2022-09-01,132.59538700000002,,,,KAMIS,Nairobi,-1.28,36.82,pulses and nuts
Beans (dry),Nairobi,Wholesale,2022-10-01,140.5565,,,,KAMIS,Nairobi,-1.28,36.82,pulses and nuts
Beans (dry),Nairobi,Wholesale,2022-11-01,148.1280165,,,,KAMIS,Nairobi,-1.28,36.82,pulses and nuts
Beans (dry),Nairobi,Wholesale,2022-12-01,139.750333,,,,KAMIS,Nairobi,-1.28,36.82,pulses and nuts
Beans (dry),Nairobi,Wholesale,2023-01-01,148.9205335,,,,KAMIS,Nairobi,-1.28,36.82,pulses and nuts
Beans (dry),Nairobi,Wholesale,2023-02-01,155.5690655,,,,KAMIS,Nairobi,-1.28,36.82,pulses and nuts
Beans (dry),Nairobi,Wholesale,2023-03-01,169.85832299999998,,,,KAMIS,Nairobi,-1.28,36.82,pulses and nuts
Beans (dry),Nairobi,Wholesale,2023-04-01,171.227963,,,,KAMIS,Nairobi,-1.28,36.82,pulses and nuts
Beans (dry),Nairobi,Wholesale,2023-05-01,164.6071,,,,KAMIS,Nairobi,-1.28,36.82,pulses and nuts
Beans (dry),Nairobi,Wholesale,2023-06-01,161.2519325,,,,KAMIS,Nairobi,-1.28,36.82,pulses and nuts
Beans (dry),Nairobi,Wholesale,2023-07-01,150.504495,,,,KAMIS,Nairobi,-1.28,36.82,pulses and nuts
Beans (dry),Nairobi,Wholesale,2023-08-01,148.26505350000002,,,,KAMIS,Nairobi,-1.28,36.82,pulses and nuts
Beans (dry),Nairobi,Wholesale,2023-09-01,146.5925135,,,,KAMIS,Nairobi,-1.28,36.82,pulses and nuts
Beans (dry),Nairobi,Wholesale,2023-10-01,146.8651615,,,,KAMIS,Nairobi,-1.28,36.82,pulses and nuts
Beans (dry),Nairobi,Wholesale,2023-11-01,141.20511249999998,,,,KAMIS,Nairobi,-1.28,36.82,pulses and nuts
Beans (dry),Nairobi,Wholesale,2023-12-01,147.2405265,,,,KAMIS,Nairobi,-1.28,36.82,pulses and nuts
Beans (dry),Nairobi,Wholesale,2024-01-01,138.87359800000002,,,,KAMIS,Nairobi,-1.28,36.82,pulses and nuts
Beans (dry),Nairobi,Wholesale,2024-02-01,132.606662,,,,KAMIS,Nairobi,-1.28,36.82,pulses and nuts
Beans (dry),Nairobi,Wholesale,2024-03-01,132.13969450000002,,,,KAMIS,Nairobi,-1.28,36.82,pulses and nuts
Beans (dry),Nairobi,Wholesale,2024-04-01,126.048889,,,,KAMIS,Nairobi,-1.28,36.82,pulses and nuts
Beans (dry),Nairobi,Wholesale,2024-05-01,129.8015175,,,,KAMIS,Nairobi,-1.28,36.82,pulses and nuts
Beans (dry),Nairobi,Wholesale,2024-06-01,121.28608849999999,,,,KAMIS,Nairobi,-1.28,36.82,pulses and nuts
Beans (dry),Nairobi,Wholesale,2024-07-01,119.03157150000001,,,,KAMIS,Nairobi,-1.28,36.82,pulses and nuts
Beans (dry),Nairobi,Wholesale,2024-08-01,110.5057645,,,,KAMIS,Nairobi,-1.28,36.82,pulses and nuts
Beans (dry),Nairobi,Wholesale,2024-09-01,114.4914575,,,,KAMIS,Nairobi,-1.28,36.82,pulses and nuts
Beans (dry),Nairobi,Wholesale,2024-10-01,112.065844,,,,KAMIS,Nairobi,-1.28,36.82,pulses and nuts
Beans (dry),Nairobi,Wholesale,2025-05-01,120.7115625,,,,KAMIS,Nairobi,-1.28,36.82,pulses and nuts
Beans (dry),Nairobi,Wholesale,2025-06-01,119.686375,,,,KAMIS,Nairobi,-1.28,36.82,pulses and nuts
Beans (dry),Nairobi,Wholesale,2025-07-01,117.975627,,,,KAMIS,Nairobi,-1.28,36.82,pulses and nuts
Beans (dry),Nairobi,Wholesale,2025-08-01,118.333125,,,,KAMIS,Nairobi,-1.28,36.82,pulses and nuts
Beans (dry),Nairobi,Wholesale,2025-09-01,92.7954545,,,,KAMIS,Nairobi,-1.28,36.82,pulses and nuts
Beans (dry),Nairobi,Wholesale,2025-10-01,97.456923,,,,KAMIS,Nairobi,-1.28,36.82,pulses and nuts
Beans (dry),Nairobi,Wholesale,2025-11-01,97.5,,,,KAMIS,Nairobi,-1.28,36.82,pulses and nuts
Beans (dry),Nairobi,Wholesale,2025-12-01,97.5,,,,KAMIS,Nairobi,-1.28,36.82,pulses and nuts
Beans (dry),Nairobi,Wholesale,2026-01-01,101.54825,,,,KAMIS,Nairobi,-1.28,36.82,pulses and nuts
Beans (dry),Nairobi,Wholesale,2026-02-01,117.0410525,,,,KAMIS,Nairobi,-1.28,36.82,pulses and nuts
Beans (dry),Nairobi,Wholesale,2026-03-01,102.5,,,,KAMIS,Nairobi,-1.28,36.82,pulses and nuts
Beans (dry),Nairobi,Wholesale,2026-04-01,102.5,,,,KAMIS,Nairobi,-1.28,36.82,pulses and nuts
Beans (dry),Nairobi,Wholesale,2026-05-01,108.9285715,,,,KAMIS,Nairobi,-1.28,36.82,pulses and nuts
Beans (dry),Nairobi,Wholesale,2026-06-01,112.5,,,,KAMIS,Nairobi,-1.28,36.82,pulses and nuts
Beans (dry),Nairobi,Wholesale,2026-07-01,112.5,,,,KAMIS,Nairobi,-1.28,36.82,pulses and nuts
Beans (dry),Nairobi,Wholesale,2026-08-01,106.0604465,,,,KAMIS,Nairobi,-1.28,36.82,pulses and nuts
Beans (dry),Nairobi,Wholesale,2026-09-01,109.23625000000001,,,,KAMIS,Nairobi,-1.28,36.82,pulses and nuts
Beans (dry),Nakuru,Wholesale,2015-01-01,60.0,,,,WFP,Rift Valley,-0.28,36.07,pulses and nuts
Beans (dry),Nakuru,Wholesale,2015-02-01,60.0,,,,WFP,Rift Valley,-0.28,36.07,pulses and nuts
Beans (dry),Nakuru,Wholesale,2015-03-01,68.88888888888889,,,,WFP,Rift Valley,-0.28,36.07,pulses and nuts
Beans (dry),Nakuru,Wholesale,2015-04-01,77.77777777777777,,,,WFP,Rift Valley,-0.28,36.07,pulses and nuts
Beans (dry),Nakuru,Wholesale,2015-05-01,77.77777777777777,,,,WFP,Rift Valley,-0.28,36.07,pulses and nuts
Beans (dry),Nakuru,Wholesale,2015-06-01,77.77777777777777,,,,WFP,Rift Valley,-0.28,36.07,pulses and nuts
Beans (dry),Nakuru,Wholesale,2015-07-01,73.33333333333333,,,,WFP,Rift Valley,-0.28,36.07,pulses and nuts
Beans (dry),Nakuru,Wholesale,2015-08-01,60.0,,,,WFP,Rift Valley,-0.28,36.07,pulses and nuts
Beans (dry),Nakuru,Wholesale,2015-09-01,56.86111111111112,,,,WFP,Rift Valley,-0.28,36.07,pulses and nuts
Beans (dry),Nakuru,Wholesale,2015-10-01,56.833333333333336,,,,WFP,Rift Valley,-0.28,36.07,pulses and nuts
Beans (dry),Nakuru,Wholesale,2015-11-01,55.55555555555556,,,,WFP,Rift Valley,-0.28,36.07,pulses and nuts
Beans (dry),Nakuru,Wholesale,2015-12-01,55.05555555555556,,,,WFP,Rift Valley,-0.28,36.07,pulses and nuts
Beans (dry),Nakuru,Wholesale,2016-01-01,59.333333333333336,,,,WFP,Rift Valley,-0.28,36.07,pulses and nuts
Beans (dry),Nakuru,Wholesale,2016-02-01,64.72222222222223,,,,WFP,Rift Valley,-0.28,36.07,pulses and nuts
Beans (dry),Nakuru,Wholesale,2016-03-01,85.2,,,,WFP,Rift Valley,-0.28,36.07,pulses and nuts
Beans (dry),Nakuru,Wholesale,2016-05-01,68.05555555555556,,,,WFP,Rift Valley,-0.28,36.07,pulses and nuts
Beans (dry),Nakuru,Wholesale,2016-06-01,58.333333333333336,,,,WFP,Rift Valley,-0.28,36.07,pulses and nuts
Beans (dry),Nakuru,Wholesale,2016-07-01,56.94444444444444,,,,WFP,Rift Valley,-0.28,36.07,pulses and nuts
Beans (dry),Nakuru,Wholesale,2016-08-01,56.0,,,,WFP,Rift Valley,-0.28,36.07,pulses and nuts
Beans (dry),Nakuru,Wholesale,2016-09-01,55.55555555555556,,,,WFP,Rift Valley,-0.28,36.07,pulses and nuts
Beans (dry),Nakuru,Wholesale,2016-10-01,55.55555555555556,,,,WFP,Rift Valley,-0.28,36.07,pulses and nuts
Beans (dry),Nakuru,Wholesale,2016-11-01,55.55555555555556,,,,WFP,Rift Valley,-0.28,36.07,pulses and nuts
Beans (dry),Nakuru,Wholesale,2016-12-01,55.55555555555556,,,,WFP,Rift Valley,-0.28,36.07,pulses and nuts
Beans (dry),Nakuru,Wholesale,2017-01-01,55.55555555555556,,,,WFP,Rift Valley,-0.28,36.07,pulses and nuts
Beans (dry),Nakuru,Wholesale,2017-02-01,56.22222222222222,,,,WFP,Rift Valley,-0.28,36.07,pulses and nuts
Beans (dry),Nakuru,Wholesale,2017-03-01,59.11111111111112,,,,WFP,Rift Valley,-0.28,36.07,pulses and nuts
Beans (dry),Nakuru,Wholesale,2017-04-01,83.0,,,,WFP,Rift Valley,-0.28,36.07,pulses and nuts
Beans (dry),Nakuru,Wholesale,2017-05-01,72.88888888888889,,,,WFP,Rift Valley,-0.28,36.07,pulses and nuts
Beans (dry),Nakuru,Wholesale,2017-06-01,64.44444444444444,,,,WFP,Rift Valley,-0.28,36.07,pulses and nuts
Beans (dry),Nakuru,Wholesale,2017-07-01,62.11111111111112,,,,WFP,Rift Valley,-0.28,36.07,pulses and nuts
Beans (dry),Nakuru,Wholesale,2017-08-01,61.11111111111112,,,,WFP,Rift Valley,-0.28,36.07,pulses and nuts
Beans (dry),Nakuru,Wholesale,2017-09-01,61.11111111111112,,,,WFP,Rift Valley,-0.28,36.07,pulses and nuts
Beans (dry),Nakuru,Wholesale,2017-10-01,61.11111111111112,,,,WFP,Rift Valley,-0.28,36.07,pulses and nuts
Beans (dry),Nakuru,Wholesale,2017-11-01,61.11111111111112,,,,WFP,Rift Valley,-0.28,36.07,pulses and nuts
Beans (dry),Nakuru,Wholesale,2017-12-01,61.11111111111112,,,,WFP,Rift Valley,-0.28,36.07,pulses and nuts
Beans (dry),Nakuru,Wholesale,2018-01-01,64.88888888888889,,,,WFP,Rift Valley,-0.28,36.07,pulses and nuts
Beans (dry),Nakuru,Wholesale,2018-02-01,80.0,,,,WFP,Rift Valley,-0.28,36.07,pulses and nuts
Beans (dry),Nakuru,Wholesale,2018-03-01,77.5,,,,WFP,Rift Valley,-0.28,36.07,pulses and nuts
Beans (dry),Nakuru,Wholesale,2018-04-01,80.0,,,,WFP,Rift Valley,-0.28,36.07,pulses and nuts
Beans (dry),Nakuru,Wholesale,2018-05-01,79.66666666666667,,,,WFP,Rift Valley,-0.28,36.07,pulses and nuts
Beans (dry),Nakuru,Wholesale,2018-06-01,71.44444444444444,,,,WFP,Rift Valley,-0.28,36.07,pulses and nuts
Beans (dry),Nakuru,Wholesale,2018-07-01,63.27777777777778,,,,WFP,Rift Valley,-0.28,36.07,pulses and nuts
Beans (dry),Nakuru,Wholesale,2018-08-01,59.11111111111112,,,,WFP,Rift Valley,-0.28,36.07,pulses and nuts
Beans (dry),Nakuru,Wholesale,2018-09-01,60.0,,,,WFP,Rift Valley,-0.28,36.07,pulses and nuts
Beans (dry),Nakuru,Wholesale,2018-10-01,60.0,,,,WFP,Rift Valley,-0.28,36.07,pulses and nuts
Beans (dry),Nakuru,Wholesale,2018-11-01,60.0,,,,WFP,Rift Valley,-0.28,36.07,pulses and nuts
Beans (dry),Nakuru,Wholesale,2018-12-01,60.0,,,,WFP,Rift Valley,-0.28,36.07,pulses and nuts
Beans (dry),Nakuru,Wholesale,2019-01-01,60.0,,,,WFP,Rift Valley,-0.28,36.07,pulses and nuts
Beans (dry),Nakuru,Wholesale,2019-02-01,55.55555555555556,,,,WFP,Rift Valley,-0.28,36.07,pulses and nuts
Beans (dry),Nakuru,Wholesale,2019-03-01,58.75555555555555,,,,WFP,Rift Valley,-0.28,36.07,pulses and nuts
Beans (dry),Nakuru,Wholesale,2019-04-01,85.55555555555556,,,,WFP,Rift Valley,-0.28,36.07,pulses and nuts
Beans (dry),Nakuru,Wholesale,2019-05-01,94.44444444444444,,,,WFP,Rift Valley,-0.28,36.07,pulses and nuts
Beans (dry),Nakuru,Wholesale,2019-06-01,94.44444444444444,,,,WFP,Rift Valley,-0.28,36.07,pulses and nuts
Beans (dry),Nakuru,Wholesale,2019-07-01,94.44444444444444,,,,WFP,Rift Valley,-0.28,36.07,pulses and nuts
Beans (dry),Nakuru,Wholesale,2019-08-01,94.44444444444444,,,,WFP,Rift Valley,-0.28,36.07,pulses and nuts
Beans (dry),Nakuru,Wholesale,2019-09-01,70.0,,,,WFP,Rift Valley,-0.28,36.07,pulses and nuts
Beans (dry),Nakuru,Wholesale,2019-10-01,67.11111111111111,,,,WFP,Rift Valley,-0.28,36.07,pulses and nuts
Beans (dry),Nakuru,Wholesale,2019-11-01,55.55555555555556,,,,WFP,Rift Valley,-0.28,36.07,pulses and nuts
Beans (dry),Nakuru,Wholesale,2019-12-01,55.55555555555556,,,,WFP,Rift Valley,-0.28,36.07,pulses and nuts
Beans (dry),Nakuru,Wholesale,2020-01-01,58.68055555555556,,,,WFP,Rift Valley,-0.28,36.07,pulses and nuts
Beans (dry),Nakuru,Wholesale,2020-02-01,81.38888888888889,,,,WFP,Rift Valley,-0.28,36.07,pulses and nuts
Beans (dry),Nakuru,Wholesale,2020-03-01,88.88888888888889,,,,WFP,Rift Valley,-0.28,36.07,pulses and nuts
Beans (dry),Nakuru,Wholesale,2022-01-01,66.991342,,,,KAMIS,Rift Valley,-0.28,36.07,pulses and nuts
Beans (dry),Nakuru,Wholesale,2022-02-01,65.9210525,,,,KAMIS,Rift Valley,-0.28,36.07,pulses and nuts
Beans (dry),Nakuru,Wholesale,2022-03-01,65.595238,,,,KAMIS,Rift Valley,-0.28,36.07,pulses and nuts
Beans (dry),Nakuru,Wholesale,2022-04-01,78.4615385,,,,KAMIS,Rift Valley,-0.28,36.07,pulses and nuts
Beans (dry),Nakuru,Wholesale,2022-05-01,86.370588,,,,KAMIS,Rift Valley,-0.28,36.07,pulses and nuts
Beans (dry),Nakuru,Wholesale,2022-06-01,90.0,,,,KAMIS,Rift Valley,-0.28,36.07,pulses and nuts
Beans (dry),Nakuru,Wholesale,2022-07-01,94.730486,,,,KAMIS,Rift Valley,-0.28,36.07,pulses and nuts
Beans (dry),Nakuru,Wholesale,2022-08-01,100.963111,,,,KAMIS,Rift Valley,-0.28,36.07,pulses and nuts
Beans (dry),Nakuru,Wholesale,2022-09-01,111.44437500000001,,,,KAMIS,Rift Valley,-0.28,36.07,pulses and nuts
Beans (dry),Nakuru,Wholesale,2022-10-01,116.745,,,,KAMIS,Rift Valley,-0.28,36.07,pulses and nuts
Beans (dry),Nakuru,Wholesale,2022-11-01,111.4586155,,,,KAMIS,Rift Valley,-0.28,36.07,pulses and nuts
Beans (dry),Nakuru,Wholesale,2022-12-01,117.9378125,,,,KAMIS,Rift Valley,-0.28,36.07,pulses and nuts
Beans (dry),Nakuru,Wholesale,2023-01-01,114.4111905,,,,KAMIS,Rift Valley,-0.28,36.07,pulses and nuts
Beans (dry),Nakuru,Wholesale,2023-02-01,132.487842,,,,KAMIS,Rift Valley,-0.28,36.07,pulses and nuts
Beans (dry),Nakuru,Wholesale,2023-03-01,144.1945,,,,KAMIS,Rift Valley,-0.28,36.07,pulses and nuts
Beans (dry),Nakuru,Wholesale,2023-04-01,154.147731,,,,KAMIS,Rift Valley,-0.28,36.07,pulses and nuts
Beans (dry),Nakuru,Wholesale,2023-05-01,155.299675,,,,KAMIS,Rift Valley,-0.28,36.07,pulses and nuts
Beans (dry),Nakuru,Wholesale,2023-06-01,154.20666649999998,,,,KAMIS,Rift Valley,-0.28,36.07,pulses and nuts
Beans (dry),Nakuru,Wholesale,2023-07-01,131.091923,,,,KAMIS,Rift Valley,-0.28,36.07,pulses and nuts
Beans (dry),Nakuru,Wholesale,2023-08-01,124.8225685,,,,KAMIS,Rift Valley,-0.28,36.07,pulses and nuts
Beans (dry),Nakuru,Wholesale,2023-09-01,126.299634,,,,KAMIS,Rift Valley,-0.28,36.07,pulses and nuts
Beans (dry),Nakuru,Wholesale,2023-10-01,135.541667,,,,KAMIS,Rift Valley,-0.28,36.07,pulses and nuts
Beans (dry),Nakuru,Wholesale,2023-11-01,122.1000755,,,,KAMIS,Rift Valley,-0.28,36.07,pulses and nuts
Beans (dry),Nakuru,Wholesale,2023-12-01,120.7894735,,,,KAMIS,Rift Valley,-0.28,36.07,pulses and nuts
Beans (dry),Nakuru,Wholesale,2024-01-01,111.904762,,,,KAMIS,Rift Valley,-0.28,36.07,pulses and nuts
Beans (dry),Nakuru,Wholesale,2024-02-01,118.33333350000001,,,,KAMIS,Rift Valley,-0.28,36.07,pulses and nuts
Beans (dry),Nakuru,Wholesale,2024-03-01,113.868421,,,,KAMIS,Rift Valley,-0.28,36.07,pulses and nuts
Beans (dry),Nakuru,Wholesale,2024-04-01,121.7251465,,,,KAMIS,Rift Valley,-0.28,36.07,pulses and nuts
Beans (dry),Nakuru,Wholesale,2024-05-01,123.33333300000001,,,,KAMIS,Rift Valley,-0.28,36.07,pulses and nuts
Maize,Eldoret,Wholesale,2006-01-01,13.03261111111111,,,,WFP,Rift Valley,0.52,35.28,cereals and tubers
Maize,Eldoret,Wholesale,2006-02-01,13.464222222222222,,,,WFP,Rift Valley,0.52,35.28,cereals and tubers
Maize,Eldoret,Wholesale,2006-03-01,13.21188888888889,,,,WFP,Rift Valley,0.52,35.28,cereals and tubers
Maize,Eldoret,Wholesale,2006-04-01,14.188222222222224,,,,WFP,Rift Valley,0.52,35.28,cereals and tubers
Maize,Eldoret,Wholesale,2006-05-01,15.700611111111112,,,,WFP,Rift Valley,0.52,35.28,cereals and tubers
Maize,Eldoret,Wholesale,2006-06-01,17.075777777777777,,,,WFP,Rift Valley,0.52,35.28,cereals and tubers
Maize,Eldoret,Wholesale,2006-07-01,16.72405555555555,,,,WFP,Rift Valley,0.52,35.28,cereals and tubers
Maize,Eldoret,Wholesale,2006-08-01,17.06011111111111,,,,WFP,Rift Valley,0.52,35.28,cereals and tubers
Maize,Eldoret,Wholesale,2006-09-01,12.51977777777778,,,,WFP,Rift Valley,0.52,35.28,cereals and tubers
Maize,Eldoret,Wholesale,2006-10-01,11.7515,,,,WFP,Rift Valley,0.52,35.28,cereals and tubers
Maize,Eldoret,Wholesale,2006-11-01,10.95277777777778,,,,WFP,Rift Valley,0.52,35.28,cereals and tubers
Maize,Eldoret,Wholesale,2006-12-01,11.231277777777777,,,,WFP,Rift Valley,0.52,35.28,cereals and tubers
Maize,Eldoret,Wholesale,2007-01-01,10.662444444444445,,,,WFP,Rift Valley,0.52,35.28,cereals and tubers
Maize,Eldoret,Wholesale,2007-02-01,10.443805555555556,,,,WFP,Rift Valley,0.52,35.28,cereals and tubers
Maize,Eldoret,Wholesale,2007-03-01,10.952666666666667,,,,WFP,Rift Valley,0.52,35.28,cereals and tubers
Maize,Eldoret,Wholesale,2007-04-01,12.663083333333333,,,,WFP,Rift Valley,0.52,35.28,cereals and tubers
Maize,Eldoret,Wholesale,2007-05-01,12.65897222222222,,,,WFP,Rift Valley,0.52,35.28,cereals and tubers
Maize,Eldoret,Wholesale,2007-06-01,13.210916666666666,,,,WFP,Rift Valley,0.52,35.28,cereals and tubers
Maize,Eldoret,Wholesale,2007-07-01,13.140027777777778,,,,WFP,Rift Valley,0.52,35.28,cereals and tubers
Maize,Eldoret,Wholesale,2007-08-01,13.08625,,,,WFP,Rift Valley,0.52,35.28,cereals and tubers
Maize,Eldoret,Wholesale,2007-09-01,12.850472222222225,,,,WFP,Rift Valley,0.52,35.28,cereals and tubers
Maize,Eldoret,Wholesale,2007-10-01,13.572277777777778,,,,WFP,Rift Valley,0.52,35.28,cereals and tubers
Maize,Eldoret,Wholesale,2007-11-01,13.528055555555556,,,,WFP,Rift Valley,0.52,35.28,cereals and tubers
Maize,Eldoret,Wholesale,2007-12-01,13.095305555555557,,,,WFP,Rift Valley,0.52,35.28,cereals and tubers
Maize,Eldoret,Wholesale,2008-01-01,13.333333333333334,,,,WFP,Rift Valley,0.52,35.28,cereals and tubers
Maize,Eldoret,Wholesale,2008-02-01,11.11111111111111,,,,WFP,Rift Valley,0.52,35.28,cereals and tubers
Maize,Eldoret,Wholesale,2008-03-01,13.055555555555555,,,,WFP,Rift Valley,0.52,35.28,cereals and tubers
Maize,Eldoret,Wholesale,2008-04-01,15.6505,,,,WFP,Rift Valley,0.52,35.28,cereals and tubers
Maize,Eldoret,Wholesale,2008-05-01,19.39738888888889,,,,WFP,Rift Valley,0.52,35.28,cereals and tubers
Maize,Eldoret,Wholesale,2008-06-01,19.409333333333333,,,,WFP,Rift Valley,0.52,35.28,cereals and tubers
Maize,Eldoret,Wholesale,2008-07-01,18.33538888888889,,,,WFP,Rift Valley,0.52,35.28,cereals and tubers
Maize,Eldoret,Wholesale,2008-08-01,20.1415,,,,WFP,Rift Valley,0.52,35.28,cereals and tubers
Maize,Eldoret,Wholesale,2008-09-01,24.642,,,,WFP,Rift Valley,0.52,35.28,cereals and tubers
Maize,Eldoret,Wholesale,2008-10-01,22.67127777777777,,,,WFP,Rift Valley,0.52,35.28,cereals and tubers
Maize,Eldoret,Wholesale,2008-11-01,21.26822222222222,,,,WFP,Rift Valley,0.52,35.28,cereals and tubers
Maize,Eldoret,Wholesale,2008-12-01,17.753444444444444,,,,WFP,Rift Valley,0.52,35.28,cereals and tubers
Maize,Eldoret,Wholesale,2009-01-01,17.988166666666665,,,,WFP,Rift Valley,0.52,35.28,cereals and tubers
Maize,Eldoret,Wholesale,2009-02-01,24.1065,,,,WFP,Rift Valley,0.52,35.28,cereals and tubers
Maize,Eldoret,Wholesale,2009-03-01,29.46061111111111,,,,WFP,Rift Valley,0.52,35.28,cereals and tubers
Maize,Eldoret,Wholesale,2009-04-01,29.23288888888889,,,,WFP,Rift Valley,0.52,35.28,cereals and tubers
Maize,Eldoret,Wholesale,2009-05-01,29.246166666666667,,,,WFP,Rift Valley,0.52,35.28,cereals and tubers
Maize,Eldoret,Wholesale,2009-06-01,29.19961111111111,,,,WFP,Rift Valley,0.52,35.28,cereals and tubers
Maize,Eldoret,Wholesale,2009-07-01,30.39,,,,WFP,Rift Valley,0.52,35.28,cereals and tubers
Maize,Eldoret,Wholesale,2009-08-01,33.069,,,,WFP,Rift Valley,0.52,35.28,cereals and tubers
Maize,Eldoret,Wholesale,2009-09-01,31.033277777777776,,,,WFP,Rift Valley,0.52,35.28,cereals and tubers
Maize,Eldoret,Wholesale,2009-10-01,26.244444444444444,,,,WFP,Rift Valley,0.52,35.28,cereals and tubers
Maize,Eldoret,Wholesale,2009-11-01,22.1,,,,WFP,Rift Valley,0.52,35.28,cereals and tubers
Maize,Eldoret,Wholesale,2009-12-01,23.78794444444444,,,,WFP,Rift Valley,0.52,35.28,cereals and tubers
Maize,Eldoret,Wholesale,2010-01-01,24.084000000000003,,,,WFP,Rift Valley,0.52,35.28,cereals and tubers
Maize,Eldoret,Wholesale,2010-02-01,22.309555555555555,,,,WFP,Rift Valley,0.52,35.28,cereals and tubers
Maize,Eldoret,Wholesale,2010-03-01,21.5115,,,,WFP,Rift Valley,0.52,35.28,cereals and tubers
Maize,Eldoret,Wholesale,2010-04-01,23.31905555555556,,,,WFP,Rift Valley,0.52,35.28,cereals and tubers
Maize,Eldoret,Wholesale,2010-05-01,20.69938888888889,,,,WFP,Rift Valley,0.52,35.28,cereals and tubers
Maize,Eldoret,Wholesale,2010-06-01,20.160222222222224,,,,WFP,Rift Valley,0.52,35.28,cereals and tubers
Maize,Eldoret,Wholesale,2010-07-01,13.614666666666666,,,,WFP,Rift Valley,0.52,35.28,cereals and tubers
Maize,Eldoret,Wholesale,2010-08-01,13.120222222222225,,,,WFP,Rift Valley,0.52,35.28,cereals and tubers
Maize,Eldoret,Wholesale,2010-09-01,12.379,,,,WFP,Rift Valley,0.52,35.28,cereals and tubers
Maize,Eldoret,Wholesale,2010-10-01,13.078333333333331,,,,WFP,Rift Valley,0.52,35.28,cereals and tubers
Maize,Eldoret,Wholesale,2010-11-01,12.95361111111111,,,,WFP,Rift Valley,0.52,35.28,cereals and tubers
Maize,Eldoret,Wholesale,2010-12-01,13.4395,,,,WFP,Rift Valley,0.52,35.28,cereals and tubers
Maize,Eldoret,Wholesale,2011-01-01,13.605611111111113,,,,WFP,Rift Valley,0.52,35.28,cereals and tubers
Maize,Eldoret,Wholesale,2011-02-01,19.29011111111111,,,,WFP,Rift Valley,0.52,35.28,cereals and tubers
Maize,Eldoret,Wholesale,2011-03-01,22.104055555555554,,,,WFP,Rift Valley,0.52,35.28,cereals and tubers
Maize,Eldoret,Wholesale,2011-04-01,26.08761111111111,,,,WFP,Rift Valley,0.52,35.28,cereals and tubers
Maize,Eldoret,Wholesale,2011-05-01,34.27594444444444,,,,WFP,Rift Valley,0.52,35.28,cereals and tubers
Maize,Eldoret,Wholesale,2011-06-01,38.04855555555555,,,,WFP,Rift Valley,0.52,35.28,cereals and tubers
Maize,Eldoret,Wholesale,2011-07-01,48.12811111111111,,,,WFP,Rift Valley,0.52,35.28,cereals and tubers
Maize,Eldoret,Wholesale,2011-08-01,38.388888888888886,,,,WFP,Rift Valley,0.52,35.28,cereals and tubers
Maize,Eldoret,Wholesale,2011-09-01,33.156666666666666,,,,WFP,Rift Valley,0.52,35.28,cereals and tubers
Maize,Eldoret,Wholesale,2011-10-01,32.298833333333334,,,,WFP,Rift Valley,0.52,35.28,cereals and tubers
Maize,Eldoret,Wholesale,2011-11-01,33.768,,,,WFP,Rift Valley,0.52,35.28,cereals and tubers
Maize,Eldoret,Wholesale,2011-12-01,32.97205555555556,,,,WFP,Rift Valley,0.52,35.28,cereals and tubers
Maize,Eldoret,Wholesale,2012-01-01,32.14527777777778,,,,WFP,Rift Valley,0.52,35.28,cereals and tubers
Maize,Eldoret,Wholesale,2012-02-01,30.577166666666667,,,,WFP,Rift Valley,0.52,35.28,cereals and tubers
Maize,Eldoret,Wholesale,2012-03-01,30.33566666666667,,,,WFP,Rift Valley,0.52,35.28,cereals and tubers
Maize,Eldoret,Wholesale,2012-04-01,30.219277777777776,,,,WFP,Rift Valley,0.52,35.28,cereals and tubers
Maize,Eldoret,Wholesale,2012-05-01,37.09688888888888,,,,WFP,Rift Valley,0.52,35.28,cereals and tubers
Maize,Eldoret,Wholesale,2012-06-01,35.39272222222222,,,,WFP,Rift Valley,0.52,35.28,cereals and tubers
Maize,Eldoret,Wholesale,2012-07-01,34.38772222222222,,,,WFP,Rift Valley,0.52,35.28,cereals and tubers
Maize,Eldoret,Wholesale,2012-08-01,34.814611111111105,,,,WFP,Rift Valley,0.52,35.28,cereals and tubers
Maize,Eldoret,Wholesale,2012-09-01,30.8505,,,,WFP,Rift Valley,0.52,35.28,cereals and tubers
Maize,Eldoret,Wholesale,2012-10-01,29.156333333333333,,,,WFP,Rift Valley,0.52,35.28,cereals and tubers
Maize,Eldoret,Wholesale,2012-11-01,28.69111111111112,,,,WFP,Rift Valley,0.52,35.28,cereals and tubers
Maize,Eldoret,Wholesale,2012-12-01,27.613722222222226,,,,WFP,Rift Valley,0.52,35.28,cereals and tubers
Maize,Eldoret,Wholesale,2013-01-01,27.65388888888889,,,,WFP,Rift Valley,0.52,35.28,cereals and tubers
Maize,Eldoret,Wholesale,2013-02-01,28.306944444444444,,,,WFP,Rift Valley,0.52,35.28,cereals and tubers
Maize,Eldoret,Wholesale,2013-03-01,29.573666666666668,,,,WFP,Rift Valley,0.52,35.28,cereals and tubers
Maize,Eldoret,Wholesale,2013-04-01,30.256944444444443,,,,WFP,Rift Valley,0.52,35.28,cereals and tubers
Maize,Eldoret,Wholesale,2013-05-01,31.671055555555554,,,,WFP,Rift Valley,0.52,35.28,cereals and tubers
Maize,Eldoret,Wholesale,2013-06-01,29.47777777777777,,,,WFP,Rift Valley,0.52,35.28,cereals and tubers
Maize,Eldoret,Wholesale,2013-07-01,27.730666666666664,,,,WFP,Rift Valley,0.52,35.28,cereals and tubers
Maize,Eldoret,Wholesale,2013-08-01,28.1885,,,,WFP,Rift Valley,0.52,35.28,cereals and tubers
Maize,Eldoret,Wholesale,2013-09-01,30.11922222222222,,,,WFP,Rift Valley,0.52,35.28,cereals and tubers
Maize,Eldoret,Wholesale,2013-10-01,30.862722222222224,,,,WFP,Rift Valley,0.52,35.28,cereals and tubers
Maize,Eldoret,Wholesale,2013-11-01,30.254222222222225,,,,WFP,Rift Valley,0.52,35.28,cereals and tubers
Maize,Eldoret,Wholesale,2013-12-01,29.4065,,,,WFP,Rift Valley,0.52,35.28,cereals and tubers
Maize,Eldoret,Wholesale,2014-01-01,30.14911111111111,,,,WFP,Rift Valley,0.52,35.28,cereals and tubers
Maize,Eldoret,Wholesale,2014-02-01,30.17388888888889,,,,WFP,Rift Valley,0.52,35.28,cereals and tubers
Maize,Eldoret,Wholesale,2014-03-01,32.00116666666666,,,,WFP,Rift Valley,0.52,35.28,cereals and tubers
Maize,Eldoret,Wholesale,2014-04-01,33.645833333333336,,,,WFP,Rift Valley,0.52,35.28,cereals and tubers
Maize,Eldoret,Wholesale,2014-05-01,35.43688888888889,,,,WFP,Rift Valley,0.52,35.28,cereals and tubers
Maize,Eldoret,Wholesale,2014-06-01,35.90911111111111,,,,WFP,Rift Valley,0.52,35.28,cereals and tubers
Maize,Eldoret,Wholesale,2014-07-01,36.398138888888894,,,,WFP,Rift Valley,0.52,35.28,cereals and tubers
Maize,Eldoret,Wholesale,2014-08-01,31.24355555555556,,,,WFP,Rift Valley,0.52,35.28,cereals and tubers
Maize,Eldoret,Wholesale,2014-09-01,28.108166666666666,,,,WFP,Rift Valley,0.52,35.28,cereals and tubers
Maize,Eldoret,Wholesale,2014-10-01,25.46863888888889,,,,WFP,Rift Valley,0.52,35.28,cereals and tubers
Maize,Eldoret,Wholesale,2014-11-01,23.58425,,,,WFP,Rift Valley,0.52,35.28,cereals and tubers
Maize,Eldoret,Wholesale,2014-12-01,22.21305555555556,,,,WFP,Rift Valley,0.52,35.28,cereals and tubers
Maize,Eldoret,Wholesale,2015-01-01,23.25655555555556,,,,WFP,Rift Valley,0.52,35.28,cereals and tubers
Maize,Eldoret,Wholesale,2015-02-01,24.258611111111108,,,,WFP,Rift Valley,0.52,35.28,cereals and tubers
Maize,Eldoret,Wholesale,2015-03-01,24.700694444444444,,,,WFP,Rift Valley,0.52,35.28,cereals and tubers
Maize,Eldoret,Wholesale,2015-04-01,25.694666666666667,,,,WFP,Rift Valley,0.52,35.28,cereals and tubers
Maize,Eldoret,Wholesale,2015-05-01,28.27488888888889,,,,WFP,Rift Valley,0.52,35.28,cereals and tubers
Maize,Eldoret,Wholesale,2015-06-01,31.95983333333333,,,,WFP,Rift Valley,0.52,35.28,cereals and tubers
Maize,Eldoret,Wholesale,2015-07-01,32.168305555555555,,,,WFP,Rift Valley,0.52,35.28,cereals and tubers
Maize,Eldoret,Wholesale,2015-08-01,34.62188888888889,,,,WFP,Rift Valley,0.52,35.28,cereals and tubers
Maize,Eldoret,Wholesale,2015-09-01,27.850277777777777,,,,WFP,Rift Valley,0.52,35.28,cereals and tubers
Maize,Eldoret,Wholesale,2015-10-01,25.73783333333333,,,,WFP,Rift Valley,0.52,35.28,cereals and tubers
Maize,Eldoret,Wholesale,2015-11-01,24.04283333333333,,,,WFP,Rift Valley,0.52,35.28,cereals and tubers
Maize,Eldoret,Wholesale,2015-12-01,23.20155555555556,,,,WFP,Rift Valley,0.52,35.28,cereals and tubers
Maize,Eldoret,Wholesale,2016-01-01,26.03688888888889,,,,WFP,Rift Valley,0.52,35.28,cereals and tubers
Maize,Eldoret,Wholesale,2016-02-01,27.422444444444444,,,,WFP,Rift Valley,0.52,35.28,cereals and tubers
Maize,Eldoret,Wholesale,2016-03-01,26.20105555555556,,,,WFP,Rift Valley,0.52,35.28,cereals and tubers
Maize,Eldoret,Wholesale,2016-04-01,27.576444444444444,,,,WFP,Rift Valley,0.52,35.28,cereals and tubers
Maize,Eldoret,Wholesale,2016-05-01,28.170222222222225,,,,WFP,Rift Valley,0.52,35.28,cereals and tubers
Maize,Eldoret,Wholesale,2016-06-01,29.132222222222225,,,,WFP,Rift Valley,0.52,35.28,cereals and tubers
Maize,Eldoret,Wholesale,2016-07-01,31.16905555555556,,,,WFP,Rift Valley,0.52,35.28,cereals and tubers
Maize,Eldoret,Wholesale,2016-08-01,27.65888888888889,,,,WFP,Rift Valley,0.52,35.28,cereals and tubers
Maize,Eldoret,Wholesale,2016-09-01,27.72972222222222,,,,WFP,Rift Valley,0.52,35.28,cereals and tubers
Maize,Eldoret,Wholesale,2016-10-01,28.21322222222222,,,,WFP,Rift Valley,0.52,35.28,cereals and tubers
Maize,Eldoret,Wholesale,2016-11-01,28.77805555555556,,,,WFP,Rift Valley,0.52,35.28,cereals and tubers
Maize,Eldoret,Wholesale,2016-12-01,29.51661111111111,,,,WFP,Rift Valley,0.52,35.28,cereals and tubers
Maize,Eldoret,Wholesale,2017-01-01,31.547222222222224,,,,WFP,Rift Valley,0.52,35.28,cereals and tubers
Maize,Eldoret,Wholesale,2017-02-01,37.663,,,,WFP,Rift Valley,0.52,35.28,cereals and tubers
Maize,Eldoret,Wholesale,2017-03-01,37.999944444444445,,,,WFP,Rift Valley,0.52,35.28,cereals and tubers
Maize,Eldoret,Wholesale,2017-04-01,45.05305555555556,,,,WFP,Rift Valley,0.52,35.28,cereals and tubers
Maize,Eldoret,Wholesale,2017-05-01,46.42161111111111,,,,WFP,Rift Valley,0.52,35.28,cereals and tubers
Maize,Eldoret,Wholesale,2017-06-01,48.2935,,,,WFP,Rift Valley,0.52,35.28,cereals and tubers
Maize,Eldoret,Wholesale,2017-07-01,40.47111111111112,,,,WFP,Rift Valley,0.52,35.28,cereals and tubers
Maize,Eldoret,Wholesale,2017-08-01,40.662277777777774,,,,WFP,Rift Valley,0.52,35.28,cereals and tubers
Maize,Eldoret,Wholesale,2017-09-01,38.2105,,,,WFP,Rift Valley,0.52,35.28,cereals and tubers
Maize,Eldoret,Wholesale,2017-10-01,31.8905,,,,WFP,Rift Valley,0.52,35.28,cereals and tubers
Maize,Eldoret,Wholesale,2017-11-01,30.021277777777776,,,,WFP,Rift Valley,0.52,35.28,cereals and tubers
Maize,Eldoret,Wholesale,2017-12-01,27.504444444444445,,,,WFP,Rift Valley,0.52,35.28,cereals and tubers
Maize,Eldoret,Wholesale,2018-01-01,27.964777777777776,,,,WFP,Rift Valley,0.52,35.28,cereals and tubers
Maize,Eldoret,Wholesale,2018-02-01,28.508694444444444,,,,WFP,Rift Valley,0.52,35.28,cereals and tubers
Maize,Eldoret,Wholesale,2018-03-01,28.44988888888889,,,,WFP,Rift Valley,0.52,35.28,cereals and tubers
Maize,Eldoret,Wholesale,2018-04-01,28.394944444444445,,,,WFP,Rift Valley,0.52,35.28,cereals and tubers
Maize,Eldoret,Wholesale,2018-05-01,28.270722222222226,,,,WFP,Rift Valley,0.52,35.28,cereals and tubers
Maize,Eldoret,Wholesale,2018-06-01,22.37638888888889,,,,WFP,Rift Valley,0.52,35.28,cereals and tubers
Maize,Eldoret,Wholesale,2018-07-01,21.222555555555555,,,,WFP,Rift Valley,0.52,35.28,cereals and tubers
Maize,Eldoret,Wholesale,2018-08-01,17.502222222222223,,,,WFP,Rift Valley,0.52,35.28,cereals and tubers
Maize,Eldoret,Wholesale,2018-09-01,15.958,,,,WFP,Rift Valley,0.52,35.28,cereals and tubers
Maize,Eldoret,Wholesale,2018-10-01,15.792444444444444,,,,WFP,Rift Valley,0.52,35.28,cereals and tubers
Maize,Eldoret,Wholesale,2018-11-01,16.069444444444443,,,,WFP,Rift Valley,0.52,35.28,cereals and tubers
Maize,Eldoret,Wholesale,2018-12-01,18.143166666666666,,,,WFP,Rift Valley,0.52,35.28,cereals and tubers
Maize,Eldoret,Wholesale,2019-01-01,20.234277777777777,,,,WFP,Rift Valley,0.52,35.28,cereals and tubers
Maize,Eldoret,Wholesale,2019-02-01,19.44077777777777,,,,WFP,Rift Valley,0.52,35.28,cereals and tubers
Maize,Eldoret,Wholesale,2019-03-01,20.00405555555556,,,,WFP,Rift Valley,0.52,35.28,cereals and tubers
Maize,Eldoret,Wholesale,2019-04-01,26.373555555555555,,,,WFP,Rift Valley,0.52,35.28,cereals and tubers
Maize,Eldoret,Wholesale,2019-05-01,33.75633333333333,,,,WFP,Rift Valley,0.52,35.28,cereals and tubers
Maize,Eldoret,Wholesale,2019-06-01,38.346388888888896,,,,WFP,Rift Valley,0.52,35.28,cereals and tubers
Maize,Eldoret,Wholesale,2019-07-01,34.424388888888885,,,,WFP,Rift Valley,0.52,35.28,cereals and tubers
Maize,Eldoret,Wholesale,2019-08-01,36.268888888888895,,,,WFP,Rift Valley,0.52,35.28,cereals and tubers
Maize,Eldoret,Wholesale,2019-09-01,34.236999999999995,,,,WFP,Rift Valley,0.52,35.28,cereals and tubers
Maize,Eldoret,Wholesale,2019-10-01,31.72094444444444,,,,WFP,Rift Valley,0.52,35.28,cereals and tubers
Maize,Eldoret,Wholesale,2019-11-01,34.858555555555554,,,,WFP,Rift Valley,0.52,35.28,cereals and tubers
Maize,Eldoret,Wholesale,2019-12-01,27.106444444444445,,,,WFP,Rift Valley,0.52,35.28,cereals and tubers
Maize,Eldoret,Wholesale,2020-01-01,34.50261111111111,,,,WFP,Rift Valley,0.52,35.28,cereals and tubers
Maize,Eldoret,Wholesale,2020-02-01,34.44394444444445,,,,WFP,Rift Valley,0.52,35.28,cereals and tubers
Maize,Eldoret,Wholesale,2020-03-01,31.263444444444445,,,,WFP,Rift Valley,0.52,35.28,cereals and tubers
Maize,Eldoret,Wholesale,2020-06-01,34.8885,,,,WFP,Rift Valley,0.52,35.28,cereals and tubers
Maize,Eldoret,Wholesale,2020-07-01,31.902,,,,WFP,Rift Valley,0.52,35.28,cereals and tubers
Maize,Eldoret,Wholesale,2020-08-01,31.252,,,,WFP,Rift Valley,0.52,35.28,cereals and tubers
Maize,Eldoret,Wholesale,2020-09-01,28.8805,,,,WFP,Rift Valley,0.52,35.28,cereals and tubers
Maize,Eldoret,Wholesale,2020-10-01,24.0025,,,,WFP,Rift Valley,0.52,35.28,cereals and tubers
Maize,Eldoret,Wholesale,2020-11-01,24.1425,,,,WFP,Rift Valley,0.52,35.28,cereals and tubers
Maize,Eldoret,Wholesale,2020-12-01,25.1405,,,,WFP,Rift Valley,0.52,35.28,cereals and tubers
Maize,Eldoret,Wholesale,2021-01-01,24.539,,,,WFP,Rift Valley,0.52,35.28,cereals and tubers
Maize,Eldoret,Wholesale,2021-02-01,25.0115,,,,WFP,Rift Valley,0.52,35.28,cereals and tubers
Maize,Eldoret,Wholesale,2021-03-01,25.1825,,,,WFP,Rift Valley,0.52,35.28,cereals and tubers
Maize,Eldoret,Wholesale,2021-04-01,27.41,,,,WFP,Rift Valley,0.52,35.28,cereals and tubers
Maize,Eldoret,Wholesale,2021-05-01,26.9615,,,,WFP,Rift Valley,0.52,35.28,cereals and tubers
Maize,Eldoret,Wholesale,2021-06-01,27.12,,,,WFP,Rift Valley,0.52,35.28,cereals and tubers
Maize,Eldoret,Wholesale,2021-07-01,28.994,,,,WFP,Rift Valley,0.52,35.28,cereals and tubers
Maize,Eldoret,Wholesale,2021-08-01,29.006500000000003,,,,WFP,Rift Valley,0.52,35.28,cereals and tubers
Maize,Eldoret,Wholesale,2021-09-01,28.8985,,,,WFP,Rift Valley,0.52,35.28,cereals and tubers
Maize,Eldoret,Wholesale,2021-10-01,28.681,,,,WFP,Rift Valley,0.52,35.28,cereals and tubers
Maize,Eldoret,Wholesale,2021-11-01,24.931,,,,WFP,Rift Valley,0.52,35.28,cereals and tubers
Maize,Eldoret,Wholesale,2022-01-01,34.751361,,,,KAMIS+WFP,Rift Valley,0.52,35.28,cereals and tubers
Maize,Eldoret,Wholesale,2022-02-01,38.1949645,,,,KAMIS+WFP,Rift Valley,0.52,35.28,cereals and tubers
Maize,Eldoret,Wholesale,2022-03-01,43.38821299999999,,,,KAMIS+WFP,Rift Valley,0.52,35.28,cereals and tubers
Maize,Eldoret,Wholesale,2022-04-01,41.047528,,,,KAMIS+WFP,Rift Valley,0.52,35.28,cereals and tubers
Maize,Eldoret,Wholesale,2022-05-01,42.4926295,,,,KAMIS+WFP,Rift Valley,0.52,35.28,cereals and tubers
Maize,Eldoret,Wholesale,2022-06-01,51.376643,,,,KAMIS+WFP,Rift Valley,0.52,35.28,cereals and tubers
Maize,Eldoret,Wholesale,2022-07-01,72.5781295,,,,KAMIS+WFP,Rift Valley,0.52,35.28,cereals and tubers
Maize,Eldoret,Wholesale,2022-08-01,64.063016,,,,KAMIS+WFP,Rift Valley,0.52,35.28,cereals and tubers
Maize,Eldoret,Wholesale,2022-09-01,62.925833499999996,,,,KAMIS+WFP,Rift Valley,0.52,35.28,cereals and tubers
Maize,Eldoret,Wholesale,2022-10-01,57.675889,,,,KAMIS+WFP,Rift Valley,0.52,35.28,cereals and tubers
Maize,Eldoret,Wholesale,2022-11-01,56.728431,,,,KAMIS+WFP,Rift Valley,0.52,35.28,cereals and tubers
Maize,Eldoret,Wholesale,2022-12-01,61.464545,,,,KAMIS,Rift Valley,0.52,35.28,cereals and tubers
Maize,Eldoret,Wholesale,2023-01-01,60.957931,,,,KAMIS,Rift Valley,0.52,35.28,cereals and tubers
Maize,Eldoret,Wholesale,2023-02-01,59.895938,,,,KAMIS,Rift Valley,0.52,35.28,cereals and tubers
Maize,Eldoret,Wholesale,2023-03-01,68.157368,,,,KAMIS,Rift Valley,0.52,35.28,cereals and tubers
Maize,Eldoret,Wholesale,2023-04-01,74.005263,,,,KAMIS,Rift Valley,0.52,35.28,cereals and tubers
Maize,Eldoret,Wholesale,2023-05-01,79.343636,,,,KAMIS,Rift Valley,0.52,35.28,cereals and tubers
Maize,Eldoret,Wholesale,2023-06-01,81.799048,,,,KAMIS,Rift Valley,0.52,35.28,cereals and tubers
Maize,Eldoret,Wholesale,2023-07-01,83.227619,,,,KAMIS,Rift Valley,0.52,35.28,cereals and tubers
Maize,Eldoret,Wholesale,2023-08-01,68.642222,,,,KAMIS,Rift Valley,0.52,35.28,cereals and tubers
Maize,Eldoret,Wholesale,2023-09-01,55.0,,,,KAMIS,Rift Valley,0.52,35.28,cereals and tubers
Maize,Eldoret,Wholesale,2023-10-01,47.307692,,,,KAMIS,Rift Valley,0.52,35.28,cereals and tubers
Maize,Eldoret,Wholesale,2023-11-01,46.666667,,,,KAMIS,Rift Valley,0.52,35.28,cereals and tubers
Maize,Eldoret,Wholesale,2024-02-01,45.0,,,,KAMIS,Rift Valley,0.52,35.28,cereals and tubers
Maize,Eldoret,Wholesale,2024-03-01,46.25,,,,KAMIS,Rift Valley,0.52,35.28,cereals and tubers
Maize,Eldoret,Wholesale,2024-04-01,45.0,,,,KAMIS,Rift Valley,0.52,35.28,cereals and tubers
Maize,Eldoret,Wholesale,2024-05-01,44.0,,,,KAMIS,Rift Valley,0.52,35.28,cereals and tubers
Maize,Eldoret,Wholesale,2024-06-01,43.506875,,,,KAMIS,Rift Valley,0.52,35.28,cereals and tubers
Maize,Eldoret,Wholesale,2024-07-01,42.102857,,,,KAMIS,Rift Valley,0.52,35.28,cereals and tubers
Maize,Eldoret,Wholesale,2024-08-01,42.083333,,,,KAMIS,Rift Valley,0.52,35.28,cereals and tubers
Maize,Eldoret,Wholesale,2024-09-01,40.625,,,,KAMIS,Rift Valley,0.52,35.28,cereals and tubers
Maize,Eldoret,Wholesale,2025-05-01,55.0,,,,KAMIS,Rift Valley,0.52,35.28,cereals and tubers
Maize,Eldoret,Wholesale,2025-06-01,62.5,,,,KAMIS,Rift Valley,0.52,35.28,cereals and tubers
Maize,Eldoret,Wholesale,2026-08-01,51.344444,,,,KAMIS,Rift Valley,0.52,35.28,cereals and tubers
Maize,Eldoret,Wholesale,2026-09-01,48.61,,,,KAMIS,Rift Valley,0.52,35.28,cereals and tubers
Maize,Kisumu,Wholesale,2006-01-01,14.753333333333334,,,,WFP,Nyanza,-0.1,34.75,cereals and tubers
Maize,Kisumu,Wholesale,2006-02-01,17.003888888888888,,,,WFP,Nyanza,-0.1,34.75,cereals and tubers
Maize,Kisumu,Wholesale,2006-03-01,16.011388888888888,,,,WFP,Nyanza,-0.1,34.75,cereals and tubers
Maize,Kisumu,Wholesale,2006-04-01,16.744444444444447,,,,WFP,Nyanza,-0.1,34.75,cereals and tubers
Maize,Kisumu,Wholesale,2006-05-01,18.940555555555555,,,,WFP,Nyanza,-0.1,34.75,cereals and tubers
Maize,Kisumu,Wholesale,2006-06-01,19.172222222222224,,,,WFP,Nyanza,-0.1,34.75,cereals and tubers
Maize,Kisumu,Wholesale,2006-07-01,17.1485,,,,WFP,Nyanza,-0.1,34.75,cereals and tubers
Maize,Kisumu,Wholesale,2006-08-01,14.459388888888888,,,,WFP,Nyanza,-0.1,34.75,cereals and tubers
Maize,Kisumu,Wholesale,2006-09-01,13.7,,,,WFP,Nyanza,-0.1,34.75,cereals and tubers
Maize,Kisumu,Wholesale,2006-10-01,13.95722222222222,,,,WFP,Nyanza,-0.1,34.75,cereals and tubers
Maize,Kisumu,Wholesale,2006-11-01,14.77777777777778,,,,WFP,Nyanza,-0.1,34.75,cereals and tubers
Maize,Kisumu,Wholesale,2006-12-01,15.40277777777778,,,,WFP,Nyanza,-0.1,34.75,cereals and tubers
Maize,Kisumu,Wholesale,2007-01-01,15.512777777777778,,,,WFP,Nyanza,-0.1,34.75,cereals and tubers
Maize,Kisumu,Wholesale,2007-02-01,15.502777777777776,,,,WFP,Nyanza,-0.1,34.75,cereals and tubers
Maize,Kisumu,Wholesale,2007-03-01,15.205833333333333,,,,WFP,Nyanza,-0.1,34.75,cereals and tubers
Maize,Kisumu,Wholesale,2007-04-01,13.458666666666666,,,,WFP,Nyanza,-0.1,34.75,cereals and tubers
Maize,Kisumu,Wholesale,2007-05-01,14.29988888888889,,,,WFP,Nyanza,-0.1,34.75,cereals and tubers
Maize,Kisumu,Wholesale,2007-06-01,14.137888888888888,,,,WFP,Nyanza,-0.1,34.75,cereals and tubers
Maize,Kisumu,Wholesale,2007-07-01,15.077222222222222,,,,WFP,Nyanza,-0.1,34.75,cereals and tubers
Maize,Kisumu,Wholesale,2007-08-01,15.457777777777778,,,,WFP,Nyanza,-0.1,34.75,cereals and tubers
Maize,Kisumu,Wholesale,2007-09-01,13.817611111111113,,,,WFP,Nyanza,-0.1,34.75,cereals and tubers
Maize,Kisumu,Wholesale,2007-10-01,13.859444444444446,,,,WFP,Nyanza,-0.1,34.75,cereals and tubers
Maize,Kisumu,Wholesale,2007-11-01,14.399277777777778,,,,WFP,Nyanza,-0.1,34.75,cereals and tubers
Maize,Kisumu,Wholesale,2007-12-01,13.336055555555555,,,,WFP,Nyanza,-0.1,34.75,cereals and tubers
Maize,Kisumu,Wholesale,2008-02-01,15.0,,,,WFP,Nyanza,-0.1,34.75,cereals and tubers
Maize,Kisumu,Wholesale,2008-03-01,15.0,,,,WFP,Nyanza,-0.1,34.75,cereals and tubers
Maize,Kisumu,Wholesale,2008-04-01,20.648333333333333,,,,WFP,Nyanza,-0.1,34.75,cereals and tubers
Maize,Kisumu,Wholesale,2008-05-01,26.10333333333333,,,,WFP,Nyanza,-0.1,34.75,cereals and tubers
Maize,Kisumu,Wholesale,2008-06-01,23.15038888888889,,,,WFP,Nyanza,-0.1,34.75,cereals and tubers
Maize,Kisumu,Wholesale,2008-07-01,24.906666666666663,,,,WFP,Nyanza,-0.1,34.75,cereals and tubers
Maize,Kisumu,Wholesale,2008-08-01,24.08222222222222,,,,WFP,Nyanza,-0.1,34.75,cereals and tubers
Maize,Kisumu,Wholesale,2008-09-01,23.93722222222222,,,,WFP,Nyanza,-0.1,34.75,cereals and tubers
Maize,Kisumu,Wholesale,2008-10-01,25.06111111111111,,,,WFP,Nyanza,-0.1,34.75,cereals and tubers
Maize,Kisumu,Wholesale,2008-11-01,26.47277777777778,,,,WFP,Nyanza,-0.1,34.75,cereals and tubers
Maize,Kisumu,Wholesale,2008-12-01,30.27555555555556,,,,WFP,Nyanza,-0.1,34.75,cereals and tubers
Maize,Kisumu,Wholesale,2009-01-01,30.27055555555556,,,,WFP,Nyanza,-0.1,34.75,cereals and tubers
Maize,Kisumu,Wholesale,2009-02-01,30.75055555555556,,,,WFP,Nyanza,-0.1,34.75,cereals and tubers
Maize,Kisumu,Wholesale,2009-03-01,30.668888888888887,,,,WFP,Nyanza,-0.1,34.75,cereals and tubers
Maize,Kisumu,Wholesale,2009-04-01,29.24777777777778,,,,WFP,Nyanza,-0.1,34.75,cereals and tubers
Maize,Kisumu,Wholesale,2009-05-01,29.33833333333333,,,,WFP,Nyanza,-0.1,34.75,cereals and tubers
Maize,Kisumu,Wholesale,2009-06-01,27.64527777777778,,,,WFP,Nyanza,-0.1,34.75,cereals and tubers
Maize,Kisumu,Wholesale,2009-07-01,27.516111111111115,,,,WFP,Nyanza,-0.1,34.75,cereals and tubers
Maize,Kisumu,Wholesale,2009-08-01,29.73444444444444,,,,WFP,Nyanza,-0.1,34.75,cereals and tubers
Maize,Kisumu,Wholesale,2009-09-01,26.51833333333333,,,,WFP,Nyanza,-0.1,34.75,cereals and tubers
Maize,Kisumu,Wholesale,2009-10-01,26.272222222222226,,,,WFP,Nyanza,-0.1,34.75,cereals and tubers
Maize,Kisumu,Wholesale,2009-11-01,26.42833333333333,,,,WFP,Nyanza,-0.1,34.75,cereals and tubers
Maize,Kisumu,Wholesale,2009-12-01,26.42055555555556,,,,WFP,Nyanza,-0.1,34.75,cereals and tubers
Maize,Kisumu,Wholesale,2010-01-01,26.510555555555555,,,,WFP,Nyanza,-0.1,34.75,cereals and tubers
Maize,Kisumu,Wholesale,2010-02-01,26.188333333333333,,,,WFP,Nyanza,-0.1,34.75,cereals and tubers
Maize,Kisumu,Wholesale,2010-03-01,25.718333333333334,,,,WFP,Nyanza,-0.1,34.75,cereals and tubers
Maize,Kisumu,Wholesale,2010-04-01,26.03611111111111,,,,WFP,Nyanza,-0.1,34.75,cereals and tubers
Maize,Kisumu,Wholesale,2010-05-01,18.004444444444445,,,,WFP,Nyanza,-0.1,34.75,cereals and tubers
Maize,Kisumu,Wholesale,2010-06-01,19.00777777777777,,,,WFP,Nyanza,-0.1,34.75,cereals and tubers
Maize,Kisumu,Wholesale,2010-07-01,17.044833333333333,,,,WFP,Nyanza,-0.1,34.75,cereals and tubers
Maize,Kisumu,Wholesale,2010-08-01,17.071166666666667,,,,WFP,Nyanza,-0.1,34.75,cereals and tubers
Maize,Kisumu,Wholesale,2010-09-01,17.58888888888889,,,,WFP,Nyanza,-0.1,34.75,cereals and tubers
Maize,Kisumu,Wholesale,2010-10-01,18.45277777777778,,,,WFP,Nyanza,-0.1,34.75,cereals and tubers
Maize,Kisumu,Wholesale,2010-11-01,19.705,,,,WFP,Nyanza,-0.1,34.75,cereals and tubers
Maize,Kisumu,Wholesale,2010-12-01,20.66111111111111,,,,WFP,Nyanza,-0.1,34.75,cereals and tubers
Maize,Kisumu,Wholesale,2011-01-01,20.72833333333333,,,,WFP,Nyanza,-0.1,34.75,cereals and tubers
Maize,Kisumu,Wholesale,2011-02-01,22.358888888888888,,,,WFP,Nyanza,-0.1,34.75,cereals and tubers
Maize,Kisumu,Wholesale,2011-03-01,26.188333333333333,,,,WFP,Nyanza,-0.1,34.75,cereals and tubers
Maize,Kisumu,Wholesale,2011-04-01,32.17055555555555,,,,WFP,Nyanza,-0.1,34.75,cereals and tubers
Maize,Kisumu,Wholesale,2011-05-01,39.51455555555556,,,,WFP,Nyanza,-0.1,34.75,cereals and tubers
Maize,Kisumu,Wholesale,2011-06-01,47.66916666666667,,,,WFP,Nyanza,-0.1,34.75,cereals and tubers
Maize,Kisumu,Wholesale,2011-07-01,53.18166666666667,,,,WFP,Nyanza,-0.1,34.75,cereals and tubers
Maize,Kisumu,Wholesale,2011-08-01,44.03722222222223,,,,WFP,Nyanza,-0.1,34.75,cereals and tubers
Maize,Kisumu,Wholesale,2011-09-01,36.19722222222222,,,,WFP,Nyanza,-0.1,34.75,cereals and tubers
Maize,Kisumu,Wholesale,2011-10-01,35.05777777777778,,,,WFP,Nyanza,-0.1,34.75,cereals and tubers
Maize,Kisumu,Wholesale,2011-11-01,38.79555555555556,,,,WFP,Nyanza,-0.1,34.75,cereals and tubers
Maize,Kisumu,Wholesale,2011-12-01,39.87888888888889,,,,WFP,Nyanza,-0.1,34.75,cereals and tubers
Maize,Kisumu,Wholesale,2012-01-01,39.74,,,,WFP,Nyanza,-0.1,34.75,cereals and tubers
Maize,Kisumu,Wholesale,2012-02-01,38.24166666666667,,,,WFP,Nyanza,-0.1,34.75,cereals and tubers
Maize,Kisumu,Wholesale,2012-03-01,35.367777777777775,,,,WFP,Nyanza,-0.1,34.75,cereals and tubers
Maize,Kisumu,Wholesale,2012-04-01,38.59111111111111,,,,WFP,Nyanza,-0.1,34.75,cereals and tubers
Maize,Kisumu,Wholesale,2012-05-01,43.77444444444444,,,,WFP,Nyanza,-0.1,34.75,cereals and tubers
Maize,Kisumu,Wholesale,2012-06-01,45.906777777777776,,,,WFP,Nyanza,-0.1,34.75,cereals and tubers
Maize,Kisumu,Wholesale,2012-07-01,42.10722222222222,,,,WFP,Nyanza,-0.1,34.75,cereals and tubers
Maize,Kisumu,Wholesale,2012-08-01,41.33772222222223,,,,WFP,Nyanza,-0.1,34.75,cereals and tubers
Maize,Kisumu,Wholesale,2012-09-01,33.16,,,,WFP,Nyanza,-0.1,34.75,cereals and tubers
Maize,Kisumu,Wholesale,2012-10-01,34.284444444444446,,,,WFP,Nyanza,-0.1,34.75,cereals and tubers
Maize,Kisumu,Wholesale,2012-11-01,33.87277777777778,,,,WFP,Nyanza,-0.1,34.75,cereals and tubers
Maize,Kisumu,Wholesale,2012-12-01,33.88777777777778,,,,WFP,Nyanza,-0.1,34.75,cereals and tubers
Maize,Kisumu,Wholesale,2013-01-01,33.897777777777776,,,,WFP,Nyanza,-0.1,34.75,cereals and tubers
Maize,Kisumu,Wholesale,2013-02-01,34.65166666666667,,,,WFP,Nyanza,-0.1,34.75,cereals and tubers
Maize,Kisumu,Wholesale,2013-03-01,36.590555555555554,,,,WFP,Nyanza,-0.1,34.75,cereals and tubers
Maize,Kisumu,Wholesale,2013-04-01,37.260000000000005,,,,WFP,Nyanza,-0.1,34.75,cereals and tubers
Maize,Kisumu,Wholesale,2013-05-01,36.30055555555556,,,,WFP,Nyanza,-0.1,34.75,cereals and tubers
Maize,Kisumu,Wholesale,2013-06-01,35.93,,,,WFP,Nyanza,-0.1,34.75,cereals and tubers
Maize,Kisumu,Wholesale,2013-07-01,34.28111111111112,,,,WFP,Nyanza,-0.1,34.75,cereals and tubers
Maize,Kisumu,Wholesale,2013-08-01,33.29277777777778,,,,WFP,Nyanza,-0.1,34.75,cereals and tubers
Maize,Kisumu,Wholesale,2013-09-01,35.88833333333333,,,,WFP,Nyanza,-0.1,34.75,cereals and tubers
Maize,Kisumu,Wholesale,2013-10-01,37.49,,,,WFP,Nyanza,-0.1,34.75,cereals and tubers
Maize,Kisumu,Wholesale,2013-11-01,37.59,,,,WFP,Nyanza,-0.1,34.75,cereals and tubers
Maize,Kisumu,Wholesale,2013-12-01,37.53,,,,WFP,Nyanza,-0.1,34.75,cereals and tubers
Maize,Kisumu,Wholesale,2014-01-01,37.535,,,,WFP,Nyanza,-0.1,34.75,cereals and tubers
Maize,Kisumu,Wholesale,2014-02-01,37.53,,,,WFP,Nyanza,-0.1,34.75,cereals and tubers
Maize,Kisumu,Wholesale,2014-03-01,37.5,,,,WFP,Nyanza,-0.1,34.75,cereals and tubers
Maize,Kisumu,Wholesale,2014-04-01,37.55,,,,WFP,Nyanza,-0.1,34.75,cereals and tubers
Maize,Kisumu,Wholesale,2014-05-01,38.28388888888889,,,,WFP,Nyanza,-0.1,34.75,cereals and tubers
Maize,Kisumu,Wholesale,2014-06-01,40.77227777777778,,,,WFP,Nyanza,-0.1,34.75,cereals and tubers
Maize,Kisumu,Wholesale,2014-07-01,40.32244444444444,,,,WFP,Nyanza,-0.1,34.75,cereals and tubers
Maize,Kisumu,Wholesale,2014-08-01,38.38605555555556,,,,WFP,Nyanza,-0.1,34.75,cereals and tubers
Maize,Kisumu,Wholesale,2014-09-01,37.86722222222223,,,,WFP,Nyanza,-0.1,34.75,cereals and tubers
Maize,Kisumu,Wholesale,2014-10-01,35.88038888888889,,,,WFP,Nyanza,-0.1,34.75,cereals and tubers
Maize,Kisumu,Wholesale,2014-11-01,33.488888888888894,,,,WFP,Nyanza,-0.1,34.75,cereals and tubers
Maize,Kisumu,Wholesale,2014-12-01,33.15277777777778,,,,WFP,Nyanza,-0.1,34.75,cereals and tubers
Maize,Kisumu,Wholesale,2015-01-01,32.83777777777778,,,,WFP,Nyanza,-0.1,34.75,cereals and tubers
Maize,Kisumu,Wholesale,2015-02-01,33.56444444444444,,,,WFP,Nyanza,-0.1,34.75,cereals and tubers
Maize,Kisumu,Wholesale,2015-03-01,32.88777777777778,,,,WFP,Nyanza,-0.1,34.75,cereals and tubers
Maize,Kisumu,Wholesale,2015-04-01,36.205,,,,WFP,Nyanza,-0.1,34.75,cereals and tubers
Maize,Kisumu,Wholesale,2015-05-01,34.623888888888885,,,,WFP,Nyanza,-0.1,34.75,cereals and tubers
Maize,Kisumu,Wholesale,2015-06-01,34.76722222222222,,,,WFP,Nyanza,-0.1,34.75,cereals and tubers
Maize,Kisumu,Wholesale,2015-07-01,33.117777777777775,,,,WFP,Nyanza,-0.1,34.75,cereals and tubers
Maize,Kisumu,Wholesale,2015-08-01,32.79777777777778,,,,WFP,Nyanza,-0.1,34.75,cereals and tubers
Maize,Kisumu,Wholesale,2015-09-01,30.781666666666663,,,,WFP,Nyanza,-0.1,34.75,cereals and tubers
Maize,Kisumu,Wholesale,2015-10-01,30.451666666666668,,,,WFP,Nyanza,-0.1,34.75,cereals and tubers
Maize,Kisumu,Wholesale,2015-11-01,32.56222222222222,,,,WFP,Nyanza,-0.1,34.75,cereals and tubers
Maize,Kisumu,Wholesale,2015-12-01,33.33777777777778,,,,WFP,Nyanza,-0.1,34.75,cereals and tubers
Maize,Kisumu,Wholesale,2016-01-01,32.38777777777778,,,,WFP,Nyanza,-0.1,34.75,cereals and tubers
Maize,Kisumu,Wholesale,2016-02-01,32.19277777777778,,,,WFP,Nyanza,-0.1,34.75,cereals and tubers
Maize,Kisumu,Wholesale,2016-03-01,32.727777777777774,,,,WFP,Nyanza,-0.1,34.75,cereals and tubers
Maize,Kisumu,Wholesale,2016-04-01,30.2,,,,WFP,Nyanza,-0.1,34.75,cereals and tubers
Maize,Kisumu,Wholesale,2016-05-01,33.92827777777778,,,,WFP,Nyanza,-0.1,34.75,cereals and tubers
Maize,Kisumu,Wholesale,2016-06-01,35.27777777777778,,,,WFP,Nyanza,-0.1,34.75,cereals and tubers
Maize,Kisumu,Wholesale,2016-07-01,35.26877777777778,,,,WFP,Nyanza,-0.1,34.75,cereals and tubers
Maize,Kisumu,Wholesale,2016-08-01,35.25277777777778,,,,WFP,Nyanza,-0.1,34.75,cereals and tubers
Maize,Kisumu,Wholesale,2016-09-01,35.17166666666667,,,,WFP,Nyanza,-0.1,34.75,cereals and tubers
Maize,Kisumu,Wholesale,2016-10-01,36.38388888888889,,,,WFP,Nyanza,-0.1,34.75,cereals and tubers
Maize,Kisumu,Wholesale,2016-11-01,34.17166666666667,,,,WFP,Nyanza,-0.1,34.75,cereals and tubers
Maize,Kisumu,Wholesale,2016-12-01,34.05666666666667,,,,WFP,Nyanza,-0.1,34.75,cereals and tubers
Maize,Kisumu,Wholesale,2017-01-01,39.855,,,,WFP,Nyanza,-0.1,34.75,cereals and tubers
Maize,Kisumu,Wholesale,2017-02-01,44.27611111111111,,,,WFP,Nyanza,-0.1,34.75,cereals and tubers
Maize,Kisumu,Wholesale,2017-03-01,50.04166666666667,,,,WFP,Nyanza,-0.1,34.75,cereals and tubers
Maize,Kisumu,Wholesale,2017-04-01,55.30833333333333,,,,WFP,Nyanza,-0.1,34.75,cereals and tubers
Maize,Kisumu,Wholesale,2017-05-01,58.58388888888889,,,,WFP,Nyanza,-0.1,34.75,cereals and tubers
Maize,Kisumu,Wholesale,2017-06-01,57.12111111111111,,,,WFP,Nyanza,-0.1,34.75,cereals and tubers
Maize,Kisumu,Wholesale,2017-07-01,50.915,,,,WFP,Nyanza,-0.1,34.75,cereals and tubers
Maize,Kisumu,Wholesale,2017-08-01,47.236666666666665,,,,WFP,Nyanza,-0.1,34.75,cereals and tubers
Maize,Kisumu,Wholesale,2017-09-01,46.52166666666667,,,,WFP,Nyanza,-0.1,34.75,cereals and tubers
Maize,Kisumu,Wholesale,2017-10-01,41.73166666666667,,,,WFP,Nyanza,-0.1,34.75,cereals and tubers
Maize,Kisumu,Wholesale,2017-11-01,36.57055555555556,,,,WFP,Nyanza,-0.1,34.75,cereals and tubers
Maize,Kisumu,Wholesale,2017-12-01,37.510000000000005,,,,WFP,Nyanza,-0.1,34.75,cereals and tubers
Maize,Kisumu,Wholesale,2018-01-01,37.265,,,,WFP,Nyanza,-0.1,34.75,cereals and tubers
Maize,Kisumu,Wholesale,2018-02-01,37.505,,,,WFP,Nyanza,-0.1,34.75,cereals and tubers
Maize,Kisumu,Wholesale,2018-03-01,38.24,,,,WFP,Nyanza,-0.1,34.75,cereals and tubers
Maize,Kisumu,Wholesale,2018-04-01,38.32666666666667,,,,WFP,Nyanza,-0.1,34.75,cereals and tubers
Maize,Kisumu,Wholesale,2018-05-01,34.50827777777778,,,,WFP,Nyanza,-0.1,34.75,cereals and tubers
Maize,Kisumu,Wholesale,2018-06-01,33.216277777777776,,,,WFP,Nyanza,-0.1,34.75,cereals and tubers
Maize,Kisumu,Wholesale,2018-07-01,30.54111111111111,,,,WFP,Nyanza,-0.1,34.75,cereals and tubers
Maize,Kisumu,Wholesale,2018-08-01,27.279444444444444,,,,WFP,Nyanza,-0.1,34.75,cereals and tubers
Maize,Kisumu,Wholesale,2018-09-01,28.51388888888889,,,,WFP,Nyanza,-0.1,34.75,cereals and tubers
Maize,Kisumu,Wholesale,2018-10-01,29.379444444444445,,,,WFP,Nyanza,-0.1,34.75,cereals and tubers
Maize,Kisumu,Wholesale,2018-11-01,30.74777777777778,,,,WFP,Nyanza,-0.1,34.75,cereals and tubers
Maize,Kisumu,Wholesale,2018-12-01,29.80444444444444,,,,WFP,Nyanza,-0.1,34.75,cereals and tubers
Maize,Kisumu,Wholesale,2019-01-01,30.059444444444445,,,,WFP,Nyanza,-0.1,34.75,cereals and tubers
Maize,Kisumu,Wholesale,2019-02-01,28.564444444444444,,,,WFP,Nyanza,-0.1,34.75,cereals and tubers
Maize,Kisumu,Wholesale,2019-03-01,28.68277777777778,,,,WFP,Nyanza,-0.1,34.75,cereals and tubers
Maize,Kisumu,Wholesale,2019-04-01,34.97555555555556,,,,WFP,Nyanza,-0.1,34.75,cereals and tubers
Maize,Kisumu,Wholesale,2019-05-01,44.74722222222222,,,,WFP,Nyanza,-0.1,34.75,cereals and tubers
Maize,Kisumu,Wholesale,2019-06-01,45.49505555555556,,,,WFP,Nyanza,-0.1,34.75,cereals and tubers
Maize,Kisumu,Wholesale,2019-07-01,50.495000000000005,,,,WFP,Nyanza,-0.1,34.75,cereals and tubers
Maize,Kisumu,Wholesale,2019-08-01,47.77777777777778,,,,WFP,Nyanza,-0.1,34.75,cereals and tubers
Maize,Kisumu,Wholesale,2019-09-01,41.33111111111111,,,,WFP,Nyanza,-0.1,34.75,cereals and tubers
Maize,Kisumu,Wholesale,2019-10-01,33.30833333333334,,,,WFP,Nyanza,-0.1,34.75,cereals and tubers
Maize,Kisumu,Wholesale,2020-02-01,48.02,,,,WFP,Nyanza,-0.1,34.75,cereals and tubers
Maize,Kisumu,Wholesale,2020-03-01,48.79,,,,WFP,Nyanza,-0.1,34.75,cereals and tubers
Maize,Kisumu,Wholesale,2022-01-01,40.267037,,,,KAMIS,Nyanza,-0.1,34.75,cereals and tubers
Maize,Kisumu,Wholesale,2022-02-01,37.699483,,,,KAMIS+WFP,Nyanza,-0.1,34.75,cereals and tubers
Maize,Kisumu,Wholesale,2022-03-01,41.1575,,,,KAMIS,Nyanza,-0.1,34.75,cereals and tubers
Maize,Kisumu,Wholesale,2022-04-01,45.700455,,,,KAMIS,Nyanza,-0.1,34.75,cereals and tubers
Maize,Kisumu,Wholesale,2022-05-01,50.9108,,,,KAMIS,Nyanza,-0.1,34.75,cereals and tubers
Maize,Kisumu,Wholesale,2022-06-01,63.8885,,,,KAMIS,Nyanza,-0.1,34.75,cereals and tubers
Maize,Kisumu,Wholesale,2022-07-01,72.825,,,,KAMIS,Nyanza,-0.1,34.75,cereals and tubers
Maize,Kisumu,Wholesale,2022-08-01,66.310714,,,,KAMIS,Nyanza,-0.1,34.75,cereals and tubers
Maize,Kisumu,Wholesale,2022-09-01,65.621765,,,,KAMIS,Nyanza,-0.1,34.75,cereals and tubers
Maize,Kisumu,Wholesale,2022-10-01,62.7775,,,,KAMIS,Nyanza,-0.1,34.75,cereals and tubers
Maize,Kisumu,Wholesale,2022-11-01,73.712273,,,,KAMIS,Nyanza,-0.1,34.75,cereals and tubers
Maize,Kisumu,Wholesale,2022-12-01,74.907222,,,,KAMIS,Nyanza,-0.1,34.75,cereals and tubers
Maize,Kisumu,Wholesale,2023-01-01,74.86125,,,,KAMIS,Nyanza,-0.1,34.75,cereals and tubers
Maize,Kisumu,Wholesale,2023-02-01,71.388333,,,,KAMIS,Nyanza,-0.1,34.75,cereals and tubers
Maize,Kisumu,Wholesale,2023-03-01,71.988421,,,,KAMIS,Nyanza,-0.1,34.75,cereals and tubers
Maize,Kisumu,Wholesale,2023-04-01,76.355294,,,,KAMIS,Nyanza,-0.1,34.75,cereals and tubers
Maize,Kisumu,Wholesale,2023-05-01,77.543684,,,,KAMIS,Nyanza,-0.1,34.75,cereals and tubers
Maize,Kisumu,Wholesale,2023-06-01,84.083529,,,,KAMIS,Nyanza,-0.1,34.75,cereals and tubers
Maize,Kisumu,Wholesale,2023-07-01,79.494545,,,,KAMIS,Nyanza,-0.1,34.75,cereals and tubers
Maize,Kisumu,Wholesale,2023-08-01,66.507857,,,,KAMIS,Nyanza,-0.1,34.75,cereals and tubers
Maize,Kisumu,Wholesale,2023-09-01,61.25,,,,KAMIS,Nyanza,-0.1,34.75,cereals and tubers
Maize,Kisumu,Wholesale,2023-10-01,61.348571,,,,KAMIS,Nyanza,-0.1,34.75,cereals and tubers
Maize,Kisumu,Wholesale,2023-11-01,58.8875,,,,KAMIS,Nyanza,-0.1,34.75,cereals and tubers
Maize,Kisumu,Wholesale,2023-12-01,59.721667,,,,KAMIS,Nyanza,-0.1,34.75,cereals and tubers
Maize,Kisumu,Wholesale,2024-01-01,54.7225,,,,KAMIS,Nyanza,-0.1,34.75,cereals and tubers
Maize,Kisumu,Wholesale,2024-03-01,44.888,,,,KAMIS,Nyanza,-0.1,34.75,cereals and tubers
Maize,Kisumu,Wholesale,2024-04-01,43.75,,,,KAMIS,Nyanza,-0.1,34.75,cereals and tubers
Maize,Kisumu,Wholesale,2024-05-01,44.72,,,,KAMIS,Nyanza,-0.1,34.75,cereals and tubers
Maize,Kisumu,Wholesale,2024-06-01,43.807143,,,,KAMIS,Nyanza,-0.1,34.75,cereals and tubers
Maize,Kisumu,Wholesale,2024-07-01,42.531111,,,,KAMIS,Nyanza,-0.1,34.75,cereals and tubers
Maize,Kisumu,Wholesale,2024-08-01,46.39,,,,KAMIS,Nyanza,-0.1,34.75,cereals and tubers
Maize,Kisumu,Wholesale,2024-09-01,43.590769,,,,KAMIS,Nyanza,-0.1,34.75,cereals and tubers
Maize,Kisumu,Wholesale,2024-10-01,41.666667,,,,KAMIS,Nyanza,-0.1,34.75,cereals and tubers
Maize,Kisumu,Wholesale,2025-02-01,52.5,,,,KAMIS,Nyanza,-0.1,34.75,cereals and tubers
Maize,Kisumu,Wholesale,2025-03-01,62.5,,,,KAMIS,Nyanza,-0.1,34.75,cereals and tubers
Maize,Kisumu,Wholesale,2025-04-01,60.0,,,,KAMIS,Nyanza,-0.1,34.75,cereals and tubers
Maize,Kisumu,Wholesale,2025-05-01,59.036667,,,,KAMIS,Nyanza,-0.1,34.75,cereals and tubers
Maize,Kisumu,Wholesale,2025-06-01,58.313333,,,,KAMIS,Nyanza,-0.1,34.75,cereals and tubers
Maize,Kisumu,Wholesale,2025-07-01,52.586842,,,,KAMIS,Nyanza,-0.1,34.75,cereals and tubers
Maize,Kisumu,Wholesale,2025-08-01,48.428462,,,,KAMIS,Nyanza,-0.1,34.75,cereals and tubers
Maize,Kisumu,Wholesale,2025-09-01,50.091667,,,,KAMIS,Nyanza,-0.1,34.75,cereals and tubers
Maize,Kisumu,Wholesale,2025-10-01,45.9025,,,,KAMIS,Nyanza,-0.1,34.75,cereals and tubers
Maize,Kisumu,Wholesale,2025-11-01,45.207273,,,,KAMIS,Nyanza,-0.1,34.75,cereals and tubers
Maize,Kisumu,Wholesale,2025-12-01,49.999,,,,KAMIS,Nyanza,-0.1,34.75,cereals and tubers
Maize,Kisumu,Wholesale,2026-01-01,53.828,,,,KAMIS,Nyanza,-0.1,34.75,cereals and tubers
Maize,Kisumu,Wholesale,2026-02-01,53.71,,,,KAMIS,Nyanza,-0.1,34.75,cereals and tubers
Maize,Kisumu,Wholesale,2026-03-01,57.02875,,,,KAMIS,Nyanza,-0.1,34.75,cereals and tubers
Maize,Kisumu,Wholesale,2026-04-01,57.038333,,,,KAMIS,Nyanza,-0.1,34.75,cereals and tubers
Maize,Kisumu,Wholesale,2026-05-01,60.124118,,,,KAMIS,Nyanza,-0.1,34.75,cereals and tubers
Maize,Kisumu,Wholesale,2026-06-01,56.610625,,,,KAMIS,Nyanza,-0.1,34.75,cereals and tubers
Maize,Kisumu,Wholesale,2026-07-01,52.221579,,,,KAMIS,Nyanza,-0.1,34.75,cereals and tubers
Maize,Kisumu,Wholesale,2026-08-01,48.888571,,,,KAMIS,Nyanza,-0.1,34.75,cereals and tubers
Maize,Kisumu,Wholesale,2026-09-01,49.047143,,,,KAMIS,Nyanza,-0.1,34.75,cereals and tubers
Maize,Mombasa,Wholesale,2006-01-01,16.28722222222222,,,,WFP,Coast,-4.05,39.67,cereals and tubers
Maize,Mombasa,Wholesale,2006-02-01,16.66611111111111,,,,WFP,Coast,-4.05,39.67,cereals and tubers
Maize,Mombasa,Wholesale,2006-03-01,16.689999999999998,,,,WFP,Coast,-4.05,39.67,cereals and tubers
Maize,Mombasa,Wholesale,2006-04-01,17.44611111111111,,,,WFP,Coast,-4.05,39.67,cereals and tubers
Maize,Mombasa,Wholesale,2006-05-01,19.223722222222225,,,,WFP,Coast,-4.05,39.67,cereals and tubers
Maize,Mombasa,Wholesale,2006-06-01,20.131944444444443,,,,WFP,Coast,-4.05,39.67,cereals and tubers
Maize,Mombasa,Wholesale,2006-07-01,19.376666666666665,,,,WFP,Coast,-4.05,39.67,cereals and tubers
Maize,Mombasa,Wholesale,2006-08-01,13.939722222222224,,,,WFP,Coast,-4.05,39.67,cereals and tubers
Maize,Mombasa,Wholesale,2006-09-01,11.857222222222225,,,,WFP,Coast,-4.05,39.67,cereals and tubers
Maize,Mombasa,Wholesale,2006-10-01,12.539444444444444,,,,WFP,Coast,-4.05,39.67,cereals and tubers
Maize,Mombasa,Wholesale,2006-11-01,12.717777777777778,,,,WFP,Coast,-4.05,39.67,cereals and tubers
Maize,Mombasa,Wholesale,2006-12-01,12.604555555555557,,,,WFP,Coast,-4.05,39.67,cereals and tubers
Maize,Mombasa,Wholesale,2007-01-01,11.729444444444445,,,,WFP,Coast,-4.05,39.67,cereals and tubers
Maize,Mombasa,Wholesale,2007-02-01,12.022777777777778,,,,WFP,Coast,-4.05,39.67,cereals and tubers
Maize,Mombasa,Wholesale,2007-03-01,11.467333333333334,,,,WFP,Coast,-4.05,39.67,cereals and tubers
Maize,Mombasa,Wholesale,2007-04-01,11.66372222222222,,,,WFP,Coast,-4.05,39.67,cereals and tubers
Maize,Mombasa,Wholesale,2007-05-01,11.812055555555556,,,,WFP,Coast,-4.05,39.67,cereals and tubers
Maize,Mombasa,Wholesale,2007-06-01,13.246666666666666,,,,WFP,Coast,-4.05,39.67,cereals and tubers
Maize,Mombasa,Wholesale,2007-07-01,13.177277777777778,,,,WFP,Coast,-4.05,39.67,cereals and tubers
Maize,Mombasa,Wholesale,2007-08-01,13.26372222222222,,,,WFP,Coast,-4.05,39.67,cereals and tubers
Maize,Mombasa,Wholesale,2007-09-01,13.648333333333332,,,,WFP,Coast,-4.05,39.67,cereals and tubers
Maize,Mombasa,Wholesale,2007-10-01,13.302444444444443,,,,WFP,Coast,-4.05,39.67,cereals and tubers
Maize,Mombasa,Wholesale,2007-11-01,14.000555555555556,,,,WFP,Coast,-4.05,39.67,cereals and tubers
Maize,Mombasa,Wholesale,2007-12-01,14.125222222222224,,,,WFP,Coast,-4.05,39.67,cereals and tubers
Maize,Mombasa,Wholesale,2008-01-01,15.708222222222222,,,,WFP,Coast,-4.05,39.67,cereals and tubers
Maize,Mombasa,Wholesale,2008-02-01,15.426666666666666,,,,WFP,Coast,-4.05,39.67,cereals and tubers
Maize,Mombasa,Wholesale,2008-03-01,15.89,,,,WFP,Coast,-4.05,39.67,cereals and tubers
Maize,Mombasa,Wholesale,2008-04-01,17.617777777777782,,,,WFP,Coast,-4.05,39.67,cereals and tubers
Maize,Mombasa,Wholesale,2008-05-01,20.86433333333333,,,,WFP,Coast,-4.05,39.67,cereals and tubers
Maize,Mombasa,Wholesale,2008-06-01,21.887166666666666,,,,WFP,Coast,-4.05,39.67,cereals and tubers
Maize,Mombasa,Wholesale,2008-07-01,22.91727777777778,,,,WFP,Coast,-4.05,39.67,cereals and tubers
Maize,Mombasa,Wholesale,2008-08-01,23.20055555555556,,,,WFP,Coast,-4.05,39.67,cereals and tubers
Maize,Mombasa,Wholesale,2008-09-01,23.00011111111111,,,,WFP,Coast,-4.05,39.67,cereals and tubers
Maize,Mombasa,Wholesale,2008-10-01,25.029833333333336,,,,WFP,Coast,-4.05,39.67,cereals and tubers
Maize,Mombasa,Wholesale,2008-11-01,26.736666666666665,,,,WFP,Coast,-4.05,39.67,cereals and tubers
Maize,Mombasa,Wholesale,2008-12-01,26.10972222222222,,,,WFP,Coast,-4.05,39.67,cereals and tubers
Maize,Mombasa,Wholesale,2009-01-01,24.454722222222223,,,,WFP,Coast,-4.05,39.67,cereals and tubers
Maize,Mombasa,Wholesale,2009-02-01,29.565,,,,WFP,Coast,-4.05,39.67,cereals and tubers
Maize,Mombasa,Wholesale,2009-03-01,28.078444444444443,,,,WFP,Coast,-4.05,39.67,cereals and tubers
Maize,Mombasa,Wholesale,2009-04-01,26.40611111111111,,,,WFP,Coast,-4.05,39.67,cereals and tubers
Maize,Mombasa,Wholesale,2009-05-01,26.61,,,,WFP,Coast,-4.05,39.67,cereals and tubers
Maize,Mombasa,Wholesale,2009-06-01,26.03777777777778,,,,WFP,Coast,-4.05,39.67,cereals and tubers
Maize,Mombasa,Wholesale,2009-07-01,24.52833333333333,,,,WFP,Coast,-4.05,39.67,cereals and tubers
Maize,Mombasa,Wholesale,2009-08-01,24.131,,,,WFP,Coast,-4.05,39.67,cereals and tubers
Maize,Mombasa,Wholesale,2009-09-01,22.848333333333336,,,,WFP,Coast,-4.05,39.67,cereals and tubers
Maize,Mombasa,Wholesale,2009-10-01,24.98555555555556,,,,WFP,Coast,-4.05,39.67,cereals and tubers
Maize,Mombasa,Wholesale,2009-11-01,25.61277777777778,,,,WFP,Coast,-4.05,39.67,cereals and tubers
Maize,Mombasa,Wholesale,2009-12-01,25.34777777777778,,,,WFP,Coast,-4.05,39.67,cereals and tubers
Maize,Mombasa,Wholesale,2010-01-01,25.419833333333337,,,,WFP,Coast,-4.05,39.67,cereals and tubers
Maize,Mombasa,Wholesale,2010-02-01,23.285,,,,WFP,Coast,-4.05,39.67,cereals and tubers
Maize,Mombasa,Wholesale,2010-03-01,21.281666666666663,,,,WFP,Coast,-4.05,39.67,cereals and tubers
Maize,Mombasa,Wholesale,2010-04-01,19.551666666666662,,,,WFP,Coast,-4.05,39.67,cereals and tubers
Maize,Mombasa,Wholesale,2010-05-01,18.35777777777778,,,,WFP,Coast,-4.05,39.67,cereals and tubers
Maize,Mombasa,Wholesale,2010-06-01,16.882777777777775,,,,WFP,Coast,-4.05,39.67,cereals and tubers
Maize,Mombasa,Wholesale,2010-07-01,15.916666666666666,,,,WFP,Coast,-4.05,39.67,cereals and tubers
Maize,Mombasa,Wholesale,2010-08-01,15.51388888888889,,,,WFP,Coast,-4.05,39.67,cereals and tubers
Maize,Mombasa,Wholesale,2010-09-01,14.53611111111111,,,,WFP,Coast,-4.05,39.67,cereals and tubers
Maize,Mombasa,Wholesale,2010-10-01,13.264444444444443,,,,WFP,Coast,-4.05,39.67,cereals and tubers
Maize,Mombasa,Wholesale,2010-11-01,16.53888888888889,,,,WFP,Coast,-4.05,39.67,cereals and tubers
Maize,Mombasa,Wholesale,2010-12-01,17.42888888888889,,,,WFP,Coast,-4.05,39.67,cereals and tubers
Maize,Mombasa,Wholesale,2011-01-01,18.12,,,,WFP,Coast,-4.05,39.67,cereals and tubers
Maize,Mombasa,Wholesale,2011-02-01,23.13722222222222,,,,WFP,Coast,-4.05,39.67,cereals and tubers
Maize,Mombasa,Wholesale,2011-03-01,24.755000000000003,,,,WFP,Coast,-4.05,39.67,cereals and tubers
Maize,Mombasa,Wholesale,2011-04-01,29.015555555555554,,,,WFP,Coast,-4.05,39.67,cereals and tubers
Maize,Mombasa,Wholesale,2011-05-01,35.63166666666667,,,,WFP,Coast,-4.05,39.67,cereals and tubers
Maize,Mombasa,Wholesale,2011-06-01,40.43111111111111,,,,WFP,Coast,-4.05,39.67,cereals and tubers
Maize,Mombasa,Wholesale,2011-07-01,44.34388888888888,,,,WFP,Coast,-4.05,39.67,cereals and tubers
Maize,Mombasa,Wholesale,2011-08-01,35.70444444444445,,,,WFP,Coast,-4.05,39.67,cereals and tubers
Maize,Mombasa,Wholesale,2011-09-01,32.99055555555556,,,,WFP,Coast,-4.05,39.67,cereals and tubers
Maize,Mombasa,Wholesale,2011-10-01,33.07,,,,WFP,Coast,-4.05,39.67,cereals and tubers
Maize,Mombasa,Wholesale,2011-11-01,35.754444444444445,,,,WFP,Coast,-4.05,39.67,cereals and tubers
Maize,Mombasa,Wholesale,2011-12-01,35.69277777777778,,,,WFP,Coast,-4.05,39.67,cereals and tubers
Maize,Mombasa,Wholesale,2012-01-01,34.44277777777778,,,,WFP,Coast,-4.05,39.67,cereals and tubers
Maize,Mombasa,Wholesale,2012-02-01,31.444444444444443,,,,WFP,Coast,-4.05,39.67,cereals and tubers
Maize,Mombasa,Wholesale,2012-03-01,29.61111111111111,,,,WFP,Coast,-4.05,39.67,cereals and tubers
Maize,Mombasa,Wholesale,2012-04-01,32.37277777777778,,,,WFP,Coast,-4.05,39.67,cereals and tubers
Maize,Mombasa,Wholesale,2012-05-01,38.08444444444444,,,,WFP,Coast,-4.05,39.67,cereals and tubers
Maize,Mombasa,Wholesale,2012-06-01,37.5,,,,WFP,Coast,-4.05,39.67,cereals and tubers
Maize,Mombasa,Wholesale,2012-07-01,36.7,,,,WFP,Coast,-4.05,39.67,cereals and tubers
Maize,Mombasa,Wholesale,2012-08-01,35.18888888888889,,,,WFP,Coast,-4.05,39.67,cereals and tubers
Maize,Mombasa,Wholesale,2012-10-01,32.666666666666664,,,,WFP,Coast,-4.05,39.67,cereals and tubers
Maize,Mombasa,Wholesale,2012-11-01,34.388888888888886,,,,WFP,Coast,-4.05,39.67,cereals and tubers
Maize,Mombasa,Wholesale,2012-12-01,34.44444444444444,,,,WFP,Coast,-4.05,39.67,cereals and tubers
Maize,Mombasa,Wholesale,2013-01-01,17.166666666666668,,,,WFP,Coast,-4.05,39.67,cereals and tubers
Maize,Mombasa,Wholesale,2013-02-01,30.558888888888887,,,,WFP,Coast,-4.05,39.67,cereals and tubers
Maize,Mombasa,Wholesale,2013-03-01,31.808888888888887,,,,WFP,Coast,-4.05,39.67,cereals and tubers
Maize,Mombasa,Wholesale,2013-04-01,32.913333333333334,,,,WFP,Coast,-4.05,39.67,cereals and tubers
Maize,Mombasa,Wholesale,2013-05-01,33.388333333333335,,,,WFP,Coast,-4.05,39.67,cereals and tubers
Maize,Mombasa,Wholesale,2013-06-01,33.35,,,,WFP,Coast,-4.05,39.67,cereals and tubers
Maize,Mombasa,Wholesale,2013-07-01,31.42222222222222,,,,WFP,Coast,-4.05,39.67,cereals and tubers
Maize,Mombasa,Wholesale,2013-08-01,30.22222222222222,,,,WFP,Coast,-4.05,39.67,cereals and tubers
Maize,Mombasa,Wholesale,2013-09-01,29.666666666666668,,,,WFP,Coast,-4.05,39.67,cereals and tubers
Maize,Mombasa,Wholesale,2013-10-01,32.1,,,,WFP,Coast,-4.05,39.67,cereals and tubers
Maize,Mombasa,Wholesale,2013-11-01,31.633333333333333,,,,WFP,Coast,-4.05,39.67,cereals and tubers
Maize,Mombasa,Wholesale,2013-12-01,32.28888888888889,,,,WFP,Coast,-4.05,39.67,cereals and tubers
Maize,Mombasa,Wholesale,2014-01-01,35.88666666666667,,,,WFP,Coast,-4.05,39.67,cereals and tubers
Maize,Mombasa,Wholesale,2014-02-01,34.12444444444445,,,,WFP,Coast,-4.05,39.67,cereals and tubers
Maize,Mombasa,Wholesale,2014-03-01,34.111111111111114,,,,WFP,Coast,-4.05,39.67,cereals and tubers
Maize,Mombasa,Wholesale,2014-04-01,36.31666666666666,,,,WFP,Coast,-4.05,39.67,cereals and tubers
Maize,Mombasa,Wholesale,2014-05-01,37.17944444444444,,,,WFP,Coast,-4.05,39.67,cereals and tubers
Maize,Mombasa,Wholesale,2014-06-01,39.74166666666667,,,,WFP,Coast,-4.05,39.67,cereals and tubers
Maize,Mombasa,Wholesale,2014-07-01,37.0595,,,,WFP,Coast,-4.05,39.67,cereals and tubers
Maize,Mombasa,Wholesale,2014-08-01,33.65277777777778,,,,WFP,Coast,-4.05,39.67,cereals and tubers
Maize,Mombasa,Wholesale,2014-09-01,28.159444444444446,,,,WFP,Coast,-4.05,39.67,cereals and tubers
Maize,Mombasa,Wholesale,2014-10-01,26.317777777777778,,,,WFP,Coast,-4.05,39.67,cereals and tubers
Maize,Mombasa,Wholesale,2014-11-01,25.002944444444445,,,,WFP,Coast,-4.05,39.67,cereals and tubers
Maize,Mombasa,Wholesale,2014-12-01,25.11722222222222,,,,WFP,Coast,-4.05,39.67,cereals and tubers
Maize,Mombasa,Wholesale,2015-01-01,27.232777777777777,,,,WFP,Coast,-4.05,39.67,cereals and tubers
Maize,Mombasa,Wholesale,2015-02-01,27.77777777777778,,,,WFP,Coast,-4.05,39.67,cereals and tubers
Maize,Mombasa,Wholesale,2015-03-01,28.88888888888889,,,,WFP,Coast,-4.05,39.67,cereals and tubers
Maize,Mombasa,Wholesale,2015-04-01,34.077777777777776,,,,WFP,Coast,-4.05,39.67,cereals and tubers
Maize,Mombasa,Wholesale,2015-05-01,35.22222222222222,,,,WFP,Coast,-4.05,39.67,cereals and tubers
Maize,Mombasa,Wholesale,2015-06-01,33.477777777777774,,,,WFP,Coast,-4.05,39.67,cereals and tubers
Maize,Mombasa,Wholesale,2015-07-01,34.81477777777778,,,,WFP,Coast,-4.05,39.67,cereals and tubers
Maize,Mombasa,Wholesale,2015-08-01,33.888888888888886,,,,WFP,Coast,-4.05,39.67,cereals and tubers
Maize,Mombasa,Wholesale,2015-09-01,29.61111111111111,,,,WFP,Coast,-4.05,39.67,cereals and tubers
Maize,Mombasa,Wholesale,2015-10-01,29.45555555555556,,,,WFP,Coast,-4.05,39.67,cereals and tubers
Maize,Mombasa,Wholesale,2015-11-01,28.88888888888889,,,,WFP,Coast,-4.05,39.67,cereals and tubers
Maize,Mombasa,Wholesale,2015-12-01,29.365,,,,WFP,Coast,-4.05,39.67,cereals and tubers
Maize,Mombasa,Wholesale,2016-01-01,30.115,,,,WFP,Coast,-4.05,39.67,cereals and tubers
Maize,Mombasa,Wholesale,2016-02-01,29.66,,,,WFP,Coast,-4.05,39.67,cereals and tubers
Maize,Mombasa,Wholesale,2016-03-01,27.50333333333333,,,,WFP,Coast,-4.05,39.67,cereals and tubers
Maize,Mombasa,Wholesale,2016-04-01,29.19,,,,WFP,Coast,-4.05,39.67,cereals and tubers
Maize,Mombasa,Wholesale,2016-05-01,29.15777777777778,,,,WFP,Coast,-4.05,39.67,cereals and tubers
Maize,Mombasa,Wholesale,2016-06-01,29.758333333333333,,,,WFP,Coast,-4.05,39.67,cereals and tubers
Maize,Mombasa,Wholesale,2016-07-01,31.133222222222223,,,,WFP,Coast,-4.05,39.67,cereals and tubers
Maize,Mombasa,Wholesale,2016-08-01,33.730555555555554,,,,WFP,Coast,-4.05,39.67,cereals and tubers
Maize,Mombasa,Wholesale,2016-09-01,32.47944444444445,,,,WFP,Coast,-4.05,39.67,cereals and tubers
Maize,Mombasa,Wholesale,2016-10-01,33.16166666666667,,,,WFP,Coast,-4.05,39.67,cereals and tubers
Maize,Mombasa,Wholesale,2016-11-01,36.64,,,,WFP,Coast,-4.05,39.67,cereals and tubers
Maize,Mombasa,Wholesale,2016-12-01,36.510000000000005,,,,WFP,Coast,-4.05,39.67,cereals and tubers
Maize,Mombasa,Wholesale,2017-01-01,36.251666666666665,,,,WFP,Coast,-4.05,39.67,cereals and tubers
Maize,Mombasa,Wholesale,2017-02-01,41.36277777777778,,,,WFP,Coast,-4.05,39.67,cereals and tubers
Maize,Mombasa,Wholesale,2017-03-01,47.23222222222222,,,,WFP,Coast,-4.05,39.67,cereals and tubers
Maize,Mombasa,Wholesale,2017-04-01,50.33666666666667,,,,WFP,Coast,-4.05,39.67,cereals and tubers
Maize,Mombasa,Wholesale,2017-05-01,55.05611111111111,,,,WFP,Coast,-4.05,39.67,cereals and tubers
Maize,Mombasa,Wholesale,2017-06-01,52.622777777777785,,,,WFP,Coast,-4.05,39.67,cereals and tubers
Maize,Mombasa,Wholesale,2017-07-01,47.863888888888894,,,,WFP,Coast,-4.05,39.67,cereals and tubers
Maize,Mombasa,Wholesale,2017-08-01,39.00277777777778,,,,WFP,Coast,-4.05,39.67,cereals and tubers
Maize,Mombasa,Wholesale,2017-09-01,33.92222222222222,,,,WFP,Coast,-4.05,39.67,cereals and tubers
Maize,Mombasa,Wholesale,2017-10-01,32.528333333333336,,,,WFP,Coast,-4.05,39.67,cereals and tubers
Maize,Mombasa,Wholesale,2017-11-01,32.983888888888885,,,,WFP,Coast,-4.05,39.67,cereals and tubers
Maize,Mombasa,Wholesale,2017-12-01,30.195,,,,WFP,Coast,-4.05,39.67,cereals and tubers
Maize,Mombasa,Wholesale,2018-01-01,31.695,,,,WFP,Coast,-4.05,39.67,cereals and tubers
Maize,Mombasa,Wholesale,2018-02-01,31.434444444444445,,,,WFP,Coast,-4.05,39.67,cereals and tubers
Maize,Mombasa,Wholesale,2018-03-01,29.13722222222222,,,,WFP,Coast,-4.05,39.67,cereals and tubers
Maize,Mombasa,Wholesale,2018-04-01,28.21277777777778,,,,WFP,Coast,-4.05,39.67,cereals and tubers
Maize,Mombasa,Wholesale,2018-05-01,28.083333333333336,,,,WFP,Coast,-4.05,39.67,cereals and tubers
Maize,Mombasa,Wholesale,2018-06-01,29.854444444444447,,,,WFP,Coast,-4.05,39.67,cereals and tubers
Maize,Mombasa,Wholesale,2018-07-01,28.60333333333333,,,,WFP,Coast,-4.05,39.67,cereals and tubers
Maize,Mombasa,Wholesale,2018-08-01,23.60888888888889,,,,WFP,Coast,-4.05,39.67,cereals and tubers
Maize,Mombasa,Wholesale,2018-09-01,23.191666666666663,,,,WFP,Coast,-4.05,39.67,cereals and tubers
Maize,Mombasa,Wholesale,2018-10-01,20.22611111111111,,,,WFP,Coast,-4.05,39.67,cereals and tubers
Maize,Mombasa,Wholesale,2018-11-01,23.58944444444445,,,,WFP,Coast,-4.05,39.67,cereals and tubers
Maize,Mombasa,Wholesale,2018-12-01,25.651666666666664,,,,WFP,Coast,-4.05,39.67,cereals and tubers
Maize,Mombasa,Wholesale,2019-01-01,25.815555555555555,,,,WFP,Coast,-4.05,39.67,cereals and tubers
Maize,Mombasa,Wholesale,2019-02-01,25.37388888888889,,,,WFP,Coast,-4.05,39.67,cereals and tubers
Maize,Mombasa,Wholesale,2019-03-01,25.621111111111112,,,,WFP,Coast,-4.05,39.67,cereals and tubers
Maize,Mombasa,Wholesale,2019-04-01,34.04383333333334,,,,WFP,Coast,-4.05,39.67,cereals and tubers
Maize,Mombasa,Wholesale,2019-05-01,40.52722222222222,,,,WFP,Coast,-4.05,39.67,cereals and tubers
Maize,Mombasa,Wholesale,2019-06-01,37.99555555555556,,,,WFP,Coast,-4.05,39.67,cereals and tubers
Maize,Mombasa,Wholesale,2019-07-01,40.99666666666667,,,,WFP,Coast,-4.05,39.67,cereals and tubers
Maize,Mombasa,Wholesale,2019-08-01,40.725,,,,WFP,Coast,-4.05,39.67,cereals and tubers
Maize,Mombasa,Wholesale,2019-09-01,40.77777777777778,,,,WFP,Coast,-4.05,39.67,cereals and tubers
Maize,Mombasa,Wholesale,2019-10-01,41.07083333333334,,,,FEWS+WFP,Coast,-4.05,39.67,cereals and tubers
Maize,Mombasa,Wholesale,2019-11-01,41.111111111111114,,,,FEWS,Coast,-4.05,39.67,cereals and tubers
Maize,Mombasa,Wholesale,2019-12-01,42.22222222222222,,,,FEWS,Coast,-4.05,39.67,cereals and tubers
Maize,Mombasa,Wholesale,2020-01-01,37.608333333333334,,,,FEWS+WFP,Coast,-4.05,39.67,cereals and tubers
Maize,Mombasa,Wholesale,2020-02-01,35.33125,,,,FEWS+WFP,Coast,-4.05,39.67,cereals and tubers
Maize,Mombasa,Wholesale,2020-03-01,30.483898148166666,,,,FEWS+WFP,Coast,-4.05,39.67,cereals and tubers
Maize,Mombasa,Wholesale,2020-04-01,30.18518518522222,,,,FEWS,Coast,-4.05,39.67,cereals and tubers
Maize,Mombasa,Wholesale,2020-05-01,35.55555555555556,,,,FEWS,Coast,-4.05,39.67,cereals and tubers
Maize,Mombasa,Wholesale,2020-06-01,49.62222222222222,,,,FEWS,Coast,-4.05,39.67,cereals and tubers
Maize,Mombasa,Wholesale,2020-07-01,31.11111111111111,,,,FEWS,Coast,-4.05,39.67,cereals and tubers
Maize,Mombasa,Wholesale,2020-08-01,30.555555555555557,,,,FEWS,Coast,-4.05,39.67,cereals and tubers
Maize,Mombasa,Wholesale,2020-09-01,28.88888888888889,,,,FEWS,Coast,-4.05,39.67,cereals and tubers
Maize,Mombasa,Wholesale,2020-10-01,30.555555555555557,,,,FEWS,Coast,-4.05,39.67,cereals and tubers
Maize,Mombasa,Wholesale,2020-11-01,32.22222222222222,,,,FEWS,Coast,-4.05,39.67,cereals and tubers
Maize,Mombasa,Wholesale,2020-12-01,31.11111111111111,,,,FEWS,Coast,-4.05,39.67,cereals and tubers
Maize,Mombasa,Wholesale,2021-01-01,33.120555555555555,,,,FEWS+WFP,Coast,-4.05,39.67,cereals and tubers
Maize,Mombasa,Wholesale,2021-02-01,31.369999999999997,,,,FEWS+WFP,Coast,-4.05,39.67,cereals and tubers
Maize,Mombasa,Wholesale,2021-03-01,31.875,,,,FEWS+WFP,Coast,-4.05,39.67,cereals and tubers
Maize,Mombasa,Wholesale,2021-04-01,31.345000000000002,,,,FEWS+WFP,Coast,-4.05,39.67,cereals and tubers
Maize,Mombasa,Wholesale,2021-05-01,30.725,,,,FEWS+WFP,Coast,-4.05,39.67,cereals and tubers
Maize,Mombasa,Wholesale,2021-06-01,30.98,,,,FEWS+WFP,Coast,-4.05,39.67,cereals and tubers
Maize,Mombasa,Wholesale,2021-07-01,32.16666666666667,,,,FEWS+WFP,Coast,-4.05,39.67,cereals and tubers
Maize,Mombasa,Wholesale,2021-08-01,31.55,,,,FEWS+WFP,Coast,-4.05,39.67,cereals and tubers
Maize,Mombasa,Wholesale,2021-09-01,31.195,,,,FEWS+WFP,Coast,-4.05,39.67,cereals and tubers
Maize,Mombasa,Wholesale,2021-10-01,34.74722222222222,,,,FEWS+WFP,Coast,-4.05,39.67,cereals and tubers
Maize,Mombasa,Wholesale,2021-11-01,27.272222222222222,,,,FEWS+WFP,Coast,-4.05,39.67,cereals and tubers
Maize,Mombasa,Wholesale,2021-12-01,40.0,,,,FEWS,Coast,-4.05,39.67,cereals and tubers
Maize,Mombasa,Wholesale,2022-06-01,64.835,,,,KAMIS,Coast,-4.05,39.67,cereals and tubers
Maize,Mombasa,Wholesale,2022-07-01,65.556667,,,,KAMIS,Coast,-4.05,39.67,cereals and tubers
Maize,Mombasa,Wholesale,2022-08-01,66.67,,,,KAMIS,Coast,-4.05,39.67,cereals and tubers
Maize,Mombasa,Wholesale,2022-09-01,66.115,,,,KAMIS,Coast,-4.05,39.67,cereals and tubers
Maize,Mombasa,Wholesale,2022-10-01,66.67,,,,KAMIS,Coast,-4.05,39.67,cereals and tubers
Maize,Mombasa,Wholesale,2022-12-01,66.67,,,,KAMIS,Coast,-4.05,39.67,cereals and tubers
Maize,Mombasa,Wholesale,2023-01-01,59.335,,,,KAMIS,Coast,-4.05,39.67,cereals and tubers
Maize,Mombasa,Wholesale,2023-02-01,70.6375,,,,KAMIS,Coast,-4.05,39.67,cereals and tubers
Maize,Mombasa,Wholesale,2023-03-01,73.25,,,,KAMIS,Coast,-4.05,39.67,cereals and tubers
Maize,Mombasa,Wholesale,2023-04-01,70.333333,,,,KAMIS,Coast,-4.05,39.67,cereals and tubers
Maize,Mombasa,Wholesale,2023-05-01,85.571429,,,,KAMIS,Coast,-4.05,39.67,cereals and tubers
Maize,Mombasa,Wholesale,2023-06-01,73.5,,,,KAMIS,Coast,-4.05,39.67,cereals and tubers
Maize,Mombasa,Wholesale,2023-07-01,58.25,,,,KAMIS,Coast,-4.05,39.67,cereals and tubers
Maize,Mombasa,Wholesale,2023-08-01,75.0,,,,KAMIS,Coast,-4.05,39.67,cereals and tubers
Maize,Nairobi,Wholesale,2006-01-01,15.512222222222222,,,,WFP,Nairobi,-1.28,36.82,cereals and tubers
Maize,Nairobi,Wholesale,2006-02-01,16.471666666666668,,,,WFP,Nairobi,-1.28,36.82,cereals and tubers
Maize,Nairobi,Wholesale,2006-03-01,16.788333333333334,,,,WFP,Nairobi,-1.28,36.82,cereals and tubers
Maize,Nairobi,Wholesale,2006-04-01,17.065555555555555,,,,WFP,Nairobi,-1.28,36.82,cereals and tubers
Maize,Nairobi,Wholesale,2006-05-01,17.881444444444444,,,,WFP,Nairobi,-1.28,36.82,cereals and tubers
Maize,Nairobi,Wholesale,2006-06-01,17.09616666666667,,,,WFP,Nairobi,-1.28,36.82,cereals and tubers
Maize,Nairobi,Wholesale,2006-07-01,18.69761111111111,,,,WFP,Nairobi,-1.28,36.82,cereals and tubers
Maize,Nairobi,Wholesale,2006-08-01,17.55972222222222,,,,WFP,Nairobi,-1.28,36.82,cereals and tubers
Maize,Nairobi,Wholesale,2006-09-01,14.5,,,,WFP,Nairobi,-1.28,36.82,cereals and tubers
Maize,Nairobi,Wholesale,2006-10-01,14.354722222222222,,,,WFP,Nairobi,-1.28,36.82,cereals and tubers
Maize,Nairobi,Wholesale,2006-11-01,14.170555555555556,,,,WFP,Nairobi,-1.28,36.82,cereals and tubers
Maize,Nairobi,Wholesale,2006-12-01,13.586666666666666,,,,WFP,Nairobi,-1.28,36.82,cereals and tubers
Maize,Nairobi,Wholesale,2007-01-01,15.0,,,,WFP,Nairobi,-1.28,36.82,cereals and tubers
Maize,Nairobi,Wholesale,2007-02-01,14.692222222222222,,,,WFP,Nairobi,-1.28,36.82,cereals and tubers
Maize,Nairobi,Wholesale,2007-03-01,13.26722222222222,,,,WFP,Nairobi,-1.28,36.82,cereals and tubers
Maize,Nairobi,Wholesale,2007-04-01,12.898222222222223,,,,WFP,Nairobi,-1.28,36.82,cereals and tubers
Maize,Nairobi,Wholesale,2007-05-01,13.669777777777778,,,,WFP,Nairobi,-1.28,36.82,cereals and tubers
Maize,Nairobi,Wholesale,2007-06-01,13.276333333333334,,,,WFP,Nairobi,-1.28,36.82,cereals and tubers
Maize,Nairobi,Wholesale,2007-07-01,13.455055555555557,,,,WFP,Nairobi,-1.28,36.82,cereals and tubers
Maize,Nairobi,Wholesale,2007-08-01,13.239055555555556,,,,WFP,Nairobi,-1.28,36.82,cereals and tubers
Maize,Nairobi,Wholesale,2007-09-01,13.626555555555557,,,,WFP,Nairobi,-1.28,36.82,cereals and tubers
Maize,Nairobi,Wholesale,2007-10-01,13.544555555555554,,,,WFP,Nairobi,-1.28,36.82,cereals and tubers
Maize,Nairobi,Wholesale,2007-11-01,13.703611111111112,,,,WFP,Nairobi,-1.28,36.82,cereals and tubers
Maize,Nairobi,Wholesale,2007-12-01,12.324833333333334,,,,WFP,Nairobi,-1.28,36.82,cereals and tubers
Maize,Nairobi,Wholesale,2008-01-01,15.01,,,,WFP,Nairobi,-1.28,36.82,cereals and tubers
Maize,Nairobi,Wholesale,2008-02-01,14.964444444444444,,,,WFP,Nairobi,-1.28,36.82,cereals and tubers
Maize,Nairobi,Wholesale,2008-03-01,15.408333333333337,,,,WFP,Nairobi,-1.28,36.82,cereals and tubers
Maize,Nairobi,Wholesale,2008-04-01,16.44222222222222,,,,WFP,Nairobi,-1.28,36.82,cereals and tubers
Maize,Nairobi,Wholesale,2008-05-01,20.896666666666665,,,,WFP,Nairobi,-1.28,36.82,cereals and tubers
Maize,Nairobi,Wholesale,2008-06-01,23.77777777777778,,,,WFP,Nairobi,-1.28,36.82,cereals and tubers
Maize,Nairobi,Wholesale,2008-07-01,21.273888888888884,,,,WFP,Nairobi,-1.28,36.82,cereals and tubers
Maize,Nairobi,Wholesale,2008-08-01,22.71611111111111,,,,WFP,Nairobi,-1.28,36.82,cereals and tubers
Maize,Nairobi,Wholesale,2008-09-01,22.322222222222223,,,,WFP,Nairobi,-1.28,36.82,cereals and tubers
Maize,Nairobi,Wholesale,2008-10-01,26.27166666666667,,,,WFP,Nairobi,-1.28,36.82,cereals and tubers
Maize,Nairobi,Wholesale,2008-11-01,28.274444444444445,,,,WFP,Nairobi,-1.28,36.82,cereals and tubers
Maize,Nairobi,Wholesale,2008-12-01,26.564444444444444,,,,WFP,Nairobi,-1.28,36.82,cereals and tubers
Maize,Nairobi,Wholesale,2009-01-01,24.02388888888889,,,,WFP,Nairobi,-1.28,36.82,cereals and tubers
Maize,Nairobi,Wholesale,2009-02-01,26.67833333333333,,,,WFP,Nairobi,-1.28,36.82,cereals and tubers
Maize,Nairobi,Wholesale,2009-03-01,29.751666666666665,,,,WFP,Nairobi,-1.28,36.82,cereals and tubers
Maize,Nairobi,Wholesale,2009-04-01,30.19222222222222,,,,WFP,Nairobi,-1.28,36.82,cereals and tubers
Maize,Nairobi,Wholesale,2009-05-01,34.19055555555556,,,,WFP,Nairobi,-1.28,36.82,cereals and tubers
Maize,Nairobi,Wholesale,2009-06-01,30.53555555555556,,,,WFP,Nairobi,-1.28,36.82,cereals and tubers
Maize,Nairobi,Wholesale,2009-07-01,28.93611111111111,,,,WFP,Nairobi,-1.28,36.82,cereals and tubers
Maize,Nairobi,Wholesale,2009-08-01,28.148333333333333,,,,WFP,Nairobi,-1.28,36.82,cereals and tubers
Maize,Nairobi,Wholesale,2009-09-01,28.91722222222222,,,,WFP,Nairobi,-1.28,36.82,cereals and tubers
Maize,Nairobi,Wholesale,2009-10-01,26.276666666666664,,,,WFP,Nairobi,-1.28,36.82,cereals and tubers
Maize,Nairobi,Wholesale,2009-11-01,27.159444444444446,,,,WFP,Nairobi,-1.28,36.82,cereals and tubers
Maize,Nairobi,Wholesale,2009-12-01,29.59555555555556,,,,WFP,Nairobi,-1.28,36.82,cereals and tubers
Maize,Nairobi,Wholesale,2010-01-01,27.28,,,,WFP,Nairobi,-1.28,36.82,cereals and tubers
Maize,Nairobi,Wholesale,2010-02-01,23.73222222222222,,,,WFP,Nairobi,-1.28,36.82,cereals and tubers
Maize,Nairobi,Wholesale,2010-03-01,22.85611111111111,,,,WFP,Nairobi,-1.28,36.82,cereals and tubers
Maize,Nairobi,Wholesale,2010-04-01,22.51777777777778,,,,WFP,Nairobi,-1.28,36.82,cereals and tubers
Maize,Nairobi,Wholesale,2010-05-01,20.544444444444444,,,,WFP,Nairobi,-1.28,36.82,cereals and tubers
Maize,Nairobi,Wholesale,2010-06-01,20.162222222222223,,,,WFP,Nairobi,-1.28,36.82,cereals and tubers
Maize,Nairobi,Wholesale,2010-07-01,17.405,,,,WFP,Nairobi,-1.28,36.82,cereals and tubers
Maize,Nairobi,Wholesale,2010-08-01,17.625,,,,WFP,Nairobi,-1.28,36.82,cereals and tubers
Maize,Nairobi,Wholesale,2010-09-01,17.98277777777778,,,,WFP,Nairobi,-1.28,36.82,cereals and tubers
Maize,Nairobi,Wholesale,2010-10-01,17.31888888888889,,,,WFP,Nairobi,-1.28,36.82,cereals and tubers
Maize,Nairobi,Wholesale,2010-11-01,17.38388888888889,,,,WFP,Nairobi,-1.28,36.82,cereals and tubers
Maize,Nairobi,Wholesale,2010-12-01,18.43055555555556,,,,WFP,Nairobi,-1.28,36.82,cereals and tubers
Maize,Nairobi,Wholesale,2011-01-01,16.8,,,,WFP,Nairobi,-1.28,36.82,cereals and tubers
Maize,Nairobi,Wholesale,2011-02-01,22.05444444444445,,,,WFP,Nairobi,-1.28,36.82,cereals and tubers
Maize,Nairobi,Wholesale,2011-03-01,23.97277777777778,,,,WFP,Nairobi,-1.28,36.82,cereals and tubers
Maize,Nairobi,Wholesale,2011-04-01,27.63888888888889,,,,WFP,Nairobi,-1.28,36.82,cereals and tubers
Maize,Nairobi,Wholesale,2011-05-01,34.22388888888889,,,,WFP,Nairobi,-1.28,36.82,cereals and tubers
Maize,Nairobi,Wholesale,2011-06-01,40.99611111111111,,,,WFP,Nairobi,-1.28,36.82,cereals and tubers
Maize,Nairobi,Wholesale,2011-07-01,46.26222222222222,,,,WFP,Nairobi,-1.28,36.82,cereals and tubers
Maize,Nairobi,Wholesale,2011-08-01,42.63166666666667,,,,WFP,Nairobi,-1.28,36.82,cereals and tubers
Maize,Nairobi,Wholesale,2011-09-01,34.28888888888889,,,,WFP,Nairobi,-1.28,36.82,cereals and tubers
Maize,Nairobi,Wholesale,2011-10-01,33.80388888888889,,,,WFP,Nairobi,-1.28,36.82,cereals and tubers
Maize,Nairobi,Wholesale,2011-11-01,35.53777777777778,,,,WFP,Nairobi,-1.28,36.82,cereals and tubers
Maize,Nairobi,Wholesale,2011-12-01,35.63777777777778,,,,WFP,Nairobi,-1.28,36.82,cereals and tubers
Maize,Nairobi,Wholesale,2012-01-01,34.49,,,,WFP,Nairobi,-1.28,36.82,cereals and tubers
Maize,Nairobi,Wholesale,2012-02-01,30.1,,,,WFP,Nairobi,-1.28,36.82,cereals and tubers
Maize,Nairobi,Wholesale,2012-03-01,29.694444444444443,,,,WFP,Nairobi,-1.28,36.82,cereals and tubers
Maize,Nairobi,Wholesale,2012-04-01,30.686666666666664,,,,WFP,Nairobi,-1.28,36.82,cereals and tubers
Maize,Nairobi,Wholesale,2012-05-01,40.20222222222222,,,,WFP,Nairobi,-1.28,36.82,cereals and tubers
Maize,Nairobi,Wholesale,2012-06-01,39.43277777777778,,,,WFP,Nairobi,-1.28,36.82,cereals and tubers
Maize,Nairobi,Wholesale,2012-07-01,37.87833333333333,,,,WFP,Nairobi,-1.28,36.82,cereals and tubers
Maize,Nairobi,Wholesale,2012-08-01,36.42666666666666,,,,WFP,Nairobi,-1.28,36.82,cereals and tubers
Maize,Nairobi,Wholesale,2012-09-01,35.74,,,,WFP,Nairobi,-1.28,36.82,cereals and tubers
Maize,Nairobi,Wholesale,2012-10-01,35.248333333333335,,,,WFP,Nairobi,-1.28,36.82,cereals and tubers
Maize,Nairobi,Wholesale,2012-11-01,35.12444444444444,,,,WFP,Nairobi,-1.28,36.82,cereals and tubers
Maize,Nairobi,Wholesale,2012-12-01,33.602777777777774,,,,WFP,Nairobi,-1.28,36.82,cereals and tubers
Maize,Nairobi,Wholesale,2013-01-01,31.80666666666667,,,,WFP,Nairobi,-1.28,36.82,cereals and tubers
Maize,Nairobi,Wholesale,2013-02-01,32.15166666666667,,,,WFP,Nairobi,-1.28,36.82,cereals and tubers
Maize,Nairobi,Wholesale,2013-03-01,33.275,,,,WFP,Nairobi,-1.28,36.82,cereals and tubers
Maize,Nairobi,Wholesale,2013-04-01,32.05555555555556,,,,WFP,Nairobi,-1.28,36.82,cereals and tubers
Maize,Nairobi,Wholesale,2013-05-01,32.28777777777778,,,,WFP,Nairobi,-1.28,36.82,cereals and tubers
Maize,Nairobi,Wholesale,2013-06-01,32.78277777777778,,,,WFP,Nairobi,-1.28,36.82,cereals and tubers
Maize,Nairobi,Wholesale,2013-07-01,32.50388888888889,,,,WFP,Nairobi,-1.28,36.82,cereals and tubers
Maize,Nairobi,Wholesale,2013-08-01,30.849444444444444,,,,WFP,Nairobi,-1.28,36.82,cereals and tubers
Maize,Nairobi,Wholesale,2013-09-01,32.10388888888889,,,,WFP,Nairobi,-1.28,36.82,cereals and tubers
Maize,Nairobi,Wholesale,2013-10-01,34.355555555555554,,,,WFP,Nairobi,-1.28,36.82,cereals and tubers
Maize,Nairobi,Wholesale,2013-11-01,34.80111111111111,,,,WFP,Nairobi,-1.28,36.82,cereals and tubers
Maize,Nairobi,Wholesale,2013-12-01,33.736111111111114,,,,WFP,Nairobi,-1.28,36.82,cereals and tubers
Maize,Nairobi,Wholesale,2014-01-01,34.266666666666666,,,,WFP,Nairobi,-1.28,36.82,cereals and tubers
Maize,Nairobi,Wholesale,2014-02-01,34.49722222222222,,,,WFP,Nairobi,-1.28,36.82,cereals and tubers
Maize,Nairobi,Wholesale,2014-03-01,34.10416666666667,,,,WFP,Nairobi,-1.28,36.82,cereals and tubers
Maize,Nairobi,Wholesale,2014-04-01,33.77,,,,WFP,Nairobi,-1.28,36.82,cereals and tubers
Maize,Nairobi,Wholesale,2014-05-01,35.15722222222222,,,,WFP,Nairobi,-1.28,36.82,cereals and tubers
Maize,Nairobi,Wholesale,2014-06-01,36.07777777777778,,,,WFP,Nairobi,-1.28,36.82,cereals and tubers
Maize,Nairobi,Wholesale,2014-07-01,32.99661111111111,,,,WFP,Nairobi,-1.28,36.82,cereals and tubers
Maize,Nairobi,Wholesale,2014-08-01,29.42833333333333,,,,WFP,Nairobi,-1.28,36.82,cereals and tubers
Maize,Nairobi,Wholesale,2014-09-01,29.622777777777777,,,,WFP,Nairobi,-1.28,36.82,cereals and tubers
Maize,Nairobi,Wholesale,2014-10-01,26.40566666666667,,,,WFP,Nairobi,-1.28,36.82,cereals and tubers
Maize,Nairobi,Wholesale,2014-11-01,26.960944444444443,,,,WFP,Nairobi,-1.28,36.82,cereals and tubers
Maize,Nairobi,Wholesale,2014-12-01,25.512444444444444,,,,WFP,Nairobi,-1.28,36.82,cereals and tubers
Maize,Nairobi,Wholesale,2015-01-01,26.87388888888889,,,,WFP,Nairobi,-1.28,36.82,cereals and tubers
Maize,Nairobi,Wholesale,2015-02-01,26.04555555555556,,,,WFP,Nairobi,-1.28,36.82,cereals and tubers
Maize,Nairobi,Wholesale,2015-03-01,26.13683333333333,,,,WFP,Nairobi,-1.28,36.82,cereals and tubers
Maize,Nairobi,Wholesale,2015-04-01,32.123888888888885,,,,WFP,Nairobi,-1.28,36.82,cereals and tubers
Maize,Nairobi,Wholesale,2015-05-01,34.36666666666667,,,,WFP,Nairobi,-1.28,36.82,cereals and tubers
Maize,Nairobi,Wholesale,2015-06-01,33.61333333333334,,,,WFP,Nairobi,-1.28,36.82,cereals and tubers
Maize,Nairobi,Wholesale,2015-07-01,34.4785,,,,WFP,Nairobi,-1.28,36.82,cereals and tubers
Maize,Nairobi,Wholesale,2015-08-01,35.488888888888894,,,,WFP,Nairobi,-1.28,36.82,cereals and tubers
Maize,Nairobi,Wholesale,2015-09-01,34.16444444444444,,,,WFP,Nairobi,-1.28,36.82,cereals and tubers
Maize,Nairobi,Wholesale,2015-10-01,32.19555555555556,,,,WFP,Nairobi,-1.28,36.82,cereals and tubers
Maize,Nairobi,Wholesale,2015-11-01,31.935,,,,WFP,Nairobi,-1.28,36.82,cereals and tubers
Maize,Nairobi,Wholesale,2015-12-01,30.729444444444447,,,,WFP,Nairobi,-1.28,36.82,cereals and tubers
Maize,Nairobi,Wholesale,2016-01-01,29.64277777777778,,,,WFP,Nairobi,-1.28,36.82,cereals and tubers
Maize,Nairobi,Wholesale,2016-02-01,30.295,,,,WFP,Nairobi,-1.28,36.82,cereals and tubers
Maize,Nairobi,Wholesale,2016-03-01,29.881666666666664,,,,WFP,Nairobi,-1.28,36.82,cereals and tubers
Maize,Nairobi,Wholesale,2016-04-01,31.05,,,,WFP,Nairobi,-1.28,36.82,cereals and tubers
Maize,Nairobi,Wholesale,2016-05-01,30.13277777777778,,,,WFP,Nairobi,-1.28,36.82,cereals and tubers
Maize,Nairobi,Wholesale,2016-06-01,29.89,,,,WFP,Nairobi,-1.28,36.82,cereals and tubers
Maize,Nairobi,Wholesale,2016-07-01,30.766111111111112,,,,WFP,Nairobi,-1.28,36.82,cereals and tubers
Maize,Nairobi,Wholesale,2016-08-01,31.03183333333333,,,,WFP,Nairobi,-1.28,36.82,cereals and tubers
Maize,Nairobi,Wholesale,2016-09-01,31.36611111111111,,,,WFP,Nairobi,-1.28,36.82,cereals and tubers
Maize,Nairobi,Wholesale,2016-10-01,32.17,,,,WFP,Nairobi,-1.28,36.82,cereals and tubers
Maize,Nairobi,Wholesale,2016-11-01,32.111111111111114,,,,WFP,Nairobi,-1.28,36.82,cereals and tubers
Maize,Nairobi,Wholesale,2016-12-01,31.14444444444445,,,,WFP,Nairobi,-1.28,36.82,cereals and tubers
Maize,Nairobi,Wholesale,2017-01-01,32.83,,,,WFP,Nairobi,-1.28,36.82,cereals and tubers
Maize,Nairobi,Wholesale,2017-02-01,41.46833333333333,,,,WFP,Nairobi,-1.28,36.82,cereals and tubers
Maize,Nairobi,Wholesale,2017-03-01,44.16166666666667,,,,WFP,Nairobi,-1.28,36.82,cereals and tubers
Maize,Nairobi,Wholesale,2017-04-01,47.5,,,,WFP,Nairobi,-1.28,36.82,cereals and tubers
Maize,Nairobi,Wholesale,2017-05-01,50.73333333333333,,,,WFP,Nairobi,-1.28,36.82,cereals and tubers
Maize,Nairobi,Wholesale,2017-06-01,54.75555555555556,,,,WFP,Nairobi,-1.28,36.82,cereals and tubers
Maize,Nairobi,Wholesale,2017-07-01,51.025,,,,WFP,Nairobi,-1.28,36.82,cereals and tubers
Maize,Nairobi,Wholesale,2017-08-01,43.10111111111111,,,,WFP,Nairobi,-1.28,36.82,cereals and tubers
Maize,Nairobi,Wholesale,2017-09-01,41.0,,,,WFP,Nairobi,-1.28,36.82,cereals and tubers
Maize,Nairobi,Wholesale,2017-10-01,38.44638888888889,,,,WFP,Nairobi,-1.28,36.82,cereals and tubers
Maize,Nairobi,Wholesale,2017-11-01,39.24222222222223,,,,WFP,Nairobi,-1.28,36.82,cereals and tubers
Maize,Nairobi,Wholesale,2017-12-01,37.12655555555556,,,,WFP,Nairobi,-1.28,36.82,cereals and tubers
Maize,Nairobi,Wholesale,2018-01-01,37.80166666666667,,,,WFP,Nairobi,-1.28,36.82,cereals and tubers
Maize,Nairobi,Wholesale,2018-02-01,35.15222222222222,,,,WFP,Nairobi,-1.28,36.82,cereals and tubers
Maize,Nairobi,Wholesale,2018-03-01,32.936388888888885,,,,WFP,Nairobi,-1.28,36.82,cereals and tubers
Maize,Nairobi,Wholesale,2018-04-01,31.11111111111111,,,,WFP,Nairobi,-1.28,36.82,cereals and tubers
Maize,Nairobi,Wholesale,2018-05-01,31.808888888888887,,,,WFP,Nairobi,-1.28,36.82,cereals and tubers
Maize,Nairobi,Wholesale,2018-06-01,31.051666666666662,,,,WFP,Nairobi,-1.28,36.82,cereals and tubers
Maize,Nairobi,Wholesale,2018-07-01,29.539444444444445,,,,WFP,Nairobi,-1.28,36.82,cereals and tubers
Maize,Nairobi,Wholesale,2018-08-01,28.072222222222223,,,,WFP,Nairobi,-1.28,36.82,cereals and tubers
Maize,Nairobi,Wholesale,2018-09-01,25.1,,,,WFP,Nairobi,-1.28,36.82,cereals and tubers
Maize,Nairobi,Wholesale,2018-10-01,22.19611111111111,,,,WFP,Nairobi,-1.28,36.82,cereals and tubers
Maize,Nairobi,Wholesale,2018-11-01,22.39555555555556,,,,WFP,Nairobi,-1.28,36.82,cereals and tubers
Maize,Nairobi,Wholesale,2018-12-01,23.962666666666667,,,,WFP,Nairobi,-1.28,36.82,cereals and tubers
Maize,Nairobi,Wholesale,2019-01-01,26.31055555555556,,,,WFP,Nairobi,-1.28,36.82,cereals and tubers
Maize,Nairobi,Wholesale,2019-02-01,25.911555555555555,,,,WFP,Nairobi,-1.28,36.82,cereals and tubers
Maize,Nairobi,Wholesale,2019-03-01,25.995555555555555,,,,WFP,Nairobi,-1.28,36.82,cereals and tubers
Maize,Nairobi,Wholesale,2019-04-01,32.66388888888889,,,,WFP,Nairobi,-1.28,36.82,cereals and tubers
Maize,Nairobi,Wholesale,2019-05-01,36.88666666666667,,,,WFP,Nairobi,-1.28,36.82,cereals and tubers
Maize,Nairobi,Wholesale,2019-06-01,33.479166666666664,,,,WFP,Nairobi,-1.28,36.82,cereals and tubers
Maize,Nairobi,Wholesale,2019-07-01,45.045,,,,WFP,Nairobi,-1.28,36.82,cereals and tubers
Maize,Nairobi,Wholesale,2019-08-01,39.58416666666667,,,,WFP,Nairobi,-1.28,36.82,cereals and tubers
Maize,Nairobi,Wholesale,2019-09-01,40.19722222222222,,,,WFP,Nairobi,-1.28,36.82,cereals and tubers
Maize,Nairobi,Wholesale,2019-10-01,41.42444444444445,,,,WFP,Nairobi,-1.28,36.82,cereals and tubers
Maize,Nairobi,Wholesale,2019-11-01,39.87166666666667,,,,WFP,Nairobi,-1.28,36.82,cereals and tubers
Maize,Nairobi,Wholesale,2019-12-01,39.05888888888889,,,,WFP,Nairobi,-1.28,36.82,cereals and tubers
Maize,Nairobi,Wholesale,2020-01-01,37.28611111111111,,,,WFP,Nairobi,-1.28,36.82,cereals and tubers
Maize,Nairobi,Wholesale,2020-02-01,37.01444444444444,,,,WFP,Nairobi,-1.28,36.82,cereals and tubers
Maize,Nairobi,Wholesale,2020-03-01,31.1525,,,,WFP,Nairobi,-1.28,36.82,cereals and tubers
Maize,Nairobi,Wholesale,2020-04-01,34.66,,,,WFP,Nairobi,-1.28,36.82,cereals and tubers
Maize,Nairobi,Wholesale,2020-07-01,31.96,,,,WFP,Nairobi,-1.28,36.82,cereals and tubers
Maize,Nairobi,Wholesale,2020-08-01,32.91,,,,WFP,Nairobi,-1.28,36.82,cereals and tubers
Maize,Nairobi,Wholesale,2020-09-01,33.17,,,,WFP,Nairobi,-1.28,36.82,cereals and tubers
Maize,Nairobi,Wholesale,2020-10-01,33.97,,,,WFP,Nairobi,-1.28,36.82,cereals and tubers
Maize,Nairobi,Wholesale,2020-11-01,33.77,,,,WFP,Nairobi,-1.28,36.82,cereals and tubers
Maize,Nairobi,Wholesale,2021-01-01,35.05,,,,WFP,Nairobi,-1.28,36.82,cereals and tubers
Maize,Nairobi,Wholesale,2021-02-01,35.92,,,,WFP,Nairobi,-1.28,36.82,cereals and tubers
Maize,Nairobi,Wholesale,2021-03-01,35.95,,,,WFP,Nairobi,-1.28,36.82,cereals and tubers
Maize,Nairobi,Wholesale,2021-04-01,33.59,,,,WFP,Nairobi,-1.28,36.82,cereals and tubers
Maize,Nairobi,Wholesale,2021-05-01,33.13,,,,WFP,Nairobi,-1.28,36.82,cereals and tubers
Maize,Nairobi,Wholesale,2021-06-01,32.83,,,,WFP,Nairobi,-1.28,36.82,cereals and tubers
Maize,Nairobi,Wholesale,2021-07-01,34.0,,,,WFP,Nairobi,-1.28,36.82,cereals and tubers
Maize,Nairobi,Wholesale,2021-08-01,34.0,,,,WFP,Nairobi,-1.28,36.82,cereals and tubers
Maize,Nairobi,Wholesale,2021-09-01,33.81,,,,WFP,Nairobi,-1.28,36.82,cereals and tubers
Maize,Nairobi,Wholesale,2021-10-01,32.23,,,,WFP,Nairobi,-1.28,36.82,cereals and tubers
Maize,Nairobi,Wholesale,2021-11-01,32.87,,,,WFP,Nairobi,-1.28,36.82,cereals and tubers
Maize,Nairobi,Wholesale,2022-01-01,50.486923,,,,KAMIS,Nairobi,-1.28,36.82,cereals and tubers
Maize,Nairobi,Wholesale,2022-02-01,36.964375000000004,,,,KAMIS+WFP,Nairobi,-1.28,36.82,cereals and tubers
Maize,Nairobi,Wholesale,2022-03-01,29.142500000000002,,,,KAMIS+WFP,Nairobi,-1.28,36.82,cereals and tubers
Maize,Nairobi,Wholesale,2022-04-01,68.723,,,,KAMIS,Nairobi,-1.28,36.82,cereals and tubers
Maize,Nairobi,Wholesale,2022-05-01,111.264286,,,,KAMIS,Nairobi,-1.28,36.82,cereals and tubers
Maize,Nairobi,Wholesale,2022-06-01,103.56,,,,KAMIS,Nairobi,-1.28,36.82,cereals and tubers
Maize,Nairobi,Wholesale,2022-07-01,92.022586,,,,KAMIS,Nairobi,-1.28,36.82,cereals and tubers
Maize,Nairobi,Wholesale,2022-08-01,112.892182,,,,KAMIS,Nairobi,-1.28,36.82,cereals and tubers
Maize,Nairobi,Wholesale,2022-09-01,108.565658,,,,KAMIS,Nairobi,-1.28,36.82,cereals and tubers
Maize,Nairobi,Wholesale,2022-10-01,110.522687,,,,KAMIS,Nairobi,-1.28,36.82,cereals and tubers
Maize,Nairobi,Wholesale,2022-11-01,107.630189,,,,KAMIS,Nairobi,-1.28,36.82,cereals and tubers
Maize,Nairobi,Wholesale,2022-12-01,88.697941,,,,KAMIS,Nairobi,-1.28,36.82,cereals and tubers
Maize,Nairobi,Wholesale,2023-01-01,70.272791,,,,KAMIS,Nairobi,-1.28,36.82,cereals and tubers
Maize,Nairobi,Wholesale,2023-02-01,69.577609,,,,KAMIS,Nairobi,-1.28,36.82,cereals and tubers
Maize,Nairobi,Wholesale,2023-03-01,137.903778,,,,KAMIS,Nairobi,-1.28,36.82,cereals and tubers
Maize,Nairobi,Wholesale,2023-04-01,63.629118,,,,KAMIS,Nairobi,-1.28,36.82,cereals and tubers
Maize,Nairobi,Wholesale,2023-05-01,70.721429,,,,KAMIS,Nairobi,-1.28,36.82,cereals and tubers
Maize,Nairobi,Wholesale,2023-06-01,79.615278,,,,KAMIS,Nairobi,-1.28,36.82,cereals and tubers
Maize,Nairobi,Wholesale,2023-08-01,76.262118,,,,KAMIS,Nairobi,-1.28,36.82,cereals and tubers
Maize,Nairobi,Wholesale,2023-09-01,74.408919,,,,KAMIS,Nairobi,-1.28,36.82,cereals and tubers
Maize,Nairobi,Wholesale,2023-10-01,70.490465,,,,KAMIS,Nairobi,-1.28,36.82,cereals and tubers
Maize,Nairobi,Wholesale,2023-11-01,63.308293,,,,KAMIS,Nairobi,-1.28,36.82,cereals and tubers
Maize,Nairobi,Wholesale,2024-01-01,65.655263,,,,KAMIS,Nairobi,-1.28,36.82,cereals and tubers
Maize,Nairobi,Wholesale,2024-02-01,60.035556,,,,KAMIS,Nairobi,-1.28,36.82,cereals and tubers
Maize,Nairobi,Wholesale,2024-03-01,59.485,,,,KAMIS,Nairobi,-1.28,36.82,cereals and tubers
Maize,Nairobi,Wholesale,2024-04-01,54.83,,,,KAMIS,Nairobi,-1.28,36.82,cereals and tubers
Maize,Nairobi,Wholesale,2024-05-01,47.486207,,,,KAMIS,Nairobi,-1.28,36.82,cereals and tubers
Maize,Nairobi,Wholesale,2024-06-01,41.2776,,,,KAMIS,Nairobi,-1.28,36.82,cereals and tubers
Maize,Nairobi,Wholesale,2024-07-01,41.47931,,,,KAMIS,Nairobi,-1.28,36.82,cereals and tubers
Maize,Nairobi,Wholesale,2024-08-01,42.695833,,,,KAMIS,Nairobi,-1.28,36.82,cereals and tubers
Maize,Nairobi,Wholesale,2024-09-01,41.1225,,,,KAMIS,Nairobi,-1.28,36.82,cereals and tubers
Maize,Nairobi,Wholesale,2024-11-01,37.41,,,,KAMIS,Nairobi,-1.28,36.82,cereals and tubers
Maize,Nairobi,Wholesale,2025-05-01,60.473235,,,,KAMIS,Nairobi,-1.28,36.82,cereals and tubers
Maize,Nairobi,Wholesale,2025-06-01,62.450816,,,,KAMIS,Nairobi,-1.28,36.82,cereals and tubers
Maize,Nairobi,Wholesale,2025-07-01,60.470122,,,,KAMIS,Nairobi,-1.28,36.82,cereals and tubers
Maize,Nairobi,Wholesale,2025-08-01,60.640926,,,,KAMIS,Nairobi,-1.28,36.82,cereals and tubers
Maize,Nairobi,Wholesale,2025-09-01,62.306604,,,,KAMIS,Nairobi,-1.28,36.82,cereals and tubers
Maize,Nairobi,Wholesale,2025-10-01,57.097963,,,,KAMIS,Nairobi,-1.28,36.82,cereals and tubers
Maize,Nairobi,Wholesale,2025-11-01,57.1475,,,,KAMIS,Nairobi,-1.28,36.82,cereals and tubers
Maize,Nairobi,Wholesale,2025-12-01,58.02087,,,,KAMIS,Nairobi,-1.28,36.82,cereals and tubers
Maize,Nairobi,Wholesale,2026-02-01,61.928302,,,,KAMIS,Nairobi,-1.28,36.82,cereals and tubers
Maize,Nairobi,Wholesale,2026-03-01,59.58913,,,,KAMIS,Nairobi,-1.28,36.82,cereals and tubers
Maize,Nairobi,Wholesale,2026-04-01,55.0,,,,KAMIS,Nairobi,-1.28,36.82,cereals and tubers
Maize,Nairobi,Wholesale,2026-05-01,55.0,,,,KAMIS,Nairobi,-1.28,36.82,cereals and tubers
Maize,Nairobi,Wholesale,2026-06-01,55.0,,,,KAMIS,Nairobi,-1.28,36.82,cereals and tubers
Maize,Nairobi,Wholesale,2026-07-01,54.278,,,,KAMIS,Nairobi,-1.28,36.82,cereals and tubers
Maize,Nairobi,Wholesale,2026-09-01,49.445,,,,KAMIS,Nairobi,-1.28,36.82,cereals and tubers
Maize,Nakuru,Wholesale,2008-02-01,12.7,,,,WFP,Rift Valley,-0.28,36.07,cereals and tubers
Maize,Nakuru,Wholesale,2008-03-01,13.48,,,,WFP,Rift Valley,-0.28,36.07,cereals and tubers
Maize,Nakuru,Wholesale,2008-04-01,16.02,,,,WFP,Rift Valley,-0.28,36.07,cereals and tubers
Maize,Nakuru,Wholesale,2008-05-01,19.73,,,,WFP,Rift Valley,-0.28,36.07,cereals and tubers
Maize,Nakuru,Wholesale,2008-06-01,21.15,,,,WFP,Rift Valley,-0.28,36.07,cereals and tubers
Maize,Nakuru,Wholesale,2008-07-01,21.82,,,,WFP,Rift Valley,-0.28,36.07,cereals and tubers
Maize,Nakuru,Wholesale,2008-08-01,22.56,,,,WFP,Rift Valley,-0.28,36.07,cereals and tubers
Maize,Nakuru,Wholesale,2008-09-01,22.31,,,,WFP,Rift Valley,-0.28,36.07,cereals and tubers
Maize,Nakuru,Wholesale,2008-10-01,24.06,,,,WFP,Rift Valley,-0.28,36.07,cereals and tubers
Maize,Nakuru,Wholesale,2008-11-01,24.09,,,,WFP,Rift Valley,-0.28,36.07,cereals and tubers
Maize,Nakuru,Wholesale,2008-12-01,23.14,,,,WFP,Rift Valley,-0.28,36.07,cereals and tubers
Maize,Nakuru,Wholesale,2009-01-01,21.94,,,,WFP,Rift Valley,-0.28,36.07,cereals and tubers
Maize,Nakuru,Wholesale,2009-02-01,24.6,,,,WFP,Rift Valley,-0.28,36.07,cereals and tubers
Maize,Nakuru,Wholesale,2009-03-01,27.36,,,,WFP,Rift Valley,-0.28,36.07,cereals and tubers
Maize,Nakuru,Wholesale,2009-04-01,29.04,,,,WFP,Rift Valley,-0.28,36.07,cereals and tubers
Maize,Nakuru,Wholesale,2009-05-01,30.47,,,,WFP,Rift Valley,-0.28,36.07,cereals and tubers
Maize,Nakuru,Wholesale,2009-06-01,29.36,,,,WFP,Rift Valley,-0.28,36.07,cereals and tubers
Maize,Nakuru,Wholesale,2009-07-01,27.87,,,,WFP,Rift Valley,-0.28,36.07,cereals and tubers
Maize,Nakuru,Wholesale,2009-08-01,31.3,,,,WFP,Rift Valley,-0.28,36.07,cereals and tubers
Maize,Nakuru,Wholesale,2009-09-01,25.29,,,,WFP,Rift Valley,-0.28,36.07,cereals and tubers
Maize,Nakuru,Wholesale,2009-10-01,24.67,,,,WFP,Rift Valley,-0.28,36.07,cereals and tubers
Maize,Nakuru,Wholesale,2009-11-01,24.58,,,,WFP,Rift Valley,-0.28,36.07,cereals and tubers
Maize,Nakuru,Wholesale,2009-12-01,24.51,,,,WFP,Rift Valley,-0.28,36.07,cereals and tubers
Maize,Nakuru,Wholesale,2010-01-01,24.74,,,,WFP,Rift Valley,-0.28,36.07,cereals and tubers
Maize,Nakuru,Wholesale,2010-02-01,23.95,,,,WFP,Rift Valley,-0.28,36.07,cereals and tubers
Maize,Nakuru,Wholesale,2010-03-01,20.3,,,,WFP,Rift Valley,-0.28,36.07,cereals and tubers
Maize,Nakuru,Wholesale,2010-04-01,18.77,,,,WFP,Rift Valley,-0.28,36.07,cereals and tubers
Maize,Nakuru,Wholesale,2010-05-01,19.0,,,,WFP,Rift Valley,-0.28,36.07,cereals and tubers
Maize,Nakuru,Wholesale,2010-06-01,16.61,,,,WFP,Rift Valley,-0.28,36.07,cereals and tubers
Maize,Nakuru,Wholesale,2010-07-01,15.49,,,,WFP,Rift Valley,-0.28,36.07,cereals and tubers
Maize,Nakuru,Wholesale,2010-08-01,13.26,,,,WFP,Rift Valley,-0.28,36.07,cereals and tubers
Maize,Nakuru,Wholesale,2010-09-01,13.08,,,,WFP,Rift Valley,-0.28,36.07,cereals and tubers
Maize,Nakuru,Wholesale,2010-10-01,12.47,,,,WFP,Rift Valley,-0.28,36.07,cereals and tubers
Maize,Nakuru,Wholesale,2010-11-01,13.36,,,,WFP,Rift Valley,-0.28,36.07,cereals and tubers
Maize,Nakuru,Wholesale,2010-12-01,13.81,,,,WFP,Rift Valley,-0.28,36.07,cereals and tubers
Maize,Nakuru,Wholesale,2011-01-01,14.04,,,,WFP,Rift Valley,-0.28,36.07,cereals and tubers
Maize,Nakuru,Wholesale,2011-02-01,17.96,,,,WFP,Rift Valley,-0.28,36.07,cereals and tubers
Maize,Nakuru,Wholesale,2011-03-01,20.61,,,,WFP,Rift Valley,-0.28,36.07,cereals and tubers
Maize,Nakuru,Wholesale,2011-04-01,24.29,,,,WFP,Rift Valley,-0.28,36.07,cereals and tubers
Maize,Nakuru,Wholesale,2011-05-01,30.36,,,,WFP,Rift Valley,-0.28,36.07,cereals and tubers
Maize,Nakuru,Wholesale,2011-06-01,38.04,,,,WFP,Rift Valley,-0.28,36.07,cereals and tubers
Maize,Nakuru,Wholesale,2011-07-01,40.87,,,,WFP,Rift Valley,-0.28,36.07,cereals and tubers
Maize,Nakuru,Wholesale,2011-08-01,36.84,,,,WFP,Rift Valley,-0.28,36.07,cereals and tubers
Maize,Nakuru,Wholesale,2011-09-01,33.33,,,,WFP,Rift Valley,-0.28,36.07,cereals and tubers
Maize,Nakuru,Wholesale,2011-10-01,30.83,,,,WFP,Rift Valley,-0.28,36.07,cereals and tubers
Maize,Nakuru,Wholesale,2011-11-01,31.36,,,,WFP,Rift Valley,-0.28,36.07,cereals and tubers
Maize,Nakuru,Wholesale,2011-12-01,32.99,,,,WFP,Rift Valley,-0.28,36.07,cereals and tubers
Maize,Nakuru,Wholesale,2012-01-01,31.99,,,,WFP,Rift Valley,-0.28,36.07,cereals and tubers
Maize,Nakuru,Wholesale,2012-02-01,27.82,,,,WFP,Rift Valley,-0.28,36.07,cereals and tubers
Maize,Nakuru,Wholesale,2012-03-01,29.68,,,,WFP,Rift Valley,-0.28,36.07,cereals and tubers
Maize,Nakuru,Wholesale,2012-04-01,31.95,,,,WFP,Rift Valley,-0.28,36.07,cereals and tubers
Maize,Nakuru,Wholesale,2012-05-01,36.04,,,,WFP,Rift Valley,-0.28,36.07,cereals and tubers
Maize,Nakuru,Wholesale,2012-06-01,36.52,,,,WFP,Rift Valley,-0.28,36.07,cereals and tubers
Maize,Nakuru,Wholesale,2012-07-01,37.64,,,,WFP,Rift Valley,-0.28,36.07,cereals and tubers
Maize,Nakuru,Wholesale,2012-08-01,35.45,,,,WFP,Rift Valley,-0.28,36.07,cereals and tubers
Maize,Nakuru,Wholesale,2012-09-01,32.86,,,,WFP,Rift Valley,-0.28,36.07,cereals and tubers
Maize,Nakuru,Wholesale,2012-10-01,31.42,,,,WFP,Rift Valley,-0.28,36.07,cereals and tubers
Maize,Nakuru,Wholesale,2012-11-01,28.54,,,,WFP,Rift Valley,-0.28,36.07,cereals and tubers
Maize,Nakuru,Wholesale,2012-12-01,27.08,,,,WFP,Rift Valley,-0.28,36.07,cereals and tubers
Maize,Nakuru,Wholesale,2013-01-01,29.57,,,,WFP,Rift Valley,-0.28,36.07,cereals and tubers
Maize,Nakuru,Wholesale,2013-02-01,28.64,,,,WFP,Rift Valley,-0.28,36.07,cereals and tubers
Maize,Nakuru,Wholesale,2013-03-01,28.57,,,,WFP,Rift Valley,-0.28,36.07,cereals and tubers
Maize,Nakuru,Wholesale,2013-04-01,29.4,,,,WFP,Rift Valley,-0.28,36.07,cereals and tubers
Maize,Nakuru,Wholesale,2013-05-01,29.6,,,,WFP,Rift Valley,-0.28,36.07,cereals and tubers
Maize,Nakuru,Wholesale,2013-07-01,28.57,,,,WFP,Rift Valley,-0.28,36.07,cereals and tubers
Maize,Nakuru,Wholesale,2013-08-01,28.34,,,,WFP,Rift Valley,-0.28,36.07,cereals and tubers
Maize,Nakuru,Wholesale,2013-09-01,32.13,,,,WFP,Rift Valley,-0.28,36.07,cereals and tubers
Maize,Nakuru,Wholesale,2013-10-01,32.02,,,,WFP,Rift Valley,-0.28,36.07,cereals and tubers
Maize,Nakuru,Wholesale,2013-11-01,28.38,,,,WFP,Rift Valley,-0.28,36.07,cereals and tubers
Maize,Nakuru,Wholesale,2013-12-01,28.85,,,,WFP,Rift Valley,-0.28,36.07,cereals and tubers
Maize,Nakuru,Wholesale,2014-01-01,29.16,,,,WFP,Rift Valley,-0.28,36.07,cereals and tubers
Maize,Nakuru,Wholesale,2014-02-01,28.86,,,,WFP,Rift Valley,-0.28,36.07,cereals and tubers
Maize,Nakuru,Wholesale,2014-03-01,29.58,,,,WFP,Rift Valley,-0.28,36.07,cereals and tubers
Maize,Nakuru,Wholesale,2014-04-01,31.71,,,,WFP,Rift Valley,-0.28,36.07,cereals and tubers
Maize,Nakuru,Wholesale,2014-05-01,34.73,,,,WFP,Rift Valley,-0.28,36.07,cereals and tubers
Maize,Nakuru,Wholesale,2014-06-01,34.72,,,,WFP,Rift Valley,-0.28,36.07,cereals and tubers
Maize,Nakuru,Wholesale,2014-07-01,32.07,,,,WFP,Rift Valley,-0.28,36.07,cereals and tubers
Maize,Nakuru,Wholesale,2014-09-01,26.08,,,,WFP,Rift Valley,-0.28,36.07,cereals and tubers
Maize,Nakuru,Wholesale,2014-10-01,24.94,,,,WFP,Rift Valley,-0.28,36.07,cereals and tubers
Maize,Nakuru,Wholesale,2014-12-01,24.12,,,,WFP,Rift Valley,-0.28,36.07,cereals and tubers
Maize,Nakuru,Wholesale,2015-01-01,23.165,,,,WFP,Rift Valley,-0.28,36.07,cereals and tubers
Maize,Nakuru,Wholesale,2015-02-01,22.206666666666663,,,,WFP,Rift Valley,-0.28,36.07,cereals and tubers
Maize,Nakuru,Wholesale,2015-03-01,22.436666666666664,,,,WFP,Rift Valley,-0.28,36.07,cereals and tubers
Maize,Nakuru,Wholesale,2015-04-01,28.03388888888889,,,,WFP,Rift Valley,-0.28,36.07,cereals and tubers
Maize,Nakuru,Wholesale,2015-05-01,29.73388888888889,,,,WFP,Rift Valley,-0.28,36.07,cereals and tubers
Maize,Nakuru,Wholesale,2015-06-01,29.002222222222223,,,,WFP,Rift Valley,-0.28,36.07,cereals and tubers
Maize,Nakuru,Wholesale,2015-07-01,29.808888888888887,,,,WFP,Rift Valley,-0.28,36.07,cereals and tubers
Maize,Nakuru,Wholesale,2015-08-01,28.334444444444443,,,,WFP,Rift Valley,-0.28,36.07,cereals and tubers
Maize,Nakuru,Wholesale,2015-09-01,25.755000000000003,,,,WFP,Rift Valley,-0.28,36.07,cereals and tubers
Maize,Nakuru,Wholesale,2015-10-01,25.64888888888889,,,,WFP,Rift Valley,-0.28,36.07,cereals and tubers
Maize,Nakuru,Wholesale,2015-11-01,25.04777777777778,,,,WFP,Rift Valley,-0.28,36.07,cereals and tubers
Maize,Nakuru,Wholesale,2015-12-01,24.95777777777778,,,,WFP,Rift Valley,-0.28,36.07,cereals and tubers
Maize,Nakuru,Wholesale,2016-01-01,25.37277777777778,,,,WFP,Rift Valley,-0.28,36.07,cereals and tubers
Maize,Nakuru,Wholesale,2016-02-01,26.66277777777778,,,,WFP,Rift Valley,-0.28,36.07,cereals and tubers
Maize,Nakuru,Wholesale,2016-03-01,25.492777777777786,,,,WFP,Rift Valley,-0.28,36.07,cereals and tubers
Maize,Nakuru,Wholesale,2016-04-01,25.67,,,,WFP,Rift Valley,-0.28,36.07,cereals and tubers
Maize,Nakuru,Wholesale,2016-05-01,27.29277777777778,,,,WFP,Rift Valley,-0.28,36.07,cereals and tubers
Maize,Nakuru,Wholesale,2016-06-01,26.87333333333333,,,,WFP,Rift Valley,-0.28,36.07,cereals and tubers
Maize,Nakuru,Wholesale,2016-07-01,28.940555555555555,,,,WFP,Rift Valley,-0.28,36.07,cereals and tubers
Maize,Nakuru,Wholesale,2016-08-01,30.32333333333333,,,,WFP,Rift Valley,-0.28,36.07,cereals and tubers
Maize,Nakuru,Wholesale,2016-09-01,29.705,,,,WFP,Rift Valley,-0.28,36.07,cereals and tubers
Maize,Nakuru,Wholesale,2016-10-01,27.345,,,,WFP,Rift Valley,-0.28,36.07,cereals and tubers
Maize,Nakuru,Wholesale,2016-11-01,27.003888888888888,,,,WFP,Rift Valley,-0.28,36.07,cereals and tubers
Maize,Nakuru,Wholesale,2016-12-01,28.793888888888887,,,,WFP,Rift Valley,-0.28,36.07,cereals and tubers
Maize,Nakuru,Wholesale,2017-01-01,32.52055555555555,,,,WFP,Rift Valley,-0.28,36.07,cereals and tubers
Maize,Nakuru,Wholesale,2017-02-01,35.18277777777778,,,,WFP,Rift Valley,-0.28,36.07,cereals and tubers
Maize,Nakuru,Wholesale,2017-03-01,42.60833333333333,,,,WFP,Rift Valley,-0.28,36.07,cereals and tubers
Maize,Nakuru,Wholesale,2017-04-01,45.79,,,,WFP,Rift Valley,-0.28,36.07,cereals and tubers
Maize,Nakuru,Wholesale,2017-05-01,45.86222222222222,,,,WFP,Rift Valley,-0.28,36.07,cereals and tubers
Maize,Nakuru,Wholesale,2017-06-01,44.62222222222222,,,,WFP,Rift Valley,-0.28,36.07,cereals and tubers
Maize,Nakuru,Wholesale,2017-07-01,36.47444444444445,,,,WFP,Rift Valley,-0.28,36.07,cereals and tubers
Maize,Nakuru,Wholesale,2017-08-01,33.295,,,,WFP,Rift Valley,-0.28,36.07,cereals and tubers
Maize,Nakuru,Wholesale,2017-09-01,31.62555555555556,,,,WFP,Rift Valley,-0.28,36.07,cereals and tubers
Maize,Nakuru,Wholesale,2017-10-01,29.079444444444444,,,,WFP,Rift Valley,-0.28,36.07,cereals and tubers
Maize,Nakuru,Wholesale,2017-11-01,27.595,,,,WFP,Rift Valley,-0.28,36.07,cereals and tubers
Maize,Nakuru,Wholesale,2017-12-01,25.76388888888889,,,,WFP,Rift Valley,-0.28,36.07,cereals and tubers
Maize,Nakuru,Wholesale,2018-01-01,26.751666666666665,,,,WFP,Rift Valley,-0.28,36.07,cereals and tubers
Maize,Nakuru,Wholesale,2018-02-01,27.36888888888889,,,,WFP,Rift Valley,-0.28,36.07,cereals and tubers
Maize,Nakuru,Wholesale,2018-03-01,27.27388888888889,,,,WFP,Rift Valley,-0.28,36.07,cereals and tubers
Maize,Nakuru,Wholesale,2018-04-01,26.03388888888889,,,,WFP,Rift Valley,-0.28,36.07,cereals and tubers
Maize,Nakuru,Wholesale,2018-05-01,25.11888888888889,,,,WFP,Rift Valley,-0.28,36.07,cereals and tubers
Maize,Nakuru,Wholesale,2018-06-01,23.977222222222224,,,,WFP,Rift Valley,-0.28,36.07,cereals and tubers
Maize,Nakuru,Wholesale,2018-07-01,22.666666666666664,,,,WFP,Rift Valley,-0.28,36.07,cereals and tubers
Maize,Nakuru,Wholesale,2018-08-01,19.38388888888889,,,,WFP,Rift Valley,-0.28,36.07,cereals and tubers
Maize,Nakuru,Wholesale,2018-09-01,18.04555555555556,,,,WFP,Rift Valley,-0.28,36.07,cereals and tubers
Maize,Nakuru,Wholesale,2018-10-01,13.772222222222222,,,,WFP,Rift Valley,-0.28,36.07,cereals and tubers
Maize,Nakuru,Wholesale,2018-11-01,17.043333333333337,,,,WFP,Rift Valley,-0.28,36.07,cereals and tubers
Maize,Nakuru,Wholesale,2018-12-01,17.15833333333333,,,,WFP,Rift Valley,-0.28,36.07,cereals and tubers
Maize,Nakuru,Wholesale,2019-01-01,17.193333333333335,,,,WFP,Rift Valley,-0.28,36.07,cereals and tubers
Maize,Nakuru,Wholesale,2019-02-01,17.48611111111111,,,,WFP,Rift Valley,-0.28,36.07,cereals and tubers
Maize,Nakuru,Wholesale,2019-03-01,20.186666666666667,,,,WFP,Rift Valley,-0.28,36.07,cereals and tubers
Maize,Nakuru,Wholesale,2019-04-01,28.855555555555554,,,,WFP,Rift Valley,-0.28,36.07,cereals and tubers
Maize,Nakuru,Wholesale,2019-05-01,33.90833333333333,,,,WFP,Rift Valley,-0.28,36.07,cereals and tubers
Maize,Nakuru,Wholesale,2019-06-01,32.8,,,,WFP,Rift Valley,-0.28,36.07,cereals and tubers
Maize,Nakuru,Wholesale,2019-07-01,37.17,,,,WFP,Rift Valley,-0.28,36.07,cereals and tubers
Maize,Nakuru,Wholesale,2019-08-01,40.870000000000005,,,,WFP,Rift Valley,-0.28,36.07,cereals and tubers
Maize,Nakuru,Wholesale,2019-09-01,33.28277777777778,,,,WFP,Rift Valley,-0.28,36.07,cereals and tubers
Maize,Nakuru,Wholesale,2019-10-01,30.80555555555556,,,,WFP,Rift Valley,-0.28,36.07,cereals and tubers
Maize,Nakuru,Wholesale,2019-11-01,31.09055555555556,,,,WFP,Rift Valley,-0.28,36.07,cereals and tubers
Maize,Nakuru,Wholesale,2019-12-01,30.425555555555555,,,,WFP,Rift Valley,-0.28,36.07,cereals and tubers
Maize,Nakuru,Wholesale,2020-01-01,31.065555555555555,,,,WFP,Rift Valley,-0.28,36.07,cereals and tubers
Maize,Nakuru,Wholesale,2020-02-01,31.065555555555555,,,,WFP,Rift Valley,-0.28,36.07,cereals and tubers
Maize,Nakuru,Wholesale,2020-03-01,31.14883333333333,,,,WFP,Rift Valley,-0.28,36.07,cereals and tubers
Maize,Nakuru,Wholesale,2020-04-01,37.55,,,,WFP,Rift Valley,-0.28,36.07,cereals and tubers
Maize,Nakuru,Wholesale,2020-05-01,37.33,,,,WFP,Rift Valley,-0.28,36.07,cereals and tubers
Maize,Nakuru,Wholesale,2020-06-01,37.04,,,,WFP,Rift Valley,-0.28,36.07,cereals and tubers
Maize,Nakuru,Wholesale,2020-07-01,32.81,,,,WFP,Rift Valley,-0.28,36.07,cereals and tubers
Maize,Nakuru,Wholesale,2020-08-01,32.24,,,,WFP,Rift Valley,-0.28,36.07,cereals and tubers
Maize,Nakuru,Wholesale,2020-09-01,28.62,,,,WFP,Rift Valley,-0.28,36.07,cereals and tubers
Maize,Nakuru,Wholesale,2020-10-01,28.52,,,,WFP,Rift Valley,-0.28,36.07,cereals and tubers
Maize,Nakuru,Wholesale,2020-11-01,25.42,,,,WFP,Rift Valley,-0.28,36.07,cereals and tubers
Maize,Nakuru,Wholesale,2020-12-01,26.88,,,,WFP,Rift Valley,-0.28,36.07,cereals and tubers
Maize,Nakuru,Wholesale,2021-01-01,27.01,,,,WFP,Rift Valley,-0.28,36.07,cereals and tubers
Maize,Nakuru,Wholesale,2021-02-01,27.33,,,,WFP,Rift Valley,-0.28,36.07,cereals and tubers
Maize,Nakuru,Wholesale,2021-03-01,27.62,,,,WFP,Rift Valley,-0.28,36.07,cereals and tubers
Maize,Nakuru,Wholesale,2021-04-01,28.93,,,,WFP,Rift Valley,-0.28,36.07,cereals and tubers
Maize,Nakuru,Wholesale,2021-05-01,30.09,,,,WFP,Rift Valley,-0.28,36.07,cereals and tubers
Maize,Nakuru,Wholesale,2021-06-01,27.76,,,,WFP,Rift Valley,-0.28,36.07,cereals and tubers
Maize,Nakuru,Wholesale,2021-07-01,30.0,,,,WFP,Rift Valley,-0.28,36.07,cereals and tubers
Maize,Nakuru,Wholesale,2021-08-01,30.0,,,,WFP,Rift Valley,-0.28,36.07,cereals and tubers
Maize,Nakuru,Wholesale,2021-09-01,29.88,,,,WFP,Rift Valley,-0.28,36.07,cereals and tubers
Maize,Nakuru,Wholesale,2022-01-01,66.535179,,,,KAMIS,Rift Valley,-0.28,36.07,cereals and tubers
Maize,Nakuru,Wholesale,2022-02-01,56.536509499999994,,,,KAMIS+WFP,Rift Valley,-0.28,36.07,cereals and tubers
Maize,Nakuru,Wholesale,2022-03-01,54.035238,,,,KAMIS+WFP,Rift Valley,-0.28,36.07,cereals and tubers
Maize,Nakuru,Wholesale,2022-04-01,58.3047435,,,,KAMIS+WFP,Rift Valley,-0.28,36.07,cereals and tubers
Maize,Nakuru,Wholesale,2022-05-01,83.024,,,,KAMIS,Rift Valley,-0.28,36.07,cereals and tubers
Maize,Nakuru,Wholesale,2022-06-01,112.444,,,,KAMIS,Rift Valley,-0.28,36.07,cereals and tubers
Maize,Nakuru,Wholesale,2022-07-01,84.075333,,,,KAMIS,Rift Valley,-0.28,36.07,cereals and tubers
Maize,Nakuru,Wholesale,2022-08-01,83.655417,,,,KAMIS,Rift Valley,-0.28,36.07,cereals and tubers
Maize,Nakuru,Wholesale,2022-09-01,78.331429,,,,KAMIS,Rift Valley,-0.28,36.07,cereals and tubers
Maize,Nakuru,Wholesale,2022-10-01,70.7108,,,,KAMIS,Rift Valley,-0.28,36.07,cereals and tubers
Maize,Nakuru,Wholesale,2022-11-01,68.468621,,,,KAMIS,Rift Valley,-0.28,36.07,cereals and tubers
Maize,Nakuru,Wholesale,2022-12-01,65.104375,,,,KAMIS,Rift Valley,-0.28,36.07,cereals and tubers
Maize,Nakuru,Wholesale,2023-01-01,61.587857,,,,KAMIS,Rift Valley,-0.28,36.07,cereals and tubers
Maize,Nakuru,Wholesale,2023-02-01,64.721875,,,,KAMIS,Rift Valley,-0.28,36.07,cereals and tubers
Maize,Nakuru,Wholesale,2023-03-01,70.74973,,,,KAMIS,Rift Valley,-0.28,36.07,cereals and tubers
Maize,Nakuru,Wholesale,2023-04-01,70.034375,,,,KAMIS,Rift Valley,-0.28,36.07,cereals and tubers
Maize,Nakuru,Wholesale,2023-06-01,74.932195,,,,KAMIS,Rift Valley,-0.28,36.07,cereals and tubers
Maize,Nakuru,Wholesale,2023-07-01,71.92,,,,KAMIS,Rift Valley,-0.28,36.07,cereals and tubers
Maize,Nakuru,Wholesale,2023-08-01,62.579245,,,,KAMIS,Rift Valley,-0.28,36.07,cereals and tubers
Maize,Nakuru,Wholesale,2023-09-01,136.845714,,,,KAMIS,Rift Valley,-0.28,36.07,cereals and tubers
Maize,Nakuru,Wholesale,2023-10-01,57.786897,,,,KAMIS,Rift Valley,-0.28,36.07,cereals and tubers
Maize,Nakuru,Wholesale,2023-11-01,58.874186,,,,KAMIS,Rift Valley,-0.28,36.07,cereals and tubers
Maize,Nakuru,Wholesale,2023-12-01,54.999412,,,,KAMIS,Rift Valley,-0.28,36.07,cereals and tubers
Maize,Nakuru,Wholesale,2024-01-01,55.023111,,,,KAMIS,Rift Valley,-0.28,36.07,cereals and tubers
Maize,Nakuru,Wholesale,2024-02-01,51.58619,,,,KAMIS,Rift Valley,-0.28,36.07,cereals and tubers
Maize,Nakuru,Wholesale,2024-03-01,50.236667,,,,KAMIS,Rift Valley,-0.28,36.07,cereals and tubers
Maize,Nakuru,Wholesale,2024-04-01,43.802941,,,,KAMIS,Rift Valley,-0.28,36.07,cereals and tubers
Maize,Nakuru,Wholesale,2024-05-01,43.778667,,,,KAMIS,Rift Valley,-0.28,36.07,cereals and tubers
Potatoes (Irish),Eldoret,Wholesale,2006-02-01,20.7666,,,,WFP,Rift Valley,0.52,35.28,cereals and tubers
Potatoes (Irish),Eldoret,Wholesale,2006-03-01,17.5194,,,,WFP,Rift Valley,0.52,35.28,cereals and tubers
Potatoes (Irish),Eldoret,Wholesale,2006-04-01,15.922,,,,WFP,Rift Valley,0.52,35.28,cereals and tubers
Potatoes (Irish),Eldoret,Wholesale,2006-05-01,13.800999999999998,,,,WFP,Rift Valley,0.52,35.28,cereals and tubers
Potatoes (Irish),Eldoret,Wholesale,2006-06-01,9.0122,,,,WFP,Rift Valley,0.52,35.28,cereals and tubers
Potatoes (Irish),Eldoret,Wholesale,2006-07-01,6.666399999999999,,,,WFP,Rift Valley,0.52,35.28,cereals and tubers
Potatoes (Irish),Eldoret,Wholesale,2006-10-01,12.4222,,,,WFP,Rift Valley,0.52,35.28,cereals and tubers
Potatoes (Irish),Eldoret,Wholesale,2007-01-01,13.5,,,,WFP,Rift Valley,0.52,35.28,cereals and tubers
Potatoes (Irish),Eldoret,Wholesale,2007-02-01,9.7076,,,,WFP,Rift Valley,0.52,35.28,cereals and tubers
Potatoes (Irish),Eldoret,Wholesale,2007-03-01,12.9164,,,,WFP,Rift Valley,0.52,35.28,cereals and tubers
Potatoes (Irish),Eldoret,Wholesale,2007-04-01,15.185,,,,WFP,Rift Valley,0.52,35.28,cereals and tubers
Potatoes (Irish),Eldoret,Wholesale,2007-05-01,16.613599999999998,,,,WFP,Rift Valley,0.52,35.28,cereals and tubers
Potatoes (Irish),Eldoret,Wholesale,2007-06-01,13.3332,,,,WFP,Rift Valley,0.52,35.28,cereals and tubers
Potatoes (Irish),Eldoret,Wholesale,2007-07-01,12.423,,,,WFP,Rift Valley,0.52,35.28,cereals and tubers
Potatoes (Irish),Eldoret,Wholesale,2007-08-01,13.2024,,,,WFP,Rift Valley,0.52,35.28,cereals and tubers
Potatoes (Irish),Eldoret,Wholesale,2007-09-01,13.2476,,,,WFP,Rift Valley,0.52,35.28,cereals and tubers
Potatoes (Irish),Eldoret,Wholesale,2007-10-01,17.0138,,,,WFP,Rift Valley,0.52,35.28,cereals and tubers
Potatoes (Irish),Eldoret,Wholesale,2008-01-01,22.222,,,,WFP,Rift Valley,0.52,35.28,cereals and tubers
Potatoes (Irish),Eldoret,Wholesale,2008-02-01,14.2222,,,,WFP,Rift Valley,0.52,35.28,cereals and tubers
Potatoes (Irish),Eldoret,Wholesale,2008-03-01,14.4442,,,,WFP,Rift Valley,0.52,35.28,cereals and tubers
Potatoes (Irish),Eldoret,Wholesale,2008-04-01,23.041,,,,WFP,Rift Valley,0.52,35.28,cereals and tubers
Potatoes (Irish),Eldoret,Wholesale,2008-05-01,22.0466,,,,WFP,Rift Valley,0.52,35.28,cereals and tubers
Potatoes (Irish),Eldoret,Wholesale,2008-06-01,12.8148,,,,WFP,Rift Valley,0.52,35.28,cereals and tubers
Potatoes (Irish),Eldoret,Wholesale,2008-07-01,8.4026,,,,WFP,Rift Valley,0.52,35.28,cereals and tubers
Potatoes (Irish),Eldoret,Wholesale,2008-08-01,7.8394,,,,WFP,Rift Valley,0.52,35.28,cereals and tubers
Potatoes (Irish),Eldoret,Wholesale,2008-09-01,9.1388,,,,WFP,Rift Valley,0.52,35.28,cereals and tubers
Potatoes (Irish),Eldoret,Wholesale,2008-11-01,16.759,,,,WFP,Rift Valley,0.52,35.28,cereals and tubers
Potatoes (Irish),Eldoret,Wholesale,2009-01-01,19.166600000000003,,,,WFP,Rift Valley,0.52,35.28,cereals and tubers
Potatoes (Irish),Eldoret,Wholesale,2009-02-01,17.5848,,,,WFP,Rift Valley,0.52,35.28,cereals and tubers
Potatoes (Irish),Eldoret,Wholesale,2009-03-01,25.1234,,,,WFP,Rift Valley,0.52,35.28,cereals and tubers
Potatoes (Irish),Eldoret,Wholesale,2009-04-01,35.148,,,,WFP,Rift Valley,0.52,35.28,cereals and tubers
Potatoes (Irish),Eldoret,Wholesale,2009-05-01,35.333200000000005,,,,WFP,Rift Valley,0.52,35.28,cereals and tubers
Potatoes (Irish),Eldoret,Wholesale,2009-06-01,20.1444,,,,WFP,Rift Valley,0.52,35.28,cereals and tubers
Potatoes (Irish),Eldoret,Wholesale,2009-10-01,23.4776,,,,WFP,Rift Valley,0.52,35.28,cereals and tubers
Potatoes (Irish),Eldoret,Wholesale,2009-11-01,27.277600000000003,,,,WFP,Rift Valley,0.52,35.28,cereals and tubers
Potatoes (Irish),Eldoret,Wholesale,2010-01-01,14.811,,,,WFP,Rift Valley,0.52,35.28,cereals and tubers
Potatoes (Irish),Eldoret,Wholesale,2010-02-01,9.811,,,,WFP,Rift Valley,0.52,35.28,cereals and tubers
Potatoes (Irish),Eldoret,Wholesale,2010-03-01,7.3664,,,,WFP,Rift Valley,0.52,35.28,cereals and tubers
Potatoes (Irish),Eldoret,Wholesale,2010-04-01,10.3554,,,,WFP,Rift Valley,0.52,35.28,cereals and tubers
Potatoes (Irish),Eldoret,Wholesale,2010-05-01,14.6332,,,,WFP,Rift Valley,0.52,35.28,cereals and tubers
Potatoes (Irish),Eldoret,Wholesale,2010-06-01,16.0332,,,,WFP,Rift Valley,0.52,35.28,cereals and tubers
Potatoes (Irish),Eldoret,Wholesale,2010-07-01,21.0664,,,,WFP,Rift Valley,0.52,35.28,cereals and tubers
Potatoes (Irish),Eldoret,Wholesale,2010-08-01,23.1444,,,,WFP,Rift Valley,0.52,35.28,cereals and tubers
Potatoes (Irish),Eldoret,Wholesale,2010-09-01,20.2332,,,,WFP,Rift Valley,0.52,35.28,cereals and tubers
Potatoes (Irish),Eldoret,Wholesale,2010-10-01,20.7442,,,,WFP,Rift Valley,0.52,35.28,cereals and tubers
Potatoes (Irish),Eldoret,Wholesale,2010-11-01,19.7444,,,,WFP,Rift Valley,0.52,35.28,cereals and tubers
Potatoes (Irish),Eldoret,Wholesale,2010-12-01,19.022,,,,WFP,Rift Valley,0.52,35.28,cereals and tubers
Potatoes (Irish),Eldoret,Wholesale,2011-01-01,19.7776,,,,WFP,Rift Valley,0.52,35.28,cereals and tubers
Potatoes (Irish),Eldoret,Wholesale,2011-02-01,24.5222,,,,WFP,Rift Valley,0.52,35.28,cereals and tubers
Potatoes (Irish),Eldoret,Wholesale,2011-03-01,38.3776,,,,WFP,Rift Valley,0.52,35.28,cereals and tubers
Potatoes (Irish),Eldoret,Wholesale,2011-04-01,41.7776,,,,WFP,Rift Valley,0.52,35.28,cereals and tubers
Potatoes (Irish),Eldoret,Wholesale,2011-05-01,40.0,,,,WFP,Rift Valley,0.52,35.28,cereals and tubers
Potatoes (Irish),Eldoret,Wholesale,2011-06-01,17.111,,,,WFP,Rift Valley,0.52,35.28,cereals and tubers
Potatoes (Irish),Eldoret,Wholesale,2011-09-01,14.7776,,,,WFP,Rift Valley,0.52,35.28,cereals and tubers
Potatoes (Irish),Eldoret,Wholesale,2011-10-01,21.5554,,,,WFP,Rift Valley,0.52,35.28,cereals and tubers
Potatoes (Irish),Eldoret,Wholesale,2011-12-01,25.5556,,,,WFP,Rift Valley,0.52,35.28,cereals and tubers
Potatoes (Irish),Eldoret,Wholesale,2012-01-01,27.777600000000003,,,,WFP,Rift Valley,0.52,35.28,cereals and tubers
Potatoes (Irish),Eldoret,Wholesale,2012-02-01,27.777600000000003,,,,WFP,Rift Valley,0.52,35.28,cereals and tubers
Potatoes (Irish),Eldoret,Wholesale,2012-03-01,31.111,,,,WFP,Rift Valley,0.52,35.28,cereals and tubers
Potatoes (Irish),Eldoret,Wholesale,2012-04-01,40.4444,,,,WFP,Rift Valley,0.52,35.28,cereals and tubers
Potatoes (Irish),Eldoret,Wholesale,2012-05-01,44.4444,,,,WFP,Rift Valley,0.52,35.28,cereals and tubers
Potatoes (Irish),Eldoret,Wholesale,2012-06-01,33.7222,,,,WFP,Rift Valley,0.52,35.28,cereals and tubers
Potatoes (Irish),Eldoret,Wholesale,2012-07-01,19.0,,,,WFP,Rift Valley,0.52,35.28,cereals and tubers
Potatoes (Irish),Eldoret,Wholesale,2012-08-01,17.6332,,,,WFP,Rift Valley,0.52,35.28,cereals and tubers
Potatoes (Irish),Eldoret,Wholesale,2013-01-01,22.7332,,,,WFP,Rift Valley,0.52,35.28,cereals and tubers
Potatoes (Irish),Eldoret,Wholesale,2013-02-01,20.0,,,,WFP,Rift Valley,0.52,35.28,cereals and tubers
Potatoes (Irish),Eldoret,Wholesale,2013-03-01,21.2664,,,,WFP,Rift Valley,0.52,35.28,cereals and tubers
Potatoes (Irish),Eldoret,Wholesale,2013-04-01,23.1666,,,,WFP,Rift Valley,0.52,35.28,cereals and tubers
Potatoes (Irish),Eldoret,Wholesale,2013-05-01,21.7332,,,,WFP,Rift Valley,0.52,35.28,cereals and tubers
Potatoes (Irish),Eldoret,Wholesale,2013-06-01,25.8332,,,,WFP,Rift Valley,0.52,35.28,cereals and tubers
Potatoes (Irish),Eldoret,Wholesale,2013-12-01,37.4332,,,,WFP,Rift Valley,0.52,35.28,cereals and tubers
Potatoes (Irish),Eldoret,Wholesale,2014-01-01,32.4888,,,,WFP,Rift Valley,0.52,35.28,cereals and tubers
Potatoes (Irish),Eldoret,Wholesale,2014-02-01,32.0888,,,,WFP,Rift Valley,0.52,35.28,cereals and tubers
Potatoes (Irish),Eldoret,Wholesale,2014-03-01,31.9998,,,,WFP,Rift Valley,0.52,35.28,cereals and tubers
Potatoes (Irish),Eldoret,Wholesale,2014-04-01,40.3888,,,,WFP,Rift Valley,0.52,35.28,cereals and tubers
Potatoes (Irish),Eldoret,Wholesale,2014-05-01,41.4776,,,,WFP,Rift Valley,0.52,35.28,cereals and tubers
Potatoes (Irish),Eldoret,Wholesale,2014-08-01,24.8192,,,,WFP,Rift Valley,0.52,35.28,cereals and tubers
Potatoes (Irish),Eldoret,Wholesale,2014-10-01,26.58,,,,WFP,Rift Valley,0.52,35.28,cereals and tubers
Potatoes (Irish),Eldoret,Wholesale,2014-12-01,27.1428,,,,WFP,Rift Valley,0.52,35.28,cereals and tubers
Potatoes (Irish),Eldoret,Wholesale,2015-01-01,28.5444,,,,WFP,Rift Valley,0.52,35.28,cereals and tubers
Potatoes (Irish),Eldoret,Wholesale,2015-02-01,29.1222,,,,WFP,Rift Valley,0.52,35.28,cereals and tubers
Potatoes (Irish),Eldoret,Wholesale,2015-03-01,25.5962,,,,WFP,Rift Valley,0.52,35.28,cereals and tubers
Potatoes (Irish),Eldoret,Wholesale,2015-04-01,24.2454,,,,WFP,Rift Valley,0.52,35.28,cereals and tubers
Potatoes (Irish),Eldoret,Wholesale,2015-05-01,28.9818,,,,WFP,Rift Valley,0.52,35.28,cereals and tubers
Potatoes (Irish),Eldoret,Wholesale,2015-07-01,15.4544,,,,WFP,Rift Valley,0.52,35.28,cereals and tubers
Potatoes (Irish),Eldoret,Wholesale,2015-11-01,40.36,,,,WFP,Rift Valley,0.52,35.28,cereals and tubers
Potatoes (Irish),Eldoret,Wholesale,2015-12-01,38.88,,,,WFP,Rift Valley,0.52,35.28,cereals and tubers
Potatoes (Irish),Eldoret,Wholesale,2016-01-01,39.4,,,,WFP,Rift Valley,0.52,35.28,cereals and tubers
Potatoes (Irish),Eldoret,Wholesale,2016-02-01,33.86,,,,WFP,Rift Valley,0.52,35.28,cereals and tubers
Potatoes (Irish),Eldoret,Wholesale,2016-03-01,30.4466,,,,WFP,Rift Valley,0.52,35.28,cereals and tubers
Potatoes (Irish),Eldoret,Wholesale,2016-05-01,34.6,,,,WFP,Rift Valley,0.52,35.28,cereals and tubers
Potatoes (Irish),Eldoret,Wholesale,2016-06-01,28.42,,,,WFP,Rift Valley,0.52,35.28,cereals and tubers
Potatoes (Irish),Eldoret,Wholesale,2016-08-01,26.9334,,,,WFP,Rift Valley,0.52,35.28,cereals and tubers
Potatoes (Irish),Eldoret,Wholesale,2016-10-01,30.46,,,,WFP,Rift Valley,0.52,35.28,cereals and tubers
Potatoes (Irish),Eldoret,Wholesale,2016-12-01,35.06,,,,WFP,Rift Valley,0.52,35.28,cereals and tubers
Potatoes (Irish),Eldoret,Wholesale,2017-01-01,35.32,,,,WFP,Rift Valley,0.52,35.28,cereals and tubers
Potatoes (Irish),Eldoret,Wholesale,2017-02-01,37.25,,,,WFP,Rift Valley,0.52,35.28,cereals and tubers
Potatoes (Irish),Eldoret,Wholesale,2017-03-01,41.28,,,,WFP,Rift Valley,0.52,35.28,cereals and tubers
Potatoes (Irish),Eldoret,Wholesale,2017-04-01,49.325,,,,WFP,Rift Valley,0.52,35.28,cereals and tubers
Potatoes (Irish),Eldoret,Wholesale,2017-05-01,54.0,,,,WFP,Rift Valley,0.52,35.28,cereals and tubers
Potatoes (Irish),Eldoret,Wholesale,2017-08-01,37.76,,,,WFP,Rift Valley,0.52,35.28,cereals and tubers
Potatoes (Irish),Eldoret,Wholesale,2017-10-01,34.55,,,,WFP,Rift Valley,0.52,35.28,cereals and tubers
Potatoes (Irish),Eldoret,Wholesale,2017-12-01,33.0,,,,WFP,Rift Valley,0.52,35.28,cereals and tubers
Potatoes (Irish),Eldoret,Wholesale,2018-01-01,37.32,,,,WFP,Rift Valley,0.52,35.28,cereals and tubers
Potatoes (Irish),Eldoret,Wholesale,2018-02-01,38.8,,,,WFP,Rift Valley,0.52,35.28,cereals and tubers
Potatoes (Irish),Eldoret,Wholesale,2018-03-01,40.5,,,,WFP,Rift Valley,0.52,35.28,cereals and tubers
Potatoes (Irish),Eldoret,Wholesale,2018-04-01,37.4666,,,,WFP,Rift Valley,0.52,35.28,cereals and tubers
Potatoes (Irish),Eldoret,Wholesale,2018-05-01,35.62,,,,WFP,Rift Valley,0.52,35.28,cereals and tubers
Potatoes (Irish),Eldoret,Wholesale,2018-07-01,29.1,,,,WFP,Rift Valley,0.52,35.28,cereals and tubers
Potatoes (Irish),Eldoret,Wholesale,2018-09-01,48.2,,,,WFP,Rift Valley,0.52,35.28,cereals and tubers
Potatoes (Irish),Eldoret,Wholesale,2018-12-01,29.4,,,,WFP,Rift Valley,0.52,35.28,cereals and tubers
Potatoes (Irish),Eldoret,Wholesale,2019-01-01,24.3,,,,WFP,Rift Valley,0.52,35.28,cereals and tubers
Potatoes (Irish),Eldoret,Wholesale,2019-02-01,24.95,,,,WFP,Rift Valley,0.52,35.28,cereals and tubers
Potatoes (Irish),Eldoret,Wholesale,2019-03-01,32.48,,,,WFP,Rift Valley,0.52,35.28,cereals and tubers
Potatoes (Irish),Eldoret,Wholesale,2019-04-01,54.725,,,,WFP,Rift Valley,0.52,35.28,cereals and tubers
Potatoes (Irish),Eldoret,Wholesale,2019-05-01,56.76,,,,WFP,Rift Valley,0.52,35.28,cereals and tubers
Potatoes (Irish),Eldoret,Wholesale,2019-07-01,23.2,,,,WFP,Rift Valley,0.52,35.28,cereals and tubers
Potatoes (Irish),Eldoret,Wholesale,2019-08-01,17.45,,,,WFP,Rift Valley,0.52,35.28,cereals and tubers
Potatoes (Irish),Eldoret,Wholesale,2019-10-01,30.26,,,,FEWS+WFP,Rift Valley,0.52,35.28,cereals and tubers
Potatoes (Irish),Eldoret,Wholesale,2019-11-01,39.1,,,,FEWS+WFP,Rift Valley,0.52,35.28,cereals and tubers
Potatoes (Irish),Eldoret,Wholesale,2019-12-01,38.325,,,,FEWS,Rift Valley,0.52,35.28,cereals and tubers
Potatoes (Irish),Eldoret,Wholesale,2020-01-01,36.0,,,,FEWS+WFP,Rift Valley,0.52,35.28,cereals and tubers
Potatoes (Irish),Eldoret,Wholesale,2020-02-01,37.05,,,,FEWS+WFP,Rift Valley,0.52,35.28,cereals and tubers
Potatoes (Irish),Eldoret,Wholesale,2020-03-01,36.2666333333,,,,FEWS+WFP,Rift Valley,0.52,35.28,cereals and tubers
Potatoes (Irish),Eldoret,Wholesale,2020-04-01,36.2666666666,,,,FEWS,Rift Valley,0.52,35.28,cereals and tubers
Potatoes (Irish),Eldoret,Wholesale,2020-05-01,37.3333333334,,,,FEWS,Rift Valley,0.52,35.28,cereals and tubers
Potatoes (Irish),Eldoret,Wholesale,2020-06-01,38.14,,,,FEWS,Rift Valley,0.52,35.28,cereals and tubers
Potatoes (Irish),Eldoret,Wholesale,2021-01-01,27.8,,,,FEWS,Rift Valley,0.52,35.28,cereals and tubers
Potatoes (Irish),Eldoret,Wholesale,2021-02-01,35.3625,,,,FEWS,Rift Valley,0.52,35.28,cereals and tubers
Potatoes (Irish),Eldoret,Wholesale,2021-03-01,32.0,,,,FEWS,Rift Valley,0.52,35.28,cereals and tubers
Potatoes (Irish),Eldoret,Wholesale,2021-04-01,41.3333333334,,,,FEWS,Rift Valley,0.52,35.28,cereals and tubers
Potatoes (Irish),Eldoret,Wholesale,2021-05-01,39.72,,,,FEWS,Rift Valley,0.52,35.28,cereals and tubers
Potatoes (Irish),Eldoret,Wholesale,2021-06-01,33.1666666666,,,,FEWS,Rift Valley,0.52,35.28,cereals and tubers
Potatoes (Irish),Eldoret,Wholesale,2021-07-01,27.5,,,,FEWS,Rift Valley,0.52,35.28,cereals and tubers
Potatoes (Irish),Eldoret,Wholesale,2021-08-01,18.0,,,,FEWS,Rift Valley,0.52,35.28,cereals and tubers
Potatoes (Irish),Eldoret,Wholesale,2021-09-01,20.0,,,,FEWS,Rift Valley,0.52,35.28,cereals and tubers
Potatoes (Irish),Eldoret,Wholesale,2021-10-01,27.1875,,,,FEWS,Rift Valley,0.52,35.28,cereals and tubers
Potatoes (Irish),Eldoret,Wholesale,2021-11-01,32.5,,,,FEWS,Rift Valley,0.52,35.28,cereals and tubers
Potatoes (Irish),Eldoret,Wholesale,2021-12-01,38.52,,,,FEWS,Rift Valley,0.52,35.28,cereals and tubers
Potatoes (Irish),Eldoret,Wholesale,2022-01-01,48.1111765,,,,KAMIS,Rift Valley,0.52,35.28,cereals and tubers
Potatoes (Irish),Eldoret,Wholesale,2022-02-01,46.9,,,,KAMIS,Rift Valley,0.52,35.28,cereals and tubers
Potatoes (Irish),Eldoret,Wholesale,2022-03-01,28.3096665,,,,KAMIS,Rift Valley,0.52,35.28,cereals and tubers
Potatoes (Irish),Eldoret,Wholesale,2022-04-01,42.148461499999996,,,,KAMIS,Rift Valley,0.52,35.28,cereals and tubers
Potatoes (Irish),Eldoret,Wholesale,2022-05-01,39.952381,,,,KAMIS,Rift Valley,0.52,35.28,cereals and tubers
Potatoes (Irish),Eldoret,Wholesale,2022-06-01,32.1059165,,,,KAMIS,Rift Valley,0.52,35.28,cereals and tubers
Potatoes (Irish),Eldoret,Wholesale,2022-07-01,27.667344,,,,KAMIS,Rift Valley,0.52,35.28,cereals and tubers
Potatoes (Irish),Eldoret,Wholesale,2022-08-01,26.7780645,,,,KAMIS,Rift Valley,0.52,35.28,cereals and tubers
Potatoes (Irish),Eldoret,Wholesale,2022-09-01,38.795454500000005,,,,KAMIS,Rift Valley,0.52,35.28,cereals and tubers
Potatoes (Irish),Eldoret,Wholesale,2022-10-01,56.766003999999995,,,,KAMIS,Rift Valley,0.52,35.28,cereals and tubers
Potatoes (Irish),Eldoret,Wholesale,2022-11-01,59.25713999999999,,,,KAMIS,Rift Valley,0.52,35.28,cereals and tubers
Potatoes (Irish),Eldoret,Wholesale,2022-12-01,45.0647095,,,,KAMIS,Rift Valley,0.52,35.28,cereals and tubers
Potatoes (Irish),Eldoret,Wholesale,2023-01-01,41.629273999999995,,,,KAMIS,Rift Valley,0.52,35.28,cereals and tubers
Potatoes (Irish),Eldoret,Wholesale,2023-02-01,43.6977605,,,,KAMIS,Rift Valley,0.52,35.28,cereals and tubers
Potatoes (Irish),Eldoret,Wholesale,2023-03-01,45.45,,,,KAMIS,Rift Valley,0.52,35.28,cereals and tubers
Potatoes (Irish),Eldoret,Wholesale,2023-04-01,78.875,,,,KAMIS,Rift Valley,0.52,35.28,cereals and tubers
Potatoes (Irish),Eldoret,Wholesale,2023-05-01,80.9801785,,,,KAMIS,Rift Valley,0.52,35.28,cereals and tubers
Potatoes (Irish),Eldoret,Wholesale,2023-06-01,44.513076999999996,,,,KAMIS,Rift Valley,0.52,35.28,cereals and tubers
Potatoes (Irish),Eldoret,Wholesale,2023-07-01,37.05875,,,,KAMIS,Rift Valley,0.52,35.28,cereals and tubers
Potatoes (Irish),Eldoret,Wholesale,2023-08-01,36.899091,,,,KAMIS,Rift Valley,0.52,35.28,cereals and tubers
Potatoes (Irish),Eldoret,Wholesale,2023-09-01,50.708333499999995,,,,KAMIS,Rift Valley,0.52,35.28,cereals and tubers
Potatoes (Irish),Eldoret,Wholesale,2023-10-01,67.222222,,,,KAMIS,Rift Valley,0.52,35.28,cereals and tubers
Potatoes (Irish),Eldoret,Wholesale,2023-11-01,56.666667,,,,KAMIS,Rift Valley,0.52,35.28,cereals and tubers
Potatoes (Irish),Eldoret,Wholesale,2024-02-01,46.286,,,,KAMIS,Rift Valley,0.52,35.28,cereals and tubers
Potatoes (Irish),Eldoret,Wholesale,2024-03-01,55.0,,,,KAMIS,Rift Valley,0.52,35.28,cereals and tubers
Potatoes (Irish),Eldoret,Wholesale,2024-04-01,90.0,,,,KAMIS,Rift Valley,0.52,35.28,cereals and tubers
Potatoes (Irish),Eldoret,Wholesale,2024-05-01,58.0,,,,KAMIS,Rift Valley,0.52,35.28,cereals and tubers
Potatoes (Irish),Eldoret,Wholesale,2024-06-01,50.368333,,,,KAMIS,Rift Valley,0.52,35.28,cereals and tubers
Potatoes (Irish),Eldoret,Wholesale,2024-07-01,61.111111,,,,KAMIS,Rift Valley,0.52,35.28,cereals and tubers
Potatoes (Irish),Eldoret,Wholesale,2024-08-01,64.5,,,,KAMIS,Rift Valley,0.52,35.28,cereals and tubers
Potatoes (Irish),Eldoret,Wholesale,2024-09-01,58.0,,,,KAMIS,Rift Valley,0.52,35.28,cereals and tubers
Potatoes (Irish),Eldoret,Wholesale,2025-05-01,44.166667,,,,KAMIS,Rift Valley,0.52,35.28,cereals and tubers
Potatoes (Irish),Eldoret,Wholesale,2025-06-01,48.333333,,,,KAMIS,Rift Valley,0.52,35.28,cereals and tubers
Potatoes (Irish),Eldoret,Wholesale,2026-08-01,115.58375,,,,KAMIS,Rift Valley,0.52,35.28,cereals and tubers
Potatoes (Irish),Eldoret,Wholesale,2026-09-01,66.0625,,,,KAMIS,Rift Valley,0.52,35.28,cereals and tubers
Potatoes (Irish),Kisumu,Wholesale,2006-02-01,23.6998,,,,WFP,Nyanza,-0.1,34.75,cereals and tubers
Potatoes (Irish),Kisumu,Wholesale,2006-04-01,38.2222,,,,WFP,Nyanza,-0.1,34.75,cereals and tubers
Potatoes (Irish),Kisumu,Wholesale,2006-06-01,11.7222,,,,WFP,Nyanza,-0.1,34.75,cereals and tubers
Potatoes (Irish),Kisumu,Wholesale,2006-07-01,9.111,,,,WFP,Nyanza,-0.1,34.75,cereals and tubers
Potatoes (Irish),Kisumu,Wholesale,2006-11-01,17.8888,,,,WFP,Nyanza,-0.1,34.75,cereals and tubers
Potatoes (Irish),Kisumu,Wholesale,2006-12-01,15.922,,,,WFP,Nyanza,-0.1,34.75,cereals and tubers
Potatoes (Irish),Kisumu,Wholesale,2007-01-01,17.008399999999998,,,,WFP,Nyanza,-0.1,34.75,cereals and tubers
Potatoes (Irish),Kisumu,Wholesale,2007-02-01,16.1436,,,,WFP,Nyanza,-0.1,34.75,cereals and tubers
Potatoes (Irish),Kisumu,Wholesale,2007-03-01,16.618199999999998,,,,WFP,Nyanza,-0.1,34.75,cereals and tubers
Potatoes (Irish),Kisumu,Wholesale,2007-04-01,18.039,,,,WFP,Nyanza,-0.1,34.75,cereals and tubers
Potatoes (Irish),Kisumu,Wholesale,2007-06-01,17.3504,,,,WFP,Nyanza,-0.1,34.75,cereals and tubers
Potatoes (Irish),Kisumu,Wholesale,2007-07-01,16.2222,,,,WFP,Nyanza,-0.1,34.75,cereals and tubers
Potatoes (Irish),Kisumu,Wholesale,2007-08-01,17.0,,,,WFP,Nyanza,-0.1,34.75,cereals and tubers
Potatoes (Irish),Kisumu,Wholesale,2007-09-01,18.4126,,,,WFP,Nyanza,-0.1,34.75,cereals and tubers
Potatoes (Irish),Kisumu,Wholesale,2007-10-01,20.0,,,,WFP,Nyanza,-0.1,34.75,cereals and tubers
Potatoes (Irish),Kisumu,Wholesale,2007-11-01,20.3174,,,,WFP,Nyanza,-0.1,34.75,cereals and tubers
Potatoes (Irish),Kisumu,Wholesale,2007-12-01,21.4814,,,,WFP,Nyanza,-0.1,34.75,cereals and tubers
Potatoes (Irish),Kisumu,Wholesale,2008-01-01,17.1332,,,,WFP,Nyanza,-0.1,34.75,cereals and tubers
Potatoes (Irish),Kisumu,Wholesale,2008-04-01,36.4196,,,,WFP,Nyanza,-0.1,34.75,cereals and tubers
Potatoes (Irish),Kisumu,Wholesale,2008-06-01,25.8054,,,,WFP,Nyanza,-0.1,34.75,cereals and tubers
Potatoes (Irish),Kisumu,Wholesale,2008-07-01,17.7776,,,,WFP,Nyanza,-0.1,34.75,cereals and tubers
Potatoes (Irish),Kisumu,Wholesale,2008-08-01,19.3938,,,,WFP,Nyanza,-0.1,34.75,cereals and tubers
Potatoes (Irish),Kisumu,Wholesale,2008-09-01,19.1386,,,,WFP,Nyanza,-0.1,34.75,cereals and tubers
Potatoes (Irish),Kisumu,Wholesale,2008-10-01,23.8886,,,,WFP,Nyanza,-0.1,34.75,cereals and tubers
Potatoes (Irish),Kisumu,Wholesale,2008-11-01,23.4074,,,,WFP,Nyanza,-0.1,34.75,cereals and tubers
Potatoes (Irish),Kisumu,Wholesale,2008-12-01,21.2962,,,,WFP,Nyanza,-0.1,34.75,cereals and tubers
Potatoes (Irish),Kisumu,Wholesale,2009-02-01,29.3332,,,,WFP,Nyanza,-0.1,34.75,cereals and tubers
Potatoes (Irish),Kisumu,Wholesale,2009-03-01,30.8332,,,,WFP,Nyanza,-0.1,34.75,cereals and tubers
Potatoes (Irish),Kisumu,Wholesale,2009-06-01,29.111,,,,WFP,Nyanza,-0.1,34.75,cereals and tubers
Potatoes (Irish),Kisumu,Wholesale,2009-07-01,20.6666,,,,WFP,Nyanza,-0.1,34.75,cereals and tubers
Potatoes (Irish),Kisumu,Wholesale,2009-08-01,15.2776,,,,WFP,Nyanza,-0.1,34.75,cereals and tubers
Potatoes (Irish),Kisumu,Wholesale,2009-09-01,17.9666,,,,WFP,Nyanza,-0.1,34.75,cereals and tubers
Potatoes (Irish),Kisumu,Wholesale,2009-10-01,20.5332,,,,WFP,Nyanza,-0.1,34.75,cereals and tubers
Potatoes (Irish),Kisumu,Wholesale,2009-11-01,30.1442,,,,WFP,Nyanza,-0.1,34.75,cereals and tubers
Potatoes (Irish),Kisumu,Wholesale,2009-12-01,31.3332,,,,WFP,Nyanza,-0.1,34.75,cereals and tubers
Potatoes (Irish),Kisumu,Wholesale,2010-06-01,25.7888,,,,WFP,Nyanza,-0.1,34.75,cereals and tubers
Potatoes (Irish),Kisumu,Wholesale,2010-07-01,31.0666,,,,WFP,Nyanza,-0.1,34.75,cereals and tubers
Potatoes (Irish),Kisumu,Wholesale,2010-08-01,39.111,,,,WFP,Nyanza,-0.1,34.75,cereals and tubers
Potatoes (Irish),Kisumu,Wholesale,2010-09-01,35.5,,,,WFP,Nyanza,-0.1,34.75,cereals and tubers
Potatoes (Irish),Kisumu,Wholesale,2010-10-01,38.011,,,,WFP,Nyanza,-0.1,34.75,cereals and tubers
Potatoes (Irish),Kisumu,Wholesale,2010-11-01,38.3888,,,,WFP,Nyanza,-0.1,34.75,cereals and tubers
Potatoes (Irish),Kisumu,Wholesale,2010-12-01,35.5998,,,,WFP,Nyanza,-0.1,34.75,cereals and tubers
Potatoes (Irish),Kisumu,Wholesale,2011-01-01,36.6666,,,,WFP,Nyanza,-0.1,34.75,cereals and tubers
Potatoes (Irish),Kisumu,Wholesale,2011-04-01,47.2554,,,,WFP,Nyanza,-0.1,34.75,cereals and tubers
Potatoes (Irish),Kisumu,Wholesale,2011-05-01,49.4666,,,,WFP,Nyanza,-0.1,34.75,cereals and tubers
Potatoes (Irish),Kisumu,Wholesale,2011-06-01,38.8886,,,,WFP,Nyanza,-0.1,34.75,cereals and tubers
Potatoes (Irish),Kisumu,Wholesale,2011-07-01,37.5,,,,WFP,Nyanza,-0.1,34.75,cereals and tubers
Potatoes (Irish),Kisumu,Wholesale,2011-08-01,29.1664,,,,WFP,Nyanza,-0.1,34.75,cereals and tubers
Potatoes (Irish),Kisumu,Wholesale,2011-09-01,36.7776,,,,WFP,Nyanza,-0.1,34.75,cereals and tubers
Potatoes (Irish),Kisumu,Wholesale,2011-10-01,44.2554,,,,WFP,Nyanza,-0.1,34.75,cereals and tubers
Potatoes (Irish),Kisumu,Wholesale,2011-11-01,49.99979999999999,,,,WFP,Nyanza,-0.1,34.75,cereals and tubers
Potatoes (Irish),Kisumu,Wholesale,2011-12-01,45.99979999999999,,,,WFP,Nyanza,-0.1,34.75,cereals and tubers
Potatoes (Irish),Kisumu,Wholesale,2012-01-01,53.3332,,,,WFP,Nyanza,-0.1,34.75,cereals and tubers
Potatoes (Irish),Kisumu,Wholesale,2012-02-01,57.7776,,,,WFP,Nyanza,-0.1,34.75,cereals and tubers
Potatoes (Irish),Kisumu,Wholesale,2012-04-01,59.4442,,,,WFP,Nyanza,-0.1,34.75,cereals and tubers
Potatoes (Irish),Kisumu,Wholesale,2012-05-01,58.8888,,,,WFP,Nyanza,-0.1,34.75,cereals and tubers
Potatoes (Irish),Kisumu,Wholesale,2012-06-01,47.9666,,,,WFP,Nyanza,-0.1,34.75,cereals and tubers
Potatoes (Irish),Kisumu,Wholesale,2012-07-01,42.222,,,,WFP,Nyanza,-0.1,34.75,cereals and tubers
Potatoes (Irish),Kisumu,Wholesale,2012-08-01,40.0,,,,WFP,Nyanza,-0.1,34.75,cereals and tubers
Potatoes (Irish),Kisumu,Wholesale,2012-10-01,61.49979999999999,,,,WFP,Nyanza,-0.1,34.75,cereals and tubers
Potatoes (Irish),Kisumu,Wholesale,2012-11-01,59.611,,,,WFP,Nyanza,-0.1,34.75,cereals and tubers
Potatoes (Irish),Kisumu,Wholesale,2012-12-01,46.6664,,,,WFP,Nyanza,-0.1,34.75,cereals and tubers
Potatoes (Irish),Kisumu,Wholesale,2013-01-01,41.1998,,,,WFP,Nyanza,-0.1,34.75,cereals and tubers
Potatoes (Irish),Kisumu,Wholesale,2013-05-01,38.0554,,,,WFP,Nyanza,-0.1,34.75,cereals and tubers
Potatoes (Irish),Kisumu,Wholesale,2013-06-01,38.8886,,,,WFP,Nyanza,-0.1,34.75,cereals and tubers
Potatoes (Irish),Kisumu,Wholesale,2013-07-01,38.8886,,,,WFP,Nyanza,-0.1,34.75,cereals and tubers
Potatoes (Irish),Kisumu,Wholesale,2013-08-01,38.8886,,,,WFP,Nyanza,-0.1,34.75,cereals and tubers
Potatoes (Irish),Kisumu,Wholesale,2013-09-01,38.5554,,,,WFP,Nyanza,-0.1,34.75,cereals and tubers
Potatoes (Irish),Kisumu,Wholesale,2013-10-01,38.8886,,,,WFP,Nyanza,-0.1,34.75,cereals and tubers
Potatoes (Irish),Kisumu,Wholesale,2013-11-01,40.6666,,,,WFP,Nyanza,-0.1,34.75,cereals and tubers
Potatoes (Irish),Kisumu,Wholesale,2013-12-01,38.8886,,,,WFP,Nyanza,-0.1,34.75,cereals and tubers
Potatoes (Irish),Kisumu,Wholesale,2014-04-01,43.111,,,,WFP,Nyanza,-0.1,34.75,cereals and tubers
Potatoes (Irish),Kisumu,Wholesale,2014-05-01,47.6666,,,,WFP,Nyanza,-0.1,34.75,cereals and tubers
Potatoes (Irish),Kisumu,Wholesale,2014-06-01,43.411,,,,WFP,Nyanza,-0.1,34.75,cereals and tubers
Potatoes (Irish),Kisumu,Wholesale,2014-07-01,39.3652,,,,WFP,Nyanza,-0.1,34.75,cereals and tubers
Potatoes (Irish),Kisumu,Wholesale,2014-08-01,35.138600000000004,,,,WFP,Nyanza,-0.1,34.75,cereals and tubers
Potatoes (Irish),Kisumu,Wholesale,2014-09-01,33.333200000000005,,,,WFP,Nyanza,-0.1,34.75,cereals and tubers
Potatoes (Irish),Kisumu,Wholesale,2014-10-01,34.232800000000005,,,,WFP,Nyanza,-0.1,34.75,cereals and tubers
Potatoes (Irish),Kisumu,Wholesale,2014-11-01,36.3888,,,,WFP,Nyanza,-0.1,34.75,cereals and tubers
Potatoes (Irish),Kisumu,Wholesale,2014-12-01,32.3808,,,,WFP,Nyanza,-0.1,34.75,cereals and tubers
Potatoes (Irish),Kisumu,Wholesale,2015-02-01,32.2776,,,,WFP,Nyanza,-0.1,34.75,cereals and tubers
Potatoes (Irish),Kisumu,Wholesale,2015-04-01,37.8818,,,,WFP,Nyanza,-0.1,34.75,cereals and tubers
Potatoes (Irish),Kisumu,Wholesale,2015-05-01,44.3634,,,,WFP,Nyanza,-0.1,34.75,cereals and tubers
Potatoes (Irish),Kisumu,Wholesale,2015-06-01,36.3636,,,,WFP,Nyanza,-0.1,34.75,cereals and tubers
Potatoes (Irish),Kisumu,Wholesale,2015-07-01,23.9392,,,,WFP,Nyanza,-0.1,34.75,cereals and tubers
Potatoes (Irish),Kisumu,Wholesale,2015-08-01,42.0,,,,WFP,Nyanza,-0.1,34.75,cereals and tubers
Potatoes (Irish),Kisumu,Wholesale,2015-09-01,55.45,,,,WFP,Nyanza,-0.1,34.75,cereals and tubers
Potatoes (Irish),Kisumu,Wholesale,2015-10-01,70.1,,,,WFP,Nyanza,-0.1,34.75,cereals and tubers
Potatoes (Irish),Kisumu,Wholesale,2015-11-01,92.62,,,,WFP,Nyanza,-0.1,34.75,cereals and tubers
Potatoes (Irish),Kisumu,Wholesale,2015-12-01,75.68,,,,WFP,Nyanza,-0.1,34.75,cereals and tubers
Potatoes (Irish),Kisumu,Wholesale,2016-02-01,51.7,,,,WFP,Nyanza,-0.1,34.75,cereals and tubers
Potatoes (Irish),Kisumu,Wholesale,2016-05-01,69.6,,,,WFP,Nyanza,-0.1,34.75,cereals and tubers
Potatoes (Irish),Kisumu,Wholesale,2016-06-01,71.0,,,,WFP,Nyanza,-0.1,34.75,cereals and tubers
Potatoes (Irish),Kisumu,Wholesale,2016-07-01,67.425,,,,WFP,Nyanza,-0.1,34.75,cereals and tubers
Potatoes (Irish),Kisumu,Wholesale,2016-08-01,65.8134,,,,WFP,Nyanza,-0.1,34.75,cereals and tubers
Potatoes (Irish),Kisumu,Wholesale,2016-09-01,66.56,,,,WFP,Nyanza,-0.1,34.75,cereals and tubers
Potatoes (Irish),Kisumu,Wholesale,2016-10-01,70.875,,,,WFP,Nyanza,-0.1,34.75,cereals and tubers
Potatoes (Irish),Kisumu,Wholesale,2016-11-01,55.1,,,,WFP,Nyanza,-0.1,34.75,cereals and tubers
Potatoes (Irish),Kisumu,Wholesale,2016-12-01,52.94,,,,WFP,Nyanza,-0.1,34.75,cereals and tubers
Potatoes (Irish),Kisumu,Wholesale,2017-02-01,60.3,,,,WFP,Nyanza,-0.1,34.75,cereals and tubers
Potatoes (Irish),Kisumu,Wholesale,2017-04-01,65.35,,,,WFP,Nyanza,-0.1,34.75,cereals and tubers
Potatoes (Irish),Kisumu,Wholesale,2017-05-01,60.58,,,,WFP,Nyanza,-0.1,34.75,cereals and tubers
Potatoes (Irish),Kisumu,Wholesale,2017-06-01,39.04,,,,WFP,Nyanza,-0.1,34.75,cereals and tubers
Potatoes (Irish),Kisumu,Wholesale,2017-07-01,28.4,,,,WFP,Nyanza,-0.1,34.75,cereals and tubers
Potatoes (Irish),Kisumu,Wholesale,2017-08-01,31.6,,,,WFP,Nyanza,-0.1,34.75,cereals and tubers
Potatoes (Irish),Kisumu,Wholesale,2017-09-01,28.0,,,,WFP,Nyanza,-0.1,34.75,cereals and tubers
Potatoes (Irish),Kisumu,Wholesale,2017-10-01,23.0,,,,WFP,Nyanza,-0.1,34.75,cereals and tubers
Potatoes (Irish),Kisumu,Wholesale,2017-11-01,26.3,,,,WFP,Nyanza,-0.1,34.75,cereals and tubers
Potatoes (Irish),Kisumu,Wholesale,2017-12-01,28.275,,,,WFP,Nyanza,-0.1,34.75,cereals and tubers
Potatoes (Irish),Kisumu,Wholesale,2018-02-01,30.4,,,,WFP,Nyanza,-0.1,34.75,cereals and tubers
Potatoes (Irish),Kisumu,Wholesale,2018-05-01,30.36,,,,WFP,Nyanza,-0.1,34.75,cereals and tubers
Potatoes (Irish),Kisumu,Wholesale,2018-06-01,24.1,,,,WFP,Nyanza,-0.1,34.75,cereals and tubers
Potatoes (Irish),Kisumu,Wholesale,2018-07-01,29.1,,,,WFP,Nyanza,-0.1,34.75,cereals and tubers
Potatoes (Irish),Kisumu,Wholesale,2018-08-01,41.3866,,,,WFP,Nyanza,-0.1,34.75,cereals and tubers
Potatoes (Irish),Kisumu,Wholesale,2018-09-01,53.75,,,,WFP,Nyanza,-0.1,34.75,cereals and tubers
Potatoes (Irish),Kisumu,Wholesale,2018-10-01,41.3,,,,WFP,Nyanza,-0.1,34.75,cereals and tubers
Potatoes (Irish),Kisumu,Wholesale,2018-11-01,42.9,,,,WFP,Nyanza,-0.1,34.75,cereals and tubers
Potatoes (Irish),Kisumu,Wholesale,2018-12-01,35.65,,,,WFP,Nyanza,-0.1,34.75,cereals and tubers
Potatoes (Irish),Kisumu,Wholesale,2019-01-01,29.88,,,,WFP,Nyanza,-0.1,34.75,cereals and tubers
Potatoes (Irish),Kisumu,Wholesale,2019-03-01,36.96,,,,WFP,Nyanza,-0.1,34.75,cereals and tubers
Potatoes (Irish),Kisumu,Wholesale,2019-04-01,54.45,,,,WFP,Nyanza,-0.1,34.75,cereals and tubers
Potatoes (Irish),Kisumu,Wholesale,2019-05-01,59.68,,,,WFP,Nyanza,-0.1,34.75,cereals and tubers
Potatoes (Irish),Kisumu,Wholesale,2019-06-01,51.88,,,,WFP,Nyanza,-0.1,34.75,cereals and tubers
Potatoes (Irish),Kisumu,Wholesale,2019-07-01,49.8,,,,WFP,Nyanza,-0.1,34.75,cereals and tubers
Potatoes (Irish),Kisumu,Wholesale,2019-08-01,48.0,,,,WFP,Nyanza,-0.1,34.75,cereals and tubers
Potatoes (Irish),Kisumu,Wholesale,2019-09-01,48.0,,,,WFP,Nyanza,-0.1,34.75,cereals and tubers
Potatoes (Irish),Kisumu,Wholesale,2019-10-01,48.0,,,,FEWS+WFP,Nyanza,-0.1,34.75,cereals and tubers
Potatoes (Irish),Kisumu,Wholesale,2020-02-01,50.0,,,,FEWS,Nyanza,-0.1,34.75,cereals and tubers
Potatoes (Irish),Kisumu,Wholesale,2020-06-01,74.0,,,,FEWS,Nyanza,-0.1,34.75,cereals and tubers
Potatoes (Irish),Kisumu,Wholesale,2021-03-01,26.0,,,,FEWS,Nyanza,-0.1,34.75,cereals and tubers
Potatoes (Irish),Kisumu,Wholesale,2021-04-01,49.0,,,,FEWS,Nyanza,-0.1,34.75,cereals and tubers
Potatoes (Irish),Kisumu,Wholesale,2021-05-01,46.66,,,,FEWS,Nyanza,-0.1,34.75,cereals and tubers
Potatoes (Irish),Kisumu,Wholesale,2021-06-01,40.0,,,,FEWS,Nyanza,-0.1,34.75,cereals and tubers
Potatoes (Irish),Kisumu,Wholesale,2021-07-01,30.0,,,,FEWS,Nyanza,-0.1,34.75,cereals and tubers
Potatoes (Irish),Kisumu,Wholesale,2021-08-01,16.0,,,,FEWS,Nyanza,-0.1,34.75,cereals and tubers
Potatoes (Irish),Kisumu,Wholesale,2021-09-01,24.0,,,,FEWS,Nyanza,-0.1,34.75,cereals and tubers
Potatoes (Irish),Kisumu,Wholesale,2021-10-01,24.0,,,,FEWS,Nyanza,-0.1,34.75,cereals and tubers
Potatoes (Irish),Kisumu,Wholesale,2021-11-01,36.0,,,,FEWS,Nyanza,-0.1,34.75,cereals and tubers
Potatoes (Irish),Kisumu,Wholesale,2021-12-01,39.5,,,,FEWS,Nyanza,-0.1,34.75,cereals and tubers
Potatoes (Irish),Kisumu,Wholesale,2022-01-01,34.295454500000005,,,,KAMIS,Nyanza,-0.1,34.75,cereals and tubers
Potatoes (Irish),Kisumu,Wholesale,2022-02-01,39.024615499999996,,,,KAMIS,Nyanza,-0.1,34.75,cereals and tubers
Potatoes (Irish),Kisumu,Wholesale,2022-03-01,38.752396,,,,KAMIS,Nyanza,-0.1,34.75,cereals and tubers
Potatoes (Irish),Kisumu,Wholesale,2022-04-01,44.6445,,,,KAMIS,Nyanza,-0.1,34.75,cereals and tubers
Potatoes (Irish),Kisumu,Wholesale,2022-05-01,45.625,,,,KAMIS,Nyanza,-0.1,34.75,cereals and tubers
Potatoes (Irish),Kisumu,Wholesale,2022-06-01,50.2385415,,,,KAMIS,Nyanza,-0.1,34.75,cereals and tubers
Potatoes (Irish),Kisumu,Wholesale,2022-07-01,42.800357000000005,,,,KAMIS,Nyanza,-0.1,34.75,cereals and tubers
Potatoes (Irish),Kisumu,Wholesale,2022-08-01,49.419375,,,,KAMIS,Nyanza,-0.1,34.75,cereals and tubers
Potatoes (Irish),Kisumu,Wholesale,2022-09-01,43.376875,,,,KAMIS,Nyanza,-0.1,34.75,cereals and tubers
Potatoes (Irish),Kisumu,Wholesale,2022-10-01,61.6675,,,,KAMIS,Nyanza,-0.1,34.75,cereals and tubers
Potatoes (Irish),Kisumu,Wholesale,2022-11-01,64.6572855,,,,KAMIS,Nyanza,-0.1,34.75,cereals and tubers
Potatoes (Irish),Kisumu,Wholesale,2022-12-01,59.1882145,,,,KAMIS,Nyanza,-0.1,34.75,cereals and tubers
Potatoes (Irish),Kisumu,Wholesale,2023-01-01,71.2858335,,,,KAMIS,Nyanza,-0.1,34.75,cereals and tubers
Potatoes (Irish),Kisumu,Wholesale,2023-02-01,79.405,,,,KAMIS,Nyanza,-0.1,34.75,cereals and tubers
Potatoes (Irish),Kisumu,Wholesale,2023-03-01,92.84346149999999,,,,KAMIS,Nyanza,-0.1,34.75,cereals and tubers
Potatoes (Irish),Kisumu,Wholesale,2023-04-01,124.84375,,,,KAMIS,Nyanza,-0.1,34.75,cereals and tubers
Potatoes (Irish),Kisumu,Wholesale,2023-05-01,115.72916649999999,,,,KAMIS,Nyanza,-0.1,34.75,cereals and tubers
Potatoes (Irish),Kisumu,Wholesale,2023-06-01,142.5555555,,,,KAMIS,Nyanza,-0.1,34.75,cereals and tubers
Potatoes (Irish),Kisumu,Wholesale,2023-07-01,70.875,,,,KAMIS,Nyanza,-0.1,34.75,cereals and tubers
Potatoes (Irish),Kisumu,Wholesale,2023-08-01,106.0576925,,,,KAMIS,Nyanza,-0.1,34.75,cereals and tubers
Potatoes (Irish),Kisumu,Wholesale,2023-09-01,115.0,,,,KAMIS,Nyanza,-0.1,34.75,cereals and tubers
Potatoes (Irish),Kisumu,Wholesale,2023-10-01,101.5625,,,,KAMIS,Nyanza,-0.1,34.75,cereals and tubers
Potatoes (Irish),Kisumu,Wholesale,2023-11-01,135.0,,,,KAMIS,Nyanza,-0.1,34.75,cereals and tubers
Potatoes (Irish),Kisumu,Wholesale,2023-12-01,66.666667,,,,KAMIS,Nyanza,-0.1,34.75,cereals and tubers
Potatoes (Irish),Kisumu,Wholesale,2024-01-01,50.0,,,,KAMIS,Nyanza,-0.1,34.75,cereals and tubers
Potatoes (Irish),Kisumu,Wholesale,2024-03-01,75.0,,,,KAMIS,Nyanza,-0.1,34.75,cereals and tubers
Potatoes (Irish),Kisumu,Wholesale,2024-04-01,95.0,,,,KAMIS,Nyanza,-0.1,34.75,cereals and tubers
Potatoes (Irish),Kisumu,Wholesale,2024-05-01,75.0,,,,KAMIS,Nyanza,-0.1,34.75,cereals and tubers
Potatoes (Irish),Kisumu,Wholesale,2024-06-01,73.625,,,,KAMIS,Nyanza,-0.1,34.75,cereals and tubers
Potatoes (Irish),Kisumu,Wholesale,2024-07-01,68.5,,,,KAMIS,Nyanza,-0.1,34.75,cereals and tubers
Potatoes (Irish),Kisumu,Wholesale,2024-08-01,85.7858335,,,,KAMIS,Nyanza,-0.1,34.75,cereals and tubers
Potatoes (Irish),Kisumu,Wholesale,2024-09-01,92.77687499999999,,,,KAMIS,Nyanza,-0.1,34.75,cereals and tubers
Potatoes (Irish),Kisumu,Wholesale,2024-10-01,81.25,,,,KAMIS,Nyanza,-0.1,34.75,cereals and tubers
Potatoes (Irish),Kisumu,Wholesale,2025-02-01,50.0,,,,KAMIS,Nyanza,-0.1,34.75,cereals and tubers
Potatoes (Irish),Kisumu,Wholesale,2025-03-01,50.0,,,,KAMIS,Nyanza,-0.1,34.75,cereals and tubers
Potatoes (Irish),Kisumu,Wholesale,2025-04-01,50.0,,,,KAMIS,Nyanza,-0.1,34.75,cereals and tubers
Potatoes (Irish),Kisumu,Wholesale,2025-05-01,66.75,,,,KAMIS,Nyanza,-0.1,34.75,cereals and tubers
Potatoes (Irish),Kisumu,Wholesale,2025-06-01,65.0,,,,KAMIS,Nyanza,-0.1,34.75,cereals and tubers
Potatoes (Irish),Kisumu,Wholesale,2025-07-01,52.443182,,,,KAMIS,Nyanza,-0.1,34.75,cereals and tubers
Potatoes (Irish),Kisumu,Wholesale,2025-08-01,52.833333499999995,,,,KAMIS,Nyanza,-0.1,34.75,cereals and tubers
Potatoes (Irish),Kisumu,Wholesale,2025-09-01,56.5,,,,KAMIS,Nyanza,-0.1,34.75,cereals and tubers
Potatoes (Irish),Kisumu,Wholesale,2025-10-01,66.5,,,,KAMIS,Nyanza,-0.1,34.75,cereals and tubers
Potatoes (Irish),Kisumu,Wholesale,2025-11-01,59.5,,,,KAMIS,Nyanza,-0.1,34.75,cereals and tubers
Potatoes (Irish),Kisumu,Wholesale,2025-12-01,66.0,,,,KAMIS,Nyanza,-0.1,34.75,cereals and tubers
Potatoes (Irish),Kisumu,Wholesale,2026-01-01,77.5,,,,KAMIS,Nyanza,-0.1,34.75,cereals and tubers
Potatoes (Irish),Kisumu,Wholesale,2026-02-01,101.9444445,,,,KAMIS,Nyanza,-0.1,34.75,cereals and tubers
Potatoes (Irish),Kisumu,Wholesale,2026-03-01,96.16666649999999,,,,KAMIS,Nyanza,-0.1,34.75,cereals and tubers
Potatoes (Irish),Kisumu,Wholesale,2026-04-01,99.73214300000001,,,,KAMIS,Nyanza,-0.1,34.75,cereals and tubers
Potatoes (Irish),Kisumu,Wholesale,2026-05-01,90.0,,,,KAMIS,Nyanza,-0.1,34.75,cereals and tubers
Potatoes (Irish),Kisumu,Wholesale,2026-06-01,75.58333350000001,,,,KAMIS,Nyanza,-0.1,34.75,cereals and tubers
Potatoes (Irish),Kisumu,Wholesale,2026-07-01,89.3522725,,,,KAMIS,Nyanza,-0.1,34.75,cereals and tubers
Potatoes (Irish),Kisumu,Wholesale,2026-08-01,86.75,,,,KAMIS,Nyanza,-0.1,34.75,cereals and tubers
Potatoes (Irish),Kisumu,Wholesale,2026-09-01,111.5,,,,KAMIS,Nyanza,-0.1,34.75,cereals and tubers
Potatoes (Irish),Mombasa,Wholesale,2022-06-01,62.095,,,,KAMIS,Coast,-4.05,39.67,cereals and tubers
Potatoes (Irish),Mombasa,Wholesale,2022-07-01,32.225,,,,KAMIS,Coast,-4.05,39.67,cereals and tubers
Potatoes (Irish),Mombasa,Wholesale,2022-08-01,32.43,,,,KAMIS,Coast,-4.05,39.67,cereals and tubers
Potatoes (Irish),Mombasa,Wholesale,2022-09-01,37.525833500000005,,,,KAMIS,Coast,-4.05,39.67,cereals and tubers
Potatoes (Irish),Mombasa,Wholesale,2022-10-01,62.862,,,,KAMIS,Coast,-4.05,39.67,cereals and tubers
Potatoes (Irish),Mombasa,Wholesale,2022-11-01,30.91,,,,KAMIS,Coast,-4.05,39.67,cereals and tubers
Potatoes (Irish),Mombasa,Wholesale,2022-12-01,51.56699999999999,,,,KAMIS,Coast,-4.05,39.67,cereals and tubers
Potatoes (Irish),Mombasa,Wholesale,2023-01-01,46.557142999999996,,,,KAMIS,Coast,-4.05,39.67,cereals and tubers
Potatoes (Irish),Mombasa,Wholesale,2023-02-01,56.144615,,,,KAMIS,Coast,-4.05,39.67,cereals and tubers
Potatoes (Irish),Mombasa,Wholesale,2023-03-01,63.323333,,,,KAMIS,Coast,-4.05,39.67,cereals and tubers
Potatoes (Irish),Mombasa,Wholesale,2023-04-01,63.975714499999995,,,,KAMIS,Coast,-4.05,39.67,cereals and tubers
Potatoes (Irish),Mombasa,Wholesale,2023-05-01,62.2325,,,,KAMIS,Coast,-4.05,39.67,cereals and tubers
Potatoes (Irish),Mombasa,Wholesale,2023-06-01,56.8285715,,,,KAMIS,Coast,-4.05,39.67,cereals and tubers
Potatoes (Irish),Mombasa,Wholesale,2023-07-01,33.8875,,,,KAMIS,Coast,-4.05,39.67,cereals and tubers
Potatoes (Irish),Mombasa,Wholesale,2023-08-01,29.518,,,,KAMIS,Coast,-4.05,39.67,cereals and tubers
Potatoes (Irish),Mombasa,Wholesale,2023-09-01,51.67,,,,KAMIS,Coast,-4.05,39.67,cereals and tubers
Potatoes (Irish),Mombasa,Wholesale,2023-10-01,58.89,,,,KAMIS,Coast,-4.05,39.67,cereals and tubers
Potatoes (Irish),Nairobi,Wholesale,2006-01-01,13.2886,,,,WFP,Nairobi,-1.28,36.82,cereals and tubers
Potatoes (Irish),Nairobi,Wholesale,2006-02-01,13.888800000000002,,,,WFP,Nairobi,-1.28,36.82,cereals and tubers
Potatoes (Irish),Nairobi,Wholesale,2006-03-01,19.2222,,,,WFP,Nairobi,-1.28,36.82,cereals and tubers
Potatoes (Irish),Nairobi,Wholesale,2006-04-01,27.777600000000003,,,,WFP,Nairobi,-1.28,36.82,cereals and tubers
Potatoes (Irish),Nairobi,Wholesale,2006-05-01,32.4998,,,,WFP,Nairobi,-1.28,36.82,cereals and tubers
Potatoes (Irish),Nairobi,Wholesale,2006-06-01,17.222,,,,WFP,Nairobi,-1.28,36.82,cereals and tubers
Potatoes (Irish),Nairobi,Wholesale,2006-07-01,13.2444,,,,WFP,Nairobi,-1.28,36.82,cereals and tubers
Potatoes (Irish),Nairobi,Wholesale,2006-08-01,11.111,,,,WFP,Nairobi,-1.28,36.82,cereals and tubers
Potatoes (Irish),Nairobi,Wholesale,2006-09-01,11.6444,,,,WFP,Nairobi,-1.28,36.82,cereals and tubers
Potatoes (Irish),Nairobi,Wholesale,2006-10-01,13.1776,,,,WFP,Nairobi,-1.28,36.82,cereals and tubers
Potatoes (Irish),Nairobi,Wholesale,2006-11-01,19.111,,,,WFP,Nairobi,-1.28,36.82,cereals and tubers
Potatoes (Irish),Nairobi,Wholesale,2006-12-01,22.4444,,,,WFP,Nairobi,-1.28,36.82,cereals and tubers
Potatoes (Irish),Nairobi,Wholesale,2007-01-01,28.0554,,,,WFP,Nairobi,-1.28,36.82,cereals and tubers
Potatoes (Irish),Nairobi,Wholesale,2007-02-01,30.8888,,,,WFP,Nairobi,-1.28,36.82,cereals and tubers
Potatoes (Irish),Nairobi,Wholesale,2007-03-01,32.7222,,,,WFP,Nairobi,-1.28,36.82,cereals and tubers
Potatoes (Irish),Nairobi,Wholesale,2007-04-01,31.0416,,,,WFP,Nairobi,-1.28,36.82,cereals and tubers
Potatoes (Irish),Nairobi,Wholesale,2007-05-01,22.3808,,,,WFP,Nairobi,-1.28,36.82,cereals and tubers
Potatoes (Irish),Nairobi,Wholesale,2007-06-01,11.788,,,,WFP,Nairobi,-1.28,36.82,cereals and tubers
Potatoes (Irish),Nairobi,Wholesale,2007-07-01,11.1444,,,,WFP,Nairobi,-1.28,36.82,cereals and tubers
Potatoes (Irish),Nairobi,Wholesale,2007-08-01,17.5136,,,,WFP,Nairobi,-1.28,36.82,cereals and tubers
Potatoes (Irish),Nairobi,Wholesale,2007-09-01,14.701199999999998,,,,WFP,Nairobi,-1.28,36.82,cereals and tubers
Potatoes (Irish),Nairobi,Wholesale,2007-10-01,22.6944,,,,WFP,Nairobi,-1.28,36.82,cereals and tubers
Potatoes (Irish),Nairobi,Wholesale,2007-11-01,24.7886,,,,WFP,Nairobi,-1.28,36.82,cereals and tubers
Potatoes (Irish),Nairobi,Wholesale,2007-12-01,15.3192,,,,WFP,Nairobi,-1.28,36.82,cereals and tubers
Potatoes (Irish),Nairobi,Wholesale,2008-01-01,18.8382,,,,WFP,Nairobi,-1.28,36.82,cereals and tubers
Potatoes (Irish),Nairobi,Wholesale,2008-02-01,17.083199999999998,,,,WFP,Nairobi,-1.28,36.82,cereals and tubers
Potatoes (Irish),Nairobi,Wholesale,2008-03-01,14.4888,,,,WFP,Nairobi,-1.28,36.82,cereals and tubers
Potatoes (Irish),Nairobi,Wholesale,2008-04-01,17.1694,,,,WFP,Nairobi,-1.28,36.82,cereals and tubers
Potatoes (Irish),Nairobi,Wholesale,2008-05-01,21.111,,,,WFP,Nairobi,-1.28,36.82,cereals and tubers
Potatoes (Irish),Nairobi,Wholesale,2008-06-01,21.9754,,,,WFP,Nairobi,-1.28,36.82,cereals and tubers
Potatoes (Irish),Nairobi,Wholesale,2008-07-01,23.4298,,,,WFP,Nairobi,-1.28,36.82,cereals and tubers
Potatoes (Irish),Nairobi,Wholesale,2008-08-01,23.8646,,,,WFP,Nairobi,-1.28,36.82,cereals and tubers
Potatoes (Irish),Nairobi,Wholesale,2008-09-01,32.1636,,,,WFP,Nairobi,-1.28,36.82,cereals and tubers
Potatoes (Irish),Nairobi,Wholesale,2008-10-01,24.2424,,,,WFP,Nairobi,-1.28,36.82,cereals and tubers
Potatoes (Irish),Nairobi,Wholesale,2008-11-01,25.5556,,,,WFP,Nairobi,-1.28,36.82,cereals and tubers
Potatoes (Irish),Nairobi,Wholesale,2008-12-01,24.6296,,,,WFP,Nairobi,-1.28,36.82,cereals and tubers
Potatoes (Irish),Nairobi,Wholesale,2009-01-01,28.3332,,,,WFP,Nairobi,-1.28,36.82,cereals and tubers
Potatoes (Irish),Nairobi,Wholesale,2009-02-01,33.7222,,,,WFP,Nairobi,-1.28,36.82,cereals and tubers
Potatoes (Irish),Nairobi,Wholesale,2009-03-01,38.333200000000005,,,,WFP,Nairobi,-1.28,36.82,cereals and tubers
Potatoes (Irish),Nairobi,Wholesale,2009-04-01,42.9304,,,,WFP,Nairobi,-1.28,36.82,cereals and tubers
Potatoes (Irish),Nairobi,Wholesale,2009-05-01,44.7778,,,,WFP,Nairobi,-1.28,36.82,cereals and tubers
Potatoes (Irish),Nairobi,Wholesale,2009-06-01,31.9,,,,WFP,Nairobi,-1.28,36.82,cereals and tubers
Potatoes (Irish),Nairobi,Wholesale,2009-07-01,22.1332,,,,WFP,Nairobi,-1.28,36.82,cereals and tubers
Potatoes (Irish),Nairobi,Wholesale,2009-08-01,25.9222,,,,WFP,Nairobi,-1.28,36.82,cereals and tubers
Potatoes (Irish),Nairobi,Wholesale,2009-09-01,26.8332,,,,WFP,Nairobi,-1.28,36.82,cereals and tubers
Potatoes (Irish),Nairobi,Wholesale,2009-10-01,32.6222,,,,WFP,Nairobi,-1.28,36.82,cereals and tubers
Potatoes (Irish),Nairobi,Wholesale,2009-11-01,34.388600000000004,,,,WFP,Nairobi,-1.28,36.82,cereals and tubers
Potatoes (Irish),Nairobi,Wholesale,2009-12-01,29.211,,,,WFP,Nairobi,-1.28,36.82,cereals and tubers
Potatoes (Irish),Nairobi,Wholesale,2010-01-01,25.8,,,,WFP,Nairobi,-1.28,36.82,cereals and tubers
Potatoes (Irish),Nairobi,Wholesale,2010-02-01,19.3886,,,,WFP,Nairobi,-1.28,36.82,cereals and tubers
Potatoes (Irish),Nairobi,Wholesale,2010-03-01,18.2222,,,,WFP,Nairobi,-1.28,36.82,cereals and tubers
Potatoes (Irish),Nairobi,Wholesale,2010-04-01,25.1332,,,,WFP,Nairobi,-1.28,36.82,cereals and tubers
Potatoes (Irish),Nairobi,Wholesale,2010-05-01,25.611,,,,WFP,Nairobi,-1.28,36.82,cereals and tubers
Potatoes (Irish),Nairobi,Wholesale,2010-06-01,25.6222,,,,WFP,Nairobi,-1.28,36.82,cereals and tubers
Potatoes (Irish),Nairobi,Wholesale,2010-07-01,33.0554,,,,WFP,Nairobi,-1.28,36.82,cereals and tubers
Potatoes (Irish),Nairobi,Wholesale,2010-08-01,38.8554,,,,WFP,Nairobi,-1.28,36.82,cereals and tubers
Potatoes (Irish),Nairobi,Wholesale,2010-09-01,40.7666,,,,WFP,Nairobi,-1.28,36.82,cereals and tubers
Potatoes (Irish),Nairobi,Wholesale,2010-10-01,36.333200000000005,,,,WFP,Nairobi,-1.28,36.82,cereals and tubers
Potatoes (Irish),Nairobi,Wholesale,2010-11-01,30.111,,,,WFP,Nairobi,-1.28,36.82,cereals and tubers
Potatoes (Irish),Nairobi,Wholesale,2010-12-01,29.0222,,,,WFP,Nairobi,-1.28,36.82,cereals and tubers
Potatoes (Irish),Nairobi,Wholesale,2011-01-01,33.0998,,,,WFP,Nairobi,-1.28,36.82,cereals and tubers
Potatoes (Irish),Nairobi,Wholesale,2011-02-01,36.811,,,,WFP,Nairobi,-1.28,36.82,cereals and tubers
Potatoes (Irish),Nairobi,Wholesale,2011-03-01,60.111,,,,WFP,Nairobi,-1.28,36.82,cereals and tubers
Potatoes (Irish),Nairobi,Wholesale,2011-04-01,59.2222,,,,WFP,Nairobi,-1.28,36.82,cereals and tubers
Potatoes (Irish),Nairobi,Wholesale,2011-05-01,39.8666,,,,WFP,Nairobi,-1.28,36.82,cereals and tubers
Potatoes (Irish),Nairobi,Wholesale,2011-06-01,29.5554,,,,WFP,Nairobi,-1.28,36.82,cereals and tubers
Potatoes (Irish),Nairobi,Wholesale,2011-07-01,20.8332,,,,WFP,Nairobi,-1.28,36.82,cereals and tubers
Potatoes (Irish),Nairobi,Wholesale,2011-08-01,22.5,,,,WFP,Nairobi,-1.28,36.82,cereals and tubers
Potatoes (Irish),Nairobi,Wholesale,2011-09-01,27.933200000000003,,,,WFP,Nairobi,-1.28,36.82,cereals and tubers
Potatoes (Irish),Nairobi,Wholesale,2011-10-01,36.0776,,,,WFP,Nairobi,-1.28,36.82,cereals and tubers
Potatoes (Irish),Nairobi,Wholesale,2011-11-01,39.2444,,,,WFP,Nairobi,-1.28,36.82,cereals and tubers
Potatoes (Irish),Nairobi,Wholesale,2011-12-01,37.6664,,,,WFP,Nairobi,-1.28,36.82,cereals and tubers
Potatoes (Irish),Nairobi,Wholesale,2012-01-01,42.7776,,,,WFP,Nairobi,-1.28,36.82,cereals and tubers
Potatoes (Irish),Nairobi,Wholesale,2012-02-01,43.3332,,,,WFP,Nairobi,-1.28,36.82,cereals and tubers
Potatoes (Irish),Nairobi,Wholesale,2012-03-01,51.6664,,,,WFP,Nairobi,-1.28,36.82,cereals and tubers
Potatoes (Irish),Nairobi,Wholesale,2012-04-01,51.3776,,,,WFP,Nairobi,-1.28,36.82,cereals and tubers
Potatoes (Irish),Nairobi,Wholesale,2012-05-01,42.222,,,,WFP,Nairobi,-1.28,36.82,cereals and tubers
Potatoes (Irish),Nairobi,Wholesale,2012-06-01,40.9442,,,,WFP,Nairobi,-1.28,36.82,cereals and tubers
Potatoes (Irish),Nairobi,Wholesale,2012-07-01,33.333200000000005,,,,WFP,Nairobi,-1.28,36.82,cereals and tubers
Potatoes (Irish),Nairobi,Wholesale,2012-08-01,36.1444,,,,WFP,Nairobi,-1.28,36.82,cereals and tubers
Potatoes (Irish),Nairobi,Wholesale,2012-10-01,51.1554,,,,WFP,Nairobi,-1.28,36.82,cereals and tubers
Potatoes (Irish),Nairobi,Wholesale,2012-11-01,48.3886,,,,WFP,Nairobi,-1.28,36.82,cereals and tubers
Potatoes (Irish),Nairobi,Wholesale,2012-12-01,37.5554,,,,WFP,Nairobi,-1.28,36.82,cereals and tubers
Potatoes (Irish),Nairobi,Wholesale,2013-01-01,39.3554,,,,WFP,Nairobi,-1.28,36.82,cereals and tubers
Potatoes (Irish),Nairobi,Wholesale,2013-02-01,31.9998,,,,WFP,Nairobi,-1.28,36.82,cereals and tubers
Potatoes (Irish),Nairobi,Wholesale,2013-03-01,37.7332,,,,WFP,Nairobi,-1.28,36.82,cereals and tubers
Potatoes (Irish),Nairobi,Wholesale,2013-04-01,34.6442,,,,WFP,Nairobi,-1.28,36.82,cereals and tubers
Potatoes (Irish),Nairobi,Wholesale,2013-05-01,38.3664,,,,WFP,Nairobi,-1.28,36.82,cereals and tubers
Potatoes (Irish),Nairobi,Wholesale,2013-06-01,41.2222,,,,WFP,Nairobi,-1.28,36.82,cereals and tubers
Potatoes (Irish),Nairobi,Wholesale,2013-07-01,33.6444,,,,WFP,Nairobi,-1.28,36.82,cereals and tubers
Potatoes (Irish),Nairobi,Wholesale,2013-08-01,36.833200000000005,,,,WFP,Nairobi,-1.28,36.82,cereals and tubers
Potatoes (Irish),Nairobi,Wholesale,2013-09-01,38.1664,,,,WFP,Nairobi,-1.28,36.82,cereals and tubers
Potatoes (Irish),Nairobi,Wholesale,2013-10-01,36.4554,,,,WFP,Nairobi,-1.28,36.82,cereals and tubers
Potatoes (Irish),Nairobi,Wholesale,2013-11-01,36.2222,,,,WFP,Nairobi,-1.28,36.82,cereals and tubers
Potatoes (Irish),Nairobi,Wholesale,2013-12-01,38.7,,,,WFP,Nairobi,-1.28,36.82,cereals and tubers
Potatoes (Irish),Nairobi,Wholesale,2014-01-01,32.711,,,,WFP,Nairobi,-1.28,36.82,cereals and tubers
Potatoes (Irish),Nairobi,Wholesale,2014-02-01,33.677600000000005,,,,WFP,Nairobi,-1.28,36.82,cereals and tubers
Potatoes (Irish),Nairobi,Wholesale,2014-03-01,35.6388,,,,WFP,Nairobi,-1.28,36.82,cereals and tubers
Potatoes (Irish),Nairobi,Wholesale,2014-04-01,40.222,,,,WFP,Nairobi,-1.28,36.82,cereals and tubers
Potatoes (Irish),Nairobi,Wholesale,2014-05-01,44.1222,,,,WFP,Nairobi,-1.28,36.82,cereals and tubers
Potatoes (Irish),Nairobi,Wholesale,2014-06-01,37.2888,,,,WFP,Nairobi,-1.28,36.82,cereals and tubers
Potatoes (Irish),Nairobi,Wholesale,2014-07-01,34.5394,,,,WFP,Nairobi,-1.28,36.82,cereals and tubers
Potatoes (Irish),Nairobi,Wholesale,2014-08-01,30.902600000000003,,,,WFP,Nairobi,-1.28,36.82,cereals and tubers
Potatoes (Irish),Nairobi,Wholesale,2014-09-01,31.0666,,,,WFP,Nairobi,-1.28,36.82,cereals and tubers
Potatoes (Irish),Nairobi,Wholesale,2014-10-01,33.2776,,,,WFP,Nairobi,-1.28,36.82,cereals and tubers
Potatoes (Irish),Nairobi,Wholesale,2014-11-01,38.9074,,,,WFP,Nairobi,-1.28,36.82,cereals and tubers
Potatoes (Irish),Nairobi,Wholesale,2014-12-01,31.619,,,,WFP,Nairobi,-1.28,36.82,cereals and tubers
Potatoes (Irish),Nairobi,Wholesale,2015-01-01,34.2888,,,,WFP,Nairobi,-1.28,36.82,cereals and tubers
Potatoes (Irish),Nairobi,Wholesale,2015-02-01,34.4442,,,,WFP,Nairobi,-1.28,36.82,cereals and tubers
Potatoes (Irish),Nairobi,Wholesale,2015-03-01,28.5368,,,,WFP,Nairobi,-1.28,36.82,cereals and tubers
Potatoes (Irish),Nairobi,Wholesale,2015-04-01,28.4816,,,,WFP,Nairobi,-1.28,36.82,cereals and tubers
Potatoes (Irish),Nairobi,Wholesale,2015-05-01,29.1272,,,,WFP,Nairobi,-1.28,36.82,cereals and tubers
Potatoes (Irish),Nairobi,Wholesale,2015-06-01,23.3,,,,WFP,Nairobi,-1.28,36.82,cereals and tubers
Potatoes (Irish),Nairobi,Wholesale,2015-07-01,13.7876,,,,WFP,Nairobi,-1.28,36.82,cereals and tubers
Potatoes (Irish),Nairobi,Wholesale,2015-08-01,34.0,,,,WFP,Nairobi,-1.28,36.82,cereals and tubers
Potatoes (Irish),Nairobi,Wholesale,2015-09-01,48.4,,,,WFP,Nairobi,-1.28,36.82,cereals and tubers
Potatoes (Irish),Nairobi,Wholesale,2015-10-01,54.64,,,,WFP,Nairobi,-1.28,36.82,cereals and tubers
Potatoes (Irish),Nairobi,Wholesale,2015-11-01,58.6,,,,WFP,Nairobi,-1.28,36.82,cereals and tubers
Potatoes (Irish),Nairobi,Wholesale,2015-12-01,44.86,,,,WFP,Nairobi,-1.28,36.82,cereals and tubers
Potatoes (Irish),Nairobi,Wholesale,2016-01-01,40.9,,,,WFP,Nairobi,-1.28,36.82,cereals and tubers
Potatoes (Irish),Nairobi,Wholesale,2016-02-01,41.3,,,,WFP,Nairobi,-1.28,36.82,cereals and tubers
Potatoes (Irish),Nairobi,Wholesale,2016-03-01,49.2,,,,WFP,Nairobi,-1.28,36.82,cereals and tubers
Potatoes (Irish),Nairobi,Wholesale,2016-04-01,54.6,,,,WFP,Nairobi,-1.28,36.82,cereals and tubers
Potatoes (Irish),Nairobi,Wholesale,2016-05-01,56.7,,,,WFP,Nairobi,-1.28,36.82,cereals and tubers
Potatoes (Irish),Nairobi,Wholesale,2016-06-01,52.7,,,,WFP,Nairobi,-1.28,36.82,cereals and tubers
Potatoes (Irish),Nairobi,Wholesale,2016-07-01,51.0562,,,,WFP,Nairobi,-1.28,36.82,cereals and tubers
Potatoes (Irish),Nairobi,Wholesale,2016-08-01,49.4666,,,,WFP,Nairobi,-1.28,36.82,cereals and tubers
Potatoes (Irish),Nairobi,Wholesale,2016-09-01,54.64,,,,WFP,Nairobi,-1.28,36.82,cereals and tubers
Potatoes (Irish),Nairobi,Wholesale,2016-10-01,59.3,,,,WFP,Nairobi,-1.28,36.82,cereals and tubers
Potatoes (Irish),Nairobi,Wholesale,2016-11-01,54.8,,,,WFP,Nairobi,-1.28,36.82,cereals and tubers
Potatoes (Irish),Nairobi,Wholesale,2016-12-01,51.78,,,,WFP,Nairobi,-1.28,36.82,cereals and tubers
Potatoes (Irish),Nairobi,Wholesale,2017-01-01,56.06,,,,WFP,Nairobi,-1.28,36.82,cereals and tubers
Potatoes (Irish),Nairobi,Wholesale,2017-02-01,57.875,,,,WFP,Nairobi,-1.28,36.82,cereals and tubers
Potatoes (Irish),Nairobi,Wholesale,2017-03-01,57.44,,,,WFP,Nairobi,-1.28,36.82,cereals and tubers
Potatoes (Irish),Nairobi,Wholesale,2017-04-01,63.45,,,,WFP,Nairobi,-1.28,36.82,cereals and tubers
Potatoes (Irish),Nairobi,Wholesale,2017-05-01,59.72,,,,WFP,Nairobi,-1.28,36.82,cereals and tubers
Potatoes (Irish),Nairobi,Wholesale,2017-06-01,53.48,,,,WFP,Nairobi,-1.28,36.82,cereals and tubers
Potatoes (Irish),Nairobi,Wholesale,2017-07-01,37.5,,,,WFP,Nairobi,-1.28,36.82,cereals and tubers
Potatoes (Irish),Nairobi,Wholesale,2017-08-01,34.72,,,,WFP,Nairobi,-1.28,36.82,cereals and tubers
Potatoes (Irish),Nairobi,Wholesale,2017-09-01,40.0,,,,WFP,Nairobi,-1.28,36.82,cereals and tubers
Potatoes (Irish),Nairobi,Wholesale,2017-10-01,38.3,,,,WFP,Nairobi,-1.28,36.82,cereals and tubers
Potatoes (Irish),Nairobi,Wholesale,2017-11-01,35.76,,,,WFP,Nairobi,-1.28,36.82,cereals and tubers
Potatoes (Irish),Nairobi,Wholesale,2017-12-01,34.6334,,,,WFP,Nairobi,-1.28,36.82,cereals and tubers
Potatoes (Irish),Nairobi,Wholesale,2018-01-01,38.88,,,,WFP,Nairobi,-1.28,36.82,cereals and tubers
Potatoes (Irish),Nairobi,Wholesale,2018-02-01,42.6,,,,WFP,Nairobi,-1.28,36.82,cereals and tubers
Potatoes (Irish),Nairobi,Wholesale,2018-03-01,41.75,,,,WFP,Nairobi,-1.28,36.82,cereals and tubers
Potatoes (Irish),Nairobi,Wholesale,2018-04-01,42.55,,,,WFP,Nairobi,-1.28,36.82,cereals and tubers
Potatoes (Irish),Nairobi,Wholesale,2018-05-01,50.52,,,,WFP,Nairobi,-1.28,36.82,cereals and tubers
Potatoes (Irish),Nairobi,Wholesale,2018-06-01,41.0,,,,WFP,Nairobi,-1.28,36.82,cereals and tubers
Potatoes (Irish),Nairobi,Wholesale,2018-07-01,42.35,,,,WFP,Nairobi,-1.28,36.82,cereals and tubers
Potatoes (Irish),Nairobi,Wholesale,2018-08-01,55.74,,,,WFP,Nairobi,-1.28,36.82,cereals and tubers
Potatoes (Irish),Nairobi,Wholesale,2018-09-01,60.0,,,,WFP,Nairobi,-1.28,36.82,cereals and tubers
Potatoes (Irish),Nairobi,Wholesale,2018-10-01,53.375,,,,WFP,Nairobi,-1.28,36.82,cereals and tubers
Potatoes (Irish),Nairobi,Wholesale,2018-11-01,54.5,,,,WFP,Nairobi,-1.28,36.82,cereals and tubers
Potatoes (Irish),Nairobi,Wholesale,2018-12-01,49.0,,,,WFP,Nairobi,-1.28,36.82,cereals and tubers
Potatoes (Irish),Nairobi,Wholesale,2019-01-01,47.38,,,,WFP,Nairobi,-1.28,36.82,cereals and tubers
Potatoes (Irish),Nairobi,Wholesale,2019-02-01,41.44,,,,WFP,Nairobi,-1.28,36.82,cereals and tubers
Potatoes (Irish),Nairobi,Wholesale,2019-03-01,45.05,,,,WFP,Nairobi,-1.28,36.82,cereals and tubers
Potatoes (Irish),Nairobi,Wholesale,2019-04-01,51.5,,,,WFP,Nairobi,-1.28,36.82,cereals and tubers
Potatoes (Irish),Nairobi,Wholesale,2019-05-01,76.8,,,,WFP,Nairobi,-1.28,36.82,cereals and tubers
Potatoes (Irish),Nairobi,Wholesale,2019-06-01,55.92,,,,WFP,Nairobi,-1.28,36.82,cereals and tubers
Potatoes (Irish),Nairobi,Wholesale,2019-07-01,50.56,,,,WFP,Nairobi,-1.28,36.82,cereals and tubers
Potatoes (Irish),Nairobi,Wholesale,2019-08-01,30.4,,,,WFP,Nairobi,-1.28,36.82,cereals and tubers
Potatoes (Irish),Nairobi,Wholesale,2019-09-01,37.8,,,,WFP,Nairobi,-1.28,36.82,cereals and tubers
Potatoes (Irish),Nairobi,Wholesale,2019-10-01,50.0,,,,FEWS+WFP,Nairobi,-1.28,36.82,cereals and tubers
Potatoes (Irish),Nairobi,Wholesale,2019-11-01,56.4,,,,FEWS+WFP,Nairobi,-1.28,36.82,cereals and tubers
Potatoes (Irish),Nairobi,Wholesale,2019-12-01,41.6,,,,FEWS+WFP,Nairobi,-1.28,36.82,cereals and tubers
Potatoes (Irish),Nairobi,Wholesale,2020-01-01,44.8,,,,FEWS+WFP,Nairobi,-1.28,36.82,cereals and tubers
Potatoes (Irish),Nairobi,Wholesale,2020-02-01,46.0,,,,FEWS+WFP,Nairobi,-1.28,36.82,cereals and tubers
Potatoes (Irish),Nairobi,Wholesale,2020-03-01,54.6666333333,,,,FEWS+WFP,Nairobi,-1.28,36.82,cereals and tubers
Potatoes (Irish),Nairobi,Wholesale,2020-04-01,54.6666666666,,,,FEWS,Nairobi,-1.28,36.82,cereals and tubers
Potatoes (Irish),Nairobi,Wholesale,2020-06-01,59.04,,,,FEWS,Nairobi,-1.28,36.82,cereals and tubers
Potatoes (Irish),Nairobi,Wholesale,2020-08-01,58.0,,,,FEWS,Nairobi,-1.28,36.82,cereals and tubers
Potatoes (Irish),Nairobi,Wholesale,2020-09-01,58.0,,,,FEWS,Nairobi,-1.28,36.82,cereals and tubers
Potatoes (Irish),Nairobi,Wholesale,2020-10-01,58.0,,,,FEWS,Nairobi,-1.28,36.82,cereals and tubers
Potatoes (Irish),Nairobi,Wholesale,2020-11-01,60.4,,,,FEWS,Nairobi,-1.28,36.82,cereals and tubers
Potatoes (Irish),Nairobi,Wholesale,2020-12-01,53.7333333334,,,,FEWS,Nairobi,-1.28,36.82,cereals and tubers
Potatoes (Irish),Nairobi,Wholesale,2021-01-01,39.275,,,,FEWS,Nairobi,-1.28,36.82,cereals and tubers
Potatoes (Irish),Nairobi,Wholesale,2021-02-01,34.0,,,,FEWS,Nairobi,-1.28,36.82,cereals and tubers
Potatoes (Irish),Nairobi,Wholesale,2021-03-01,36.0,,,,FEWS,Nairobi,-1.28,36.82,cereals and tubers
Potatoes (Irish),Nairobi,Wholesale,2021-04-01,31.2,,,,FEWS,Nairobi,-1.28,36.82,cereals and tubers
Potatoes (Irish),Nairobi,Wholesale,2021-05-01,38.76,,,,FEWS,Nairobi,-1.28,36.82,cereals and tubers
Potatoes (Irish),Nairobi,Wholesale,2021-06-01,51.9,,,,FEWS,Nairobi,-1.28,36.82,cereals and tubers
Potatoes (Irish),Nairobi,Wholesale,2021-07-01,28.8,,,,FEWS,Nairobi,-1.28,36.82,cereals and tubers
Potatoes (Irish),Nairobi,Wholesale,2021-08-01,22.0,,,,FEWS,Nairobi,-1.28,36.82,cereals and tubers
Potatoes (Irish),Nairobi,Wholesale,2021-09-01,18.0,,,,FEWS,Nairobi,-1.28,36.82,cereals and tubers
Potatoes (Irish),Nairobi,Wholesale,2021-10-01,50.125,,,,FEWS,Nairobi,-1.28,36.82,cereals and tubers
Potatoes (Irish),Nairobi,Wholesale,2021-12-01,39.5666666666,,,,FEWS,Nairobi,-1.28,36.82,cereals and tubers
Potatoes (Irish),Nairobi,Wholesale,2022-01-01,44.333333499999995,,,,KAMIS,Nairobi,-1.28,36.82,cereals and tubers
Potatoes (Irish),Nairobi,Wholesale,2022-02-01,40.305,,,,KAMIS,Nairobi,-1.28,36.82,cereals and tubers
Potatoes (Irish),Nairobi,Wholesale,2022-03-01,40.1,,,,KAMIS,Nairobi,-1.28,36.82,cereals and tubers
Potatoes (Irish),Nairobi,Wholesale,2022-04-01,41.777778,,,,KAMIS,Nairobi,-1.28,36.82,cereals and tubers
Potatoes (Irish),Nairobi,Wholesale,2022-05-01,50.0,,,,KAMIS,Nairobi,-1.28,36.82,cereals and tubers
Potatoes (Irish),Nairobi,Wholesale,2022-06-01,50.285714,,,,KAMIS,Nairobi,-1.28,36.82,cereals and tubers
Potatoes (Irish),Nairobi,Wholesale,2022-07-01,52.8,,,,KAMIS,Nairobi,-1.28,36.82,cereals and tubers
Potatoes (Irish),Nairobi,Wholesale,2022-08-01,42.727273,,,,KAMIS,Nairobi,-1.28,36.82,cereals and tubers
Potatoes (Irish),Nairobi,Wholesale,2022-09-01,45.846154,,,,KAMIS,Nairobi,-1.28,36.82,cereals and tubers
Potatoes (Irish),Nairobi,Wholesale,2022-10-01,52.885333,,,,KAMIS,Nairobi,-1.28,36.82,cereals and tubers
Potatoes (Irish),Nairobi,Wholesale,2022-11-01,41.730768999999995,,,,KAMIS,Nairobi,-1.28,36.82,cereals and tubers
Potatoes (Irish),Nairobi,Wholesale,2022-12-01,40.0,,,,KAMIS,Nairobi,-1.28,36.82,cereals and tubers
Potatoes (Irish),Nairobi,Wholesale,2023-01-01,51.382352999999995,,,,KAMIS,Nairobi,-1.28,36.82,cereals and tubers
Potatoes (Irish),Nairobi,Wholesale,2023-02-01,69.3125,,,,KAMIS,Nairobi,-1.28,36.82,cereals and tubers
Potatoes (Irish),Nairobi,Wholesale,2023-03-01,59.8786365,,,,KAMIS,Nairobi,-1.28,36.82,cereals and tubers
Potatoes (Irish),Nairobi,Wholesale,2023-04-01,56.555556,,,,KAMIS,Nairobi,-1.28,36.82,cereals and tubers
Potatoes (Irish),Nairobi,Wholesale,2023-05-01,93.730714,,,,KAMIS,Nairobi,-1.28,36.82,cereals and tubers
Potatoes (Irish),Nairobi,Wholesale,2023-06-01,88.7752,,,,KAMIS,Nairobi,-1.28,36.82,cereals and tubers
Potatoes (Irish),Nairobi,Wholesale,2023-07-01,61.390294,,,,KAMIS,Nairobi,-1.28,36.82,cereals and tubers
Potatoes (Irish),Nairobi,Wholesale,2023-08-01,66.573662,,,,KAMIS,Nairobi,-1.28,36.82,cereals and tubers
Potatoes (Irish),Nairobi,Wholesale,2023-09-01,73.100048,,,,KAMIS,Nairobi,-1.28,36.82,cereals and tubers
Potatoes (Irish),Nairobi,Wholesale,2023-10-01,131.84070499999999,,,,KAMIS,Nairobi,-1.28,36.82,cereals and tubers
Potatoes (Irish),Nairobi,Wholesale,2023-11-01,92.5721155,,,,KAMIS,Nairobi,-1.28,36.82,cereals and tubers
Potatoes (Irish),Nairobi,Wholesale,2023-12-01,92.777778,,,,KAMIS,Nairobi,-1.28,36.82,cereals and tubers
Potatoes (Irish),Nairobi,Wholesale,2024-01-01,83.27289350000001,,,,KAMIS,Nairobi,-1.28,36.82,cereals and tubers
Potatoes (Irish),Nairobi,Wholesale,2024-02-01,81.027778,,,,KAMIS,Nairobi,-1.28,36.82,cereals and tubers
Potatoes (Irish),Nairobi,Wholesale,2024-03-01,84.0,,,,KAMIS,Nairobi,-1.28,36.82,cereals and tubers
Potatoes (Irish),Nairobi,Wholesale,2024-04-01,78.179348,,,,KAMIS,Nairobi,-1.28,36.82,cereals and tubers
Potatoes (Irish),Nairobi,Wholesale,2024-05-01,66.505435,,,,KAMIS,Nairobi,-1.28,36.82,cereals and tubers
Potatoes (Irish),Nairobi,Wholesale,2024-06-01,58.6479785,,,,KAMIS,Nairobi,-1.28,36.82,cereals and tubers
Potatoes (Irish),Nairobi,Wholesale,2024-07-01,54.7177905,,,,KAMIS,Nairobi,-1.28,36.82,cereals and tubers
Potatoes (Irish),Nairobi,Wholesale,2024-08-01,60.144483,,,,KAMIS,Nairobi,-1.28,36.82,cereals and tubers
Potatoes (Irish),Nairobi,Wholesale,2024-09-01,61.806250000000006,,,,KAMIS,Nairobi,-1.28,36.82,cereals and tubers
Potatoes (Irish),Nairobi,Wholesale,2024-10-01,45.926667,,,,KAMIS,Nairobi,-1.28,36.82,cereals and tubers
Potatoes (Irish),Nairobi,Wholesale,2024-11-01,75.0,,,,KAMIS,Nairobi,-1.28,36.82,cereals and tubers
Potatoes (Irish),Nairobi,Wholesale,2025-05-01,44.213333,,,,KAMIS,Nairobi,-1.28,36.82,cereals and tubers
Potatoes (Irish),Nairobi,Wholesale,2025-06-01,39.78,,,,KAMIS,Nairobi,-1.28,36.82,cereals and tubers
Potatoes (Irish),Nairobi,Wholesale,2025-08-01,50.0,,,,KAMIS,Nairobi,-1.28,36.82,cereals and tubers
Potatoes (Irish),Nairobi,Wholesale,2025-10-01,52.5,,,,KAMIS,Nairobi,-1.28,36.82,cereals and tubers
Potatoes (Irish),Nairobi,Wholesale,2026-08-01,40.0,,,,KAMIS,Nairobi,-1.28,36.82,cereals and tubers
Potatoes (Irish),Nairobi,Wholesale,2026-09-01,50.0,,,,KAMIS,Nairobi,-1.28,36.82,cereals and tubers
Potatoes (Irish),Nakuru,Wholesale,2015-01-01,26.4888,,,,WFP,Rift Valley,-0.28,36.07,cereals and tubers
Potatoes (Irish),Nakuru,Wholesale,2015-02-01,27.777600000000003,,,,WFP,Rift Valley,-0.28,36.07,cereals and tubers
Potatoes (Irish),Nakuru,Wholesale,2015-03-01,28.827,,,,WFP,Rift Valley,-0.28,36.07,cereals and tubers
Potatoes (Irish),Nakuru,Wholesale,2015-04-01,45.45439999999999,,,,WFP,Rift Valley,-0.28,36.07,cereals and tubers
Potatoes (Irish),Nakuru,Wholesale,2015-05-01,36.9726,,,,WFP,Rift Valley,-0.28,36.07,cereals and tubers
Potatoes (Irish),Nakuru,Wholesale,2015-06-01,23.6362,,,,WFP,Rift Valley,-0.28,36.07,cereals and tubers
Potatoes (Irish),Nakuru,Wholesale,2015-07-01,16.363599999999998,,,,WFP,Rift Valley,-0.28,36.07,cereals and tubers
Potatoes (Irish),Nakuru,Wholesale,2015-08-01,32.0,,,,WFP,Rift Valley,-0.28,36.07,cereals and tubers
Potatoes (Irish),Nakuru,Wholesale,2015-09-01,52.0,,,,WFP,Rift Valley,-0.28,36.07,cereals and tubers
Potatoes (Irish),Nakuru,Wholesale,2015-10-01,76.0,,,,WFP,Rift Valley,-0.28,36.07,cereals and tubers
Potatoes (Irish),Nakuru,Wholesale,2015-11-01,92.0,,,,WFP,Rift Valley,-0.28,36.07,cereals and tubers
Potatoes (Irish),Nakuru,Wholesale,2015-12-01,63.6,,,,WFP,Rift Valley,-0.28,36.07,cereals and tubers
Potatoes (Irish),Nakuru,Wholesale,2016-01-01,62.14,,,,WFP,Rift Valley,-0.28,36.07,cereals and tubers
Potatoes (Irish),Nakuru,Wholesale,2016-02-01,66.7,,,,WFP,Rift Valley,-0.28,36.07,cereals and tubers
Potatoes (Irish),Nakuru,Wholesale,2016-03-01,86.75,,,,WFP,Rift Valley,-0.28,36.07,cereals and tubers
Potatoes (Irish),Nakuru,Wholesale,2016-05-01,82.0,,,,WFP,Rift Valley,-0.28,36.07,cereals and tubers
Potatoes (Irish),Nakuru,Wholesale,2016-06-01,84.0,,,,WFP,Rift Valley,-0.28,36.07,cereals and tubers
Potatoes (Irish),Nakuru,Wholesale,2016-07-01,74.75,,,,WFP,Rift Valley,-0.28,36.07,cereals and tubers
Potatoes (Irish),Nakuru,Wholesale,2016-08-01,56.56,,,,WFP,Rift Valley,-0.28,36.07,cereals and tubers
Potatoes (Irish),Nakuru,Wholesale,2016-09-01,70.0,,,,WFP,Rift Valley,-0.28,36.07,cereals and tubers
Potatoes (Irish),Nakuru,Wholesale,2016-10-01,67.0,,,,WFP,Rift Valley,-0.28,36.07,cereals and tubers
Potatoes (Irish),Nakuru,Wholesale,2016-11-01,70.0,,,,WFP,Rift Valley,-0.28,36.07,cereals and tubers
Potatoes (Irish),Nakuru,Wholesale,2016-12-01,63.0,,,,WFP,Rift Valley,-0.28,36.07,cereals and tubers
Potatoes (Irish),Nakuru,Wholesale,2017-01-01,67.12,,,,WFP,Rift Valley,-0.28,36.07,cereals and tubers
Potatoes (Irish),Nakuru,Wholesale,2017-02-01,70.0,,,,WFP,Rift Valley,-0.28,36.07,cereals and tubers
Potatoes (Irish),Nakuru,Wholesale,2017-03-01,67.6,,,,WFP,Rift Valley,-0.28,36.07,cereals and tubers
Potatoes (Irish),Nakuru,Wholesale,2017-04-01,53.7,,,,WFP,Rift Valley,-0.28,36.07,cereals and tubers
Potatoes (Irish),Nakuru,Wholesale,2017-05-01,53.0,,,,WFP,Rift Valley,-0.28,36.07,cereals and tubers
Potatoes (Irish),Nakuru,Wholesale,2017-06-01,48.4,,,,WFP,Rift Valley,-0.28,36.07,cereals and tubers
Potatoes (Irish),Nakuru,Wholesale,2017-07-01,32.1,,,,WFP,Rift Valley,-0.28,36.07,cereals and tubers
Potatoes (Irish),Nakuru,Wholesale,2017-08-01,34.8,,,,WFP,Rift Valley,-0.28,36.07,cereals and tubers
Potatoes (Irish),Nakuru,Wholesale,2017-09-01,29.44,,,,WFP,Rift Valley,-0.28,36.07,cereals and tubers
Potatoes (Irish),Nakuru,Wholesale,2017-10-01,38.7,,,,WFP,Rift Valley,-0.28,36.07,cereals and tubers
Potatoes (Irish),Nakuru,Wholesale,2017-11-01,38.36,,,,WFP,Rift Valley,-0.28,36.07,cereals and tubers
Potatoes (Irish),Nakuru,Wholesale,2017-12-01,43.1,,,,WFP,Rift Valley,-0.28,36.07,cereals and tubers
Potatoes (Irish),Nakuru,Wholesale,2018-01-01,50.0,,,,WFP,Rift Valley,-0.28,36.07,cereals and tubers
Potatoes (Irish),Nakuru,Wholesale,2018-02-01,50.8,,,,WFP,Rift Valley,-0.28,36.07,cereals and tubers
Potatoes (Irish),Nakuru,Wholesale,2018-03-01,51.8,,,,WFP,Rift Valley,-0.28,36.07,cereals and tubers
Potatoes (Irish),Nakuru,Wholesale,2018-04-01,62.625,,,,WFP,Rift Valley,-0.28,36.07,cereals and tubers
Potatoes (Irish),Nakuru,Wholesale,2018-05-01,52.22,,,,WFP,Rift Valley,-0.28,36.07,cereals and tubers
Potatoes (Irish),Nakuru,Wholesale,2018-06-01,50.5,,,,WFP,Rift Valley,-0.28,36.07,cereals and tubers
Potatoes (Irish),Nakuru,Wholesale,2018-07-01,57.7,,,,WFP,Rift Valley,-0.28,36.07,cereals and tubers
Potatoes (Irish),Nakuru,Wholesale,2018-08-01,73.68,,,,WFP,Rift Valley,-0.28,36.07,cereals and tubers
Potatoes (Irish),Nakuru,Wholesale,2018-09-01,80.0,,,,WFP,Rift Valley,-0.28,36.07,cereals and tubers
Potatoes (Irish),Nakuru,Wholesale,2018-10-01,72.0,,,,WFP,Rift Valley,-0.28,36.07,cereals and tubers
Potatoes (Irish),Nakuru,Wholesale,2018-11-01,52.5,,,,WFP,Rift Valley,-0.28,36.07,cereals and tubers
Potatoes (Irish),Nakuru,Wholesale,2018-12-01,40.0,,,,WFP,Rift Valley,-0.28,36.07,cereals and tubers
Potatoes (Irish),Nakuru,Wholesale,2019-01-01,40.0,,,,WFP,Rift Valley,-0.28,36.07,cereals and tubers
Potatoes (Irish),Nakuru,Wholesale,2019-02-01,40.0,,,,WFP,Rift Valley,-0.28,36.07,cereals and tubers
Potatoes (Irish),Nakuru,Wholesale,2019-03-01,49.36,,,,WFP,Rift Valley,-0.28,36.07,cereals and tubers
Potatoes (Irish),Nakuru,Wholesale,2019-04-01,58.75,,,,WFP,Rift Valley,-0.28,36.07,cereals and tubers
Potatoes (Irish),Nakuru,Wholesale,2019-05-01,81.2,,,,WFP,Rift Valley,-0.28,36.07,cereals and tubers
Potatoes (Irish),Nakuru,Wholesale,2019-06-01,64.0,,,,WFP,Rift Valley,-0.28,36.07,cereals and tubers
Potatoes (Irish),Nakuru,Wholesale,2019-07-01,39.44,,,,WFP,Rift Valley,-0.28,36.07,cereals and tubers
Potatoes (Irish),Nakuru,Wholesale,2019-08-01,28.8,,,,WFP,Rift Valley,-0.28,36.07,cereals and tubers
Potatoes (Irish),Nakuru,Wholesale,2019-09-01,30.2,,,,WFP,Rift Valley,-0.28,36.07,cereals and tubers
Potatoes (Irish),Nakuru,Wholesale,2019-10-01,37.04,,,,WFP,Rift Valley,-0.28,36.07,cereals and tubers
Potatoes (Irish),Nakuru,Wholesale,2019-11-01,54.9,,,,WFP,Rift Valley,-0.28,36.07,cereals and tubers
Potatoes (Irish),Nakuru,Wholesale,2019-12-01,52.95,,,,WFP,Rift Valley,-0.28,36.07,cereals and tubers
Potatoes (Irish),Nakuru,Wholesale,2020-01-01,50.0,,,,WFP,Rift Valley,-0.28,36.07,cereals and tubers
Potatoes (Irish),Nakuru,Wholesale,2020-02-01,50.0,,,,WFP,Rift Valley,-0.28,36.07,cereals and tubers
Potatoes (Irish),Nakuru,Wholesale,2020-03-01,52.5,,,,WFP,Rift Valley,-0.28,36.07,cereals and tubers
Potatoes (Irish),Nakuru,Wholesale,2022-01-01,55.4,,,,KAMIS,Rift Valley,-0.28,36.07,cereals and tubers
Potatoes (Irish),Nakuru,Wholesale,2022-02-01,52.0,,,,KAMIS,Rift Valley,-0.28,36.07,cereals and tubers
Potatoes (Irish),Nakuru,Wholesale,2022-03-01,52.96963,,,,KAMIS,Rift Valley,-0.28,36.07,cereals and tubers
Potatoes (Irish),Nakuru,Wholesale,2022-04-01,79.285714,,,,KAMIS,Rift Valley,-0.28,36.07,cereals and tubers
Potatoes (Irish),Nakuru,Wholesale,2022-05-01,77.0,,,,KAMIS,Rift Valley,-0.28,36.07,cereals and tubers
Potatoes (Irish),Nakuru,Wholesale,2022-06-01,64.0,,,,KAMIS,Rift Valley,-0.28,36.07,cereals and tubers
Potatoes (Irish),Nakuru,Wholesale,2022-07-01,44.8,,,,KAMIS,Rift Valley,-0.28,36.07,cereals and tubers
Potatoes (Irish),Nakuru,Wholesale,2022-08-01,50.125,,,,KAMIS,Rift Valley,-0.28,36.07,cereals and tubers
Potatoes (Irish),Nakuru,Wholesale,2022-09-01,63.294118,,,,KAMIS,Rift Valley,-0.28,36.07,cereals and tubers
Potatoes (Irish),Nakuru,Wholesale,2022-10-01,97.166667,,,,KAMIS,Rift Valley,-0.28,36.07,cereals and tubers
Potatoes (Irish),Nakuru,Wholesale,2022-11-01,99.733333,,,,KAMIS,Rift Valley,-0.28,36.07,cereals and tubers
Potatoes (Irish),Nakuru,Wholesale,2022-12-01,79.411765,,,,KAMIS,Rift Valley,-0.28,36.07,cereals and tubers
Potatoes (Irish),Nakuru,Wholesale,2023-01-01,86.769231,,,,KAMIS,Rift Valley,-0.28,36.07,cereals and tubers
Potatoes (Irish),Nakuru,Wholesale,2023-02-01,84.111111,,,,KAMIS,Rift Valley,-0.28,36.07,cereals and tubers
Potatoes (Irish),Nakuru,Wholesale,2023-03-01,108.761905,,,,KAMIS,Rift Valley,-0.28,36.07,cereals and tubers
Potatoes (Irish),Nakuru,Wholesale,2023-04-01,132.0714285,,,,KAMIS,Rift Valley,-0.28,36.07,cereals and tubers
Potatoes (Irish),Nakuru,Wholesale,2023-05-01,115.806452,,,,KAMIS,Rift Valley,-0.28,36.07,cereals and tubers
Potatoes (Irish),Nakuru,Wholesale,2023-06-01,94.475,,,,KAMIS,Rift Valley,-0.28,36.07,cereals and tubers
Potatoes (Irish),Nakuru,Wholesale,2023-07-01,52.333333,,,,KAMIS,Rift Valley,-0.28,36.07,cereals and tubers
Potatoes (Irish),Nakuru,Wholesale,2023-08-01,61.5151515,,,,KAMIS,Rift Valley,-0.28,36.07,cereals and tubers
Potatoes (Irish),Nakuru,Wholesale,2023-09-01,68.178161,,,,KAMIS,Rift Valley,-0.28,36.07,cereals and tubers
Potatoes (Irish),Nakuru,Wholesale,2023-10-01,72.5615385,,,,KAMIS,Rift Valley,-0.28,36.07,cereals and tubers
Potatoes (Irish),Nakuru,Wholesale,2023-11-01,60.9583335,,,,KAMIS,Rift Valley,-0.28,36.07,cereals and tubers
Potatoes (Irish),Nakuru,Wholesale,2023-12-01,63.9,,,,KAMIS,Rift Valley,-0.28,36.07,cereals and tubers
Potatoes (Irish),Nakuru,Wholesale,2024-01-01,37.2727275,,,,KAMIS,Rift Valley,-0.28,36.07,cereals and tubers
Potatoes (Irish),Nakuru,Wholesale,2024-02-01,41.25,,,,KAMIS,Rift Valley,-0.28,36.07,cereals and tubers
Potatoes (Irish),Nakuru,Wholesale,2024-03-01,52.277778,,,,KAMIS,Rift Valley,-0.28,36.07,cereals and tubers
Potatoes (Irish),Nakuru,Wholesale,2024-04-01,107.666667,,,,KAMIS,Rift Valley,-0.28,36.07,cereals and tubers
Potatoes (Irish),Nakuru,Wholesale,2024-05-01,95.333333,,,,KAMIS,Rift Valley,-0.28,36.07,cereals and tubers
Sorghum,Eldoret,Wholesale,2006-02-01,16.711111111111112,,,,WFP,Rift Valley,0.52,35.28,cereals and tubers
Sorghum,Eldoret,Wholesale,2006-03-01,12.397222222222222,,,,WFP,Rift Valley,0.52,35.28,cereals and tubers
Sorghum,Eldoret,Wholesale,2006-04-01,11.5,,,,WFP,Rift Valley,0.52,35.28,cereals and tubers
Sorghum,Eldoret,Wholesale,2006-05-01,11.462,,,,WFP,Rift Valley,0.52,35.28,cereals and tubers
Sorghum,Eldoret,Wholesale,2006-07-01,11.11111111111111,,,,WFP,Rift Valley,0.52,35.28,cereals and tubers
Sorghum,Eldoret,Wholesale,2006-08-01,10.27777777777778,,,,WFP,Rift Valley,0.52,35.28,cereals and tubers
Sorghum,Eldoret,Wholesale,2006-09-01,10.75,,,,WFP,Rift Valley,0.52,35.28,cereals and tubers
Sorghum,Eldoret,Wholesale,2006-10-01,11.333333333333334,,,,WFP,Rift Valley,0.52,35.28,cereals and tubers
Sorghum,Eldoret,Wholesale,2006-11-01,13.333333333333334,,,,WFP,Rift Valley,0.52,35.28,cereals and tubers
Sorghum,Eldoret,Wholesale,2006-12-01,15.555555555555555,,,,WFP,Rift Valley,0.52,35.28,cereals and tubers
Sorghum,Eldoret,Wholesale,2007-01-01,14.88888888888889,,,,WFP,Rift Valley,0.52,35.28,cereals and tubers
Sorghum,Eldoret,Wholesale,2007-03-01,13.425888888888888,,,,WFP,Rift Valley,0.52,35.28,cereals and tubers
Sorghum,Eldoret,Wholesale,2007-07-01,15.43911111111111,,,,WFP,Rift Valley,0.52,35.28,cereals and tubers
Sorghum,Eldoret,Wholesale,2007-09-01,20.63488888888889,,,,WFP,Rift Valley,0.52,35.28,cereals and tubers
Sorghum,Eldoret,Wholesale,2008-01-01,15.555555555555555,,,,WFP,Rift Valley,0.52,35.28,cereals and tubers
Sorghum,Eldoret,Wholesale,2008-02-01,16.666666666666668,,,,WFP,Rift Valley,0.52,35.28,cereals and tubers
Sorghum,Eldoret,Wholesale,2008-04-01,18.51855555555556,,,,WFP,Rift Valley,0.52,35.28,cereals and tubers
Sorghum,Eldoret,Wholesale,2008-06-01,19.30555555555556,,,,WFP,Rift Valley,0.52,35.28,cereals and tubers
Sorghum,Eldoret,Wholesale,2008-07-01,23.88888888888889,,,,WFP,Rift Valley,0.52,35.28,cereals and tubers
Sorghum,Eldoret,Wholesale,2008-08-01,16.666666666666668,,,,WFP,Rift Valley,0.52,35.28,cereals and tubers
Sorghum,Eldoret,Wholesale,2008-10-01,20.0,,,,WFP,Rift Valley,0.52,35.28,cereals and tubers
Sorghum,Eldoret,Wholesale,2008-11-01,17.77777777777778,,,,WFP,Rift Valley,0.52,35.28,cereals and tubers
Sorghum,Eldoret,Wholesale,2009-01-01,21.3,,,,WFP,Rift Valley,0.52,35.28,cereals and tubers
Sorghum,Eldoret,Wholesale,2009-04-01,27.433333333333334,,,,WFP,Rift Valley,0.52,35.28,cereals and tubers
Sorghum,Eldoret,Wholesale,2009-05-01,30.88888888888889,,,,WFP,Rift Valley,0.52,35.28,cereals and tubers
Sorghum,Eldoret,Wholesale,2009-06-01,32.36666666666667,,,,WFP,Rift Valley,0.52,35.28,cereals and tubers
Sorghum,Eldoret,Wholesale,2009-09-01,38.888888888888886,,,,WFP,Rift Valley,0.52,35.28,cereals and tubers
Sorghum,Eldoret,Wholesale,2009-12-01,44.44444444444444,,,,WFP,Rift Valley,0.52,35.28,cereals and tubers
Sorghum,Eldoret,Wholesale,2010-01-01,37.333333333333336,,,,WFP,Rift Valley,0.52,35.28,cereals and tubers
Sorghum,Eldoret,Wholesale,2010-03-01,40.94444444444444,,,,WFP,Rift Valley,0.52,35.28,cereals and tubers
Sorghum,Eldoret,Wholesale,2010-05-01,40.0,,,,WFP,Rift Valley,0.52,35.28,cereals and tubers
Sorghum,Eldoret,Wholesale,2010-06-01,41.833333333333336,,,,WFP,Rift Valley,0.52,35.28,cereals and tubers
Sorghum,Eldoret,Wholesale,2010-07-01,41.44444444444444,,,,WFP,Rift Valley,0.52,35.28,cereals and tubers
Sorghum,Eldoret,Wholesale,2010-09-01,52.58888888888889,,,,WFP,Rift Valley,0.52,35.28,cereals and tubers
Sorghum,Eldoret,Wholesale,2011-01-01,18.88888888888889,,,,WFP,Rift Valley,0.52,35.28,cereals and tubers
Sorghum,Eldoret,Wholesale,2011-02-01,20.0,,,,WFP,Rift Valley,0.52,35.28,cereals and tubers
Sorghum,Eldoret,Wholesale,2011-03-01,36.18888888888889,,,,WFP,Rift Valley,0.52,35.28,cereals and tubers
Sorghum,Eldoret,Wholesale,2011-04-01,29.5,,,,WFP,Rift Valley,0.52,35.28,cereals and tubers
Sorghum,Eldoret,Wholesale,2011-05-01,29.55555555555556,,,,WFP,Rift Valley,0.52,35.28,cereals and tubers
Sorghum,Eldoret,Wholesale,2011-06-01,60.0,,,,WFP,Rift Valley,0.52,35.28,cereals and tubers
Sorghum,Eldoret,Wholesale,2011-07-01,51.87777777777778,,,,WFP,Rift Valley,0.52,35.28,cereals and tubers
Sorghum,Eldoret,Wholesale,2011-09-01,26.666666666666668,,,,WFP,Rift Valley,0.52,35.28,cereals and tubers
Sorghum,Eldoret,Wholesale,2011-11-01,51.2,,,,WFP,Rift Valley,0.52,35.28,cereals and tubers
Sorghum,Eldoret,Wholesale,2012-01-01,40.0,,,,WFP,Rift Valley,0.52,35.28,cereals and tubers
Sorghum,Eldoret,Wholesale,2012-02-01,40.0,,,,WFP,Rift Valley,0.52,35.28,cereals and tubers
Sorghum,Eldoret,Wholesale,2012-03-01,40.0,,,,WFP,Rift Valley,0.52,35.28,cereals and tubers
Sorghum,Eldoret,Wholesale,2012-05-01,75.22222222222223,,,,WFP,Rift Valley,0.52,35.28,cereals and tubers
Sorghum,Eldoret,Wholesale,2012-07-01,41.25555555555555,,,,WFP,Rift Valley,0.52,35.28,cereals and tubers
Sorghum,Eldoret,Wholesale,2012-08-01,38.0,,,,WFP,Rift Valley,0.52,35.28,cereals and tubers
Sorghum,Eldoret,Wholesale,2012-11-01,43.7,,,,WFP,Rift Valley,0.52,35.28,cereals and tubers
Sorghum,Eldoret,Wholesale,2012-12-01,35.55555555555556,,,,WFP,Rift Valley,0.52,35.28,cereals and tubers
Sorghum,Eldoret,Wholesale,2013-01-01,35.55555555555556,,,,WFP,Rift Valley,0.52,35.28,cereals and tubers
Sorghum,Eldoret,Wholesale,2013-02-01,35.55555555555556,,,,WFP,Rift Valley,0.52,35.28,cereals and tubers
Sorghum,Eldoret,Wholesale,2013-05-01,51.2,,,,WFP,Rift Valley,0.52,35.28,cereals and tubers
Sorghum,Eldoret,Wholesale,2013-09-01,50.0,,,,WFP,Rift Valley,0.52,35.28,cereals and tubers
Sorghum,Eldoret,Wholesale,2013-11-01,79.94444444444444,,,,WFP,Rift Valley,0.52,35.28,cereals and tubers
Sorghum,Eldoret,Wholesale,2013-12-01,80.0,,,,WFP,Rift Valley,0.52,35.28,cereals and tubers
Sorghum,Eldoret,Wholesale,2014-01-01,80.0,,,,WFP,Rift Valley,0.52,35.28,cereals and tubers
Sorghum,Eldoret,Wholesale,2014-05-01,65.23333333333333,,,,WFP,Rift Valley,0.52,35.28,cereals and tubers
Sorghum,Eldoret,Wholesale,2014-06-01,75.0,,,,WFP,Rift Valley,0.52,35.28,cereals and tubers
Sorghum,Eldoret,Wholesale,2014-07-01,67.14288888888889,,,,WFP,Rift Valley,0.52,35.28,cereals and tubers
Sorghum,Eldoret,Wholesale,2014-08-01,64.25,,,,WFP,Rift Valley,0.52,35.28,cereals and tubers
Sorghum,Eldoret,Wholesale,2014-10-01,63.963,,,,WFP,Rift Valley,0.52,35.28,cereals and tubers
Sorghum,Eldoret,Wholesale,2014-11-01,51.333333333333336,,,,WFP,Rift Valley,0.52,35.28,cereals and tubers
Sorghum,Eldoret,Wholesale,2014-12-01,65.0,,,,WFP,Rift Valley,0.52,35.28,cereals and tubers
Sorghum,Eldoret,Wholesale,2015-01-01,64.83333333333333,,,,WFP,Rift Valley,0.52,35.28,cereals and tubers
Sorghum,Eldoret,Wholesale,2015-03-01,74.16666666666667,,,,WFP,Rift Valley,0.52,35.28,cereals and tubers
Sorghum,Eldoret,Wholesale,2015-04-01,53.333333333333336,,,,WFP,Rift Valley,0.52,35.28,cereals and tubers
Sorghum,Eldoret,Wholesale,2015-05-01,50.0,,,,WFP,Rift Valley,0.52,35.28,cereals and tubers
Sorghum,Eldoret,Wholesale,2015-11-01,50.0,,,,WFP,Rift Valley,0.52,35.28,cereals and tubers
Sorghum,Eldoret,Wholesale,2015-12-01,60.86666666666667,,,,WFP,Rift Valley,0.52,35.28,cereals and tubers
Sorghum,Eldoret,Wholesale,2016-01-01,65.0,,,,WFP,Rift Valley,0.52,35.28,cereals and tubers
Sorghum,Eldoret,Wholesale,2016-02-01,52.5,,,,WFP,Rift Valley,0.52,35.28,cereals and tubers
Sorghum,Eldoret,Wholesale,2016-05-01,55.0,,,,WFP,Rift Valley,0.52,35.28,cereals and tubers
Sorghum,Eldoret,Wholesale,2016-06-01,55.0,,,,WFP,Rift Valley,0.52,35.28,cereals and tubers
Sorghum,Eldoret,Wholesale,2016-07-01,55.0,,,,WFP,Rift Valley,0.52,35.28,cereals and tubers
Sorghum,Eldoret,Wholesale,2016-08-01,55.0,,,,WFP,Rift Valley,0.52,35.28,cereals and tubers
Sorghum,Eldoret,Wholesale,2016-09-01,55.0,,,,WFP,Rift Valley,0.52,35.28,cereals and tubers
Sorghum,Eldoret,Wholesale,2016-10-01,55.0,,,,WFP,Rift Valley,0.52,35.28,cereals and tubers
Sorghum,Eldoret,Wholesale,2016-11-01,55.0,,,,WFP,Rift Valley,0.52,35.28,cereals and tubers
Sorghum,Eldoret,Wholesale,2017-01-01,63.0,,,,WFP,Rift Valley,0.52,35.28,cereals and tubers
Sorghum,Eldoret,Wholesale,2017-03-01,75.0,,,,WFP,Rift Valley,0.52,35.28,cereals and tubers
Sorghum,Eldoret,Wholesale,2017-05-01,75.0,,,,WFP,Rift Valley,0.52,35.28,cereals and tubers
Sorghum,Eldoret,Wholesale,2017-08-01,70.0,,,,WFP,Rift Valley,0.52,35.28,cereals and tubers
Sorghum,Eldoret,Wholesale,2017-09-01,70.0,,,,WFP,Rift Valley,0.52,35.28,cereals and tubers
Sorghum,Eldoret,Wholesale,2017-10-01,81.56244444444444,,,,WFP,Rift Valley,0.52,35.28,cereals and tubers
Sorghum,Eldoret,Wholesale,2017-12-01,80.0,,,,WFP,Rift Valley,0.52,35.28,cereals and tubers
Sorghum,Eldoret,Wholesale,2018-01-01,78.4,,,,WFP,Rift Valley,0.52,35.28,cereals and tubers
Sorghum,Eldoret,Wholesale,2018-02-01,74.66666666666667,,,,WFP,Rift Valley,0.52,35.28,cereals and tubers
Sorghum,Eldoret,Wholesale,2018-05-01,69.0,,,,WFP,Rift Valley,0.52,35.28,cereals and tubers
Sorghum,Eldoret,Wholesale,2018-06-01,60.0,,,,WFP,Rift Valley,0.52,35.28,cereals and tubers
Sorghum,Eldoret,Wholesale,2018-10-01,65.0,,,,WFP,Rift Valley,0.52,35.28,cereals and tubers
Sorghum,Eldoret,Wholesale,2018-11-01,65.0,,,,WFP,Rift Valley,0.52,35.28,cereals and tubers
Sorghum,Eldoret,Wholesale,2018-12-01,69.33333333333333,,,,WFP,Rift Valley,0.52,35.28,cereals and tubers
Sorghum,Eldoret,Wholesale,2019-01-01,68.55555555555556,,,,WFP,Rift Valley,0.52,35.28,cereals and tubers
Sorghum,Eldoret,Wholesale,2019-02-01,54.0,,,,WFP,Rift Valley,0.52,35.28,cereals and tubers
Sorghum,Eldoret,Wholesale,2019-03-01,60.0,,,,WFP,Rift Valley,0.52,35.28,cereals and tubers
Sorghum,Eldoret,Wholesale,2019-05-01,60.0,,,,WFP,Rift Valley,0.52,35.28,cereals and tubers
Sorghum,Eldoret,Wholesale,2019-06-01,60.0,,,,WFP,Rift Valley,0.52,35.28,cereals and tubers
Sorghum,Eldoret,Wholesale,2019-07-01,60.0,,,,WFP,Rift Valley,0.52,35.28,cereals and tubers
Sorghum,Eldoret,Wholesale,2019-08-01,60.0,,,,WFP,Rift Valley,0.52,35.28,cereals and tubers
Sorghum,Eldoret,Wholesale,2019-09-01,60.0,,,,WFP,Rift Valley,0.52,35.28,cereals and tubers
Sorghum,Eldoret,Wholesale,2019-10-01,60.0,,,,FEWS,Rift Valley,0.52,35.28,cereals and tubers
Sorghum,Eldoret,Wholesale,2019-11-01,60.0,,,,FEWS,Rift Valley,0.52,35.28,cereals and tubers
Sorghum,Eldoret,Wholesale,2019-12-01,60.0,,,,FEWS+WFP,Rift Valley,0.52,35.28,cereals and tubers
Sorghum,Eldoret,Wholesale,2020-01-01,60.0,,,,FEWS+WFP,Rift Valley,0.52,35.28,cereals and tubers
Sorghum,Eldoret,Wholesale,2020-02-01,60.0,,,,FEWS,Rift Valley,0.52,35.28,cereals and tubers
Sorghum,Eldoret,Wholesale,2020-03-01,60.0,,,,FEWS+WFP,Rift Valley,0.52,35.28,cereals and tubers
Sorghum,Eldoret,Wholesale,2020-04-01,60.0,,,,FEWS,Rift Valley,0.52,35.28,cereals and tubers
Sorghum,Eldoret,Wholesale,2020-05-01,60.0,,,,FEWS,Rift Valley,0.52,35.28,cereals and tubers
Sorghum,Eldoret,Wholesale,2020-12-01,80.0,,,,FEWS,Rift Valley,0.52,35.28,cereals and tubers
Sorghum,Eldoret,Wholesale,2021-03-01,75.0,,,,FEWS,Rift Valley,0.52,35.28,cereals and tubers
Sorghum,Eldoret,Wholesale,2021-04-01,40.0,,,,FEWS,Rift Valley,0.52,35.28,cereals and tubers
Sorghum,Eldoret,Wholesale,2021-05-01,40.0,,,,FEWS,Rift Valley,0.52,35.28,cereals and tubers
Sorghum,Eldoret,Wholesale,2021-10-01,52.142855555555556,,,,FEWS,Rift Valley,0.52,35.28,cereals and tubers
Sorghum,Eldoret,Wholesale,2021-11-01,45.625,,,,FEWS,Rift Valley,0.52,35.28,cereals and tubers
Sorghum,Eldoret,Wholesale,2021-12-01,40.0,,,,FEWS,Rift Valley,0.52,35.28,cereals and tubers
Sorghum,Eldoret,Wholesale,2022-01-01,51.083333499999995,,,,KAMIS,Rift Valley,0.52,35.28,cereals and tubers
Sorghum,Eldoret,Wholesale,2022-02-01,80.0,,,,KAMIS,Rift Valley,0.52,35.28,cereals and tubers
Sorghum,Eldoret,Wholesale,2022-03-01,67.3,,,,KAMIS,Rift Valley,0.52,35.28,cereals and tubers
Sorghum,Eldoret,Wholesale,2022-04-01,68.333333,,,,KAMIS,Rift Valley,0.52,35.28,cereals and tubers
Sorghum,Eldoret,Wholesale,2022-05-01,73.630952,,,,KAMIS,Rift Valley,0.52,35.28,cereals and tubers
Sorghum,Eldoret,Wholesale,2022-06-01,70.83333350000001,,,,KAMIS,Rift Valley,0.52,35.28,cereals and tubers
Sorghum,Eldoret,Wholesale,2022-07-01,71.25,,,,KAMIS,Rift Valley,0.52,35.28,cereals and tubers
Sorghum,Eldoret,Wholesale,2022-08-01,65.125,,,,KAMIS,Rift Valley,0.52,35.28,cereals and tubers
Sorghum,Eldoret,Wholesale,2022-09-01,68.263158,,,,KAMIS,Rift Valley,0.52,35.28,cereals and tubers
Sorghum,Eldoret,Wholesale,2022-10-01,62.2,,,,KAMIS,Rift Valley,0.52,35.28,cereals and tubers
Sorghum,Eldoret,Wholesale,2022-11-01,89.6665,,,,KAMIS,Rift Valley,0.52,35.28,cereals and tubers
Sorghum,Eldoret,Wholesale,2022-12-01,125.7291665,,,,KAMIS,Rift Valley,0.52,35.28,cereals and tubers
Sorghum,Eldoret,Wholesale,2023-01-01,107.16666649999999,,,,KAMIS,Rift Valley,0.52,35.28,cereals and tubers
Sorghum,Eldoret,Wholesale,2023-02-01,88.59375,,,,KAMIS,Rift Valley,0.52,35.28,cereals and tubers
Sorghum,Eldoret,Wholesale,2023-03-01,85.0,,,,KAMIS,Rift Valley,0.52,35.28,cereals and tubers
Sorghum,Eldoret,Wholesale,2023-04-01,87.5,,,,KAMIS,Rift Valley,0.52,35.28,cereals and tubers
Sorghum,Eldoret,Wholesale,2023-05-01,84.75,,,,KAMIS,Rift Valley,0.52,35.28,cereals and tubers
Sorghum,Eldoret,Wholesale,2023-06-01,103.333333,,,,KAMIS,Rift Valley,0.52,35.28,cereals and tubers
Sorghum,Eldoret,Wholesale,2023-07-01,69.375,,,,KAMIS,Rift Valley,0.52,35.28,cereals and tubers
Sorghum,Eldoret,Wholesale,2023-08-01,96.666667,,,,KAMIS,Rift Valley,0.52,35.28,cereals and tubers
Sorghum,Eldoret,Wholesale,2023-09-01,91.25,,,,KAMIS,Rift Valley,0.52,35.28,cereals and tubers
Sorghum,Eldoret,Wholesale,2023-10-01,102.5,,,,KAMIS,Rift Valley,0.52,35.28,cereals and tubers
Sorghum,Eldoret,Wholesale,2023-11-01,100.0,,,,KAMIS,Rift Valley,0.52,35.28,cereals and tubers
Sorghum,Eldoret,Wholesale,2024-03-01,100.0,,,,KAMIS,Rift Valley,0.52,35.28,cereals and tubers
Sorghum,Eldoret,Wholesale,2024-04-01,90.0,,,,KAMIS,Rift Valley,0.52,35.28,cereals and tubers
Sorghum,Eldoret,Wholesale,2024-05-01,90.0,,,,KAMIS,Rift Valley,0.52,35.28,cereals and tubers
Sorghum,Eldoret,Wholesale,2024-06-01,110.357143,,,,KAMIS,Rift Valley,0.52,35.28,cereals and tubers
Sorghum,Eldoret,Wholesale,2024-07-01,100.0,,,,KAMIS,Rift Valley,0.52,35.28,cereals and tubers
Sorghum,Eldoret,Wholesale,2024-08-01,107.5,,,,KAMIS,Rift Valley,0.52,35.28,cereals and tubers
Sorghum,Eldoret,Wholesale,2024-09-01,95.0,,,,KAMIS,Rift Valley,0.52,35.28,cereals and tubers
Sorghum,Eldoret,Wholesale,2025-05-01,130.0,,,,KAMIS,Rift Valley,0.52,35.28,cereals and tubers
Sorghum,Eldoret,Wholesale,2026-08-01,87.5,,,,KAMIS,Rift Valley,0.52,35.28,cereals and tubers
Sorghum,Eldoret,Wholesale,2026-09-01,127.5,,,,KAMIS,Rift Valley,0.52,35.28,cereals and tubers
Sorghum,Kisumu,Wholesale,2006-01-01,17.77777777777778,,,,WFP,Nyanza,-0.1,34.75,cereals and tubers
Sorghum,Kisumu,Wholesale,2006-02-01,17.77777777777778,,,,WFP,Nyanza,-0.1,34.75,cereals and tubers
Sorghum,Kisumu,Wholesale,2006-03-01,17.72222222222222,,,,WFP,Nyanza,-0.1,34.75,cereals and tubers
Sorghum,Kisumu,Wholesale,2006-04-01,17.77777777777778,,,,WFP,Nyanza,-0.1,34.75,cereals and tubers
Sorghum,Kisumu,Wholesale,2006-05-01,15.555555555555555,,,,WFP,Nyanza,-0.1,34.75,cereals and tubers
Sorghum,Kisumu,Wholesale,2006-06-01,13.555555555555555,,,,WFP,Nyanza,-0.1,34.75,cereals and tubers
Sorghum,Kisumu,Wholesale,2006-07-01,16.11111111111111,,,,WFP,Nyanza,-0.1,34.75,cereals and tubers
Sorghum,Kisumu,Wholesale,2006-11-01,18.55555555555556,,,,WFP,Nyanza,-0.1,34.75,cereals and tubers
Sorghum,Kisumu,Wholesale,2006-12-01,15.555555555555555,,,,WFP,Nyanza,-0.1,34.75,cereals and tubers
Sorghum,Kisumu,Wholesale,2007-01-01,15.555555555555555,,,,WFP,Nyanza,-0.1,34.75,cereals and tubers
Sorghum,Kisumu,Wholesale,2007-02-01,27.88888888888889,,,,WFP,Nyanza,-0.1,34.75,cereals and tubers
Sorghum,Kisumu,Wholesale,2007-03-01,22.46377777777778,,,,WFP,Nyanza,-0.1,34.75,cereals and tubers
Sorghum,Kisumu,Wholesale,2007-04-01,17.592555555555556,,,,WFP,Nyanza,-0.1,34.75,cereals and tubers
Sorghum,Kisumu,Wholesale,2007-05-01,15.978888888888887,,,,WFP,Nyanza,-0.1,34.75,cereals and tubers
Sorghum,Kisumu,Wholesale,2007-06-01,15.555555555555555,,,,WFP,Nyanza,-0.1,34.75,cereals and tubers
Sorghum,Kisumu,Wholesale,2007-07-01,15.555555555555555,,,,WFP,Nyanza,-0.1,34.75,cereals and tubers
Sorghum,Kisumu,Wholesale,2007-08-01,15.555555555555555,,,,WFP,Nyanza,-0.1,34.75,cereals and tubers
Sorghum,Kisumu,Wholesale,2007-09-01,16.85188888888889,,,,WFP,Nyanza,-0.1,34.75,cereals and tubers
Sorghum,Kisumu,Wholesale,2007-10-01,16.666666666666668,,,,WFP,Nyanza,-0.1,34.75,cereals and tubers
Sorghum,Kisumu,Wholesale,2007-11-01,15.85188888888889,,,,WFP,Nyanza,-0.1,34.75,cereals and tubers
Sorghum,Kisumu,Wholesale,2007-12-01,16.825444444444443,,,,WFP,Nyanza,-0.1,34.75,cereals and tubers
Sorghum,Kisumu,Wholesale,2008-02-01,22.22222222222222,,,,WFP,Nyanza,-0.1,34.75,cereals and tubers
Sorghum,Kisumu,Wholesale,2008-03-01,22.22222222222222,,,,WFP,Nyanza,-0.1,34.75,cereals and tubers
Sorghum,Kisumu,Wholesale,2008-04-01,22.037,,,,WFP,Nyanza,-0.1,34.75,cereals and tubers
Sorghum,Kisumu,Wholesale,2008-05-01,24.444444444444443,,,,WFP,Nyanza,-0.1,34.75,cereals and tubers
Sorghum,Kisumu,Wholesale,2008-06-01,22.77777777777778,,,,WFP,Nyanza,-0.1,34.75,cereals and tubers
Sorghum,Kisumu,Wholesale,2008-07-01,22.539666666666665,,,,WFP,Nyanza,-0.1,34.75,cereals and tubers
Sorghum,Kisumu,Wholesale,2008-08-01,26.666666666666668,,,,WFP,Nyanza,-0.1,34.75,cereals and tubers
Sorghum,Kisumu,Wholesale,2008-09-01,25.416666666666668,,,,WFP,Nyanza,-0.1,34.75,cereals and tubers
Sorghum,Kisumu,Wholesale,2008-10-01,26.666666666666668,,,,WFP,Nyanza,-0.1,34.75,cereals and tubers
Sorghum,Kisumu,Wholesale,2008-11-01,27.83333333333333,,,,WFP,Nyanza,-0.1,34.75,cereals and tubers
Sorghum,Kisumu,Wholesale,2008-12-01,27.12966666666667,,,,WFP,Nyanza,-0.1,34.75,cereals and tubers
Sorghum,Kisumu,Wholesale,2009-01-01,30.77777777777778,,,,WFP,Nyanza,-0.1,34.75,cereals and tubers
Sorghum,Kisumu,Wholesale,2009-02-01,31.11111111111111,,,,WFP,Nyanza,-0.1,34.75,cereals and tubers
Sorghum,Kisumu,Wholesale,2009-03-01,30.0,,,,WFP,Nyanza,-0.1,34.75,cereals and tubers
Sorghum,Kisumu,Wholesale,2009-04-01,27.55555555555556,,,,WFP,Nyanza,-0.1,34.75,cereals and tubers
Sorghum,Kisumu,Wholesale,2009-05-01,31.11111111111111,,,,WFP,Nyanza,-0.1,34.75,cereals and tubers
Sorghum,Kisumu,Wholesale,2009-06-01,26.155555555555555,,,,WFP,Nyanza,-0.1,34.75,cereals and tubers
Sorghum,Kisumu,Wholesale,2009-07-01,17.666666666666668,,,,WFP,Nyanza,-0.1,34.75,cereals and tubers
Sorghum,Kisumu,Wholesale,2009-08-01,27.41111111111111,,,,WFP,Nyanza,-0.1,34.75,cereals and tubers
Sorghum,Kisumu,Wholesale,2009-09-01,27.41111111111111,,,,WFP,Nyanza,-0.1,34.75,cereals and tubers
Sorghum,Kisumu,Wholesale,2009-10-01,26.666666666666668,,,,WFP,Nyanza,-0.1,34.75,cereals and tubers
Sorghum,Kisumu,Wholesale,2009-11-01,24.88888888888889,,,,WFP,Nyanza,-0.1,34.75,cereals and tubers
Sorghum,Kisumu,Wholesale,2009-12-01,27.044444444444444,,,,WFP,Nyanza,-0.1,34.75,cereals and tubers
Sorghum,Kisumu,Wholesale,2010-01-01,29.25555555555556,,,,WFP,Nyanza,-0.1,34.75,cereals and tubers
Sorghum,Kisumu,Wholesale,2010-02-01,30.0,,,,WFP,Nyanza,-0.1,34.75,cereals and tubers
Sorghum,Kisumu,Wholesale,2010-03-01,30.0,,,,WFP,Nyanza,-0.1,34.75,cereals and tubers
Sorghum,Kisumu,Wholesale,2010-04-01,28.988888888888887,,,,WFP,Nyanza,-0.1,34.75,cereals and tubers
Sorghum,Kisumu,Wholesale,2010-05-01,29.366666666666667,,,,WFP,Nyanza,-0.1,34.75,cereals and tubers
Sorghum,Kisumu,Wholesale,2010-06-01,24.744444444444444,,,,WFP,Nyanza,-0.1,34.75,cereals and tubers
Sorghum,Kisumu,Wholesale,2010-07-01,24.988888888888887,,,,WFP,Nyanza,-0.1,34.75,cereals and tubers
Sorghum,Kisumu,Wholesale,2010-08-01,25.633333333333333,,,,WFP,Nyanza,-0.1,34.75,cereals and tubers
Sorghum,Kisumu,Wholesale,2010-09-01,31.58888888888889,,,,WFP,Nyanza,-0.1,34.75,cereals and tubers
Sorghum,Kisumu,Wholesale,2010-10-01,24.322222222222223,,,,WFP,Nyanza,-0.1,34.75,cereals and tubers
Sorghum,Kisumu,Wholesale,2010-11-01,25.0,,,,WFP,Nyanza,-0.1,34.75,cereals and tubers
Sorghum,Kisumu,Wholesale,2010-12-01,26.51111111111112,,,,WFP,Nyanza,-0.1,34.75,cereals and tubers
Sorghum,Kisumu,Wholesale,2011-01-01,27.08888888888889,,,,WFP,Nyanza,-0.1,34.75,cereals and tubers
Sorghum,Kisumu,Wholesale,2011-02-01,27.41111111111111,,,,WFP,Nyanza,-0.1,34.75,cereals and tubers
Sorghum,Kisumu,Wholesale,2011-03-01,30.155555555555555,,,,WFP,Nyanza,-0.1,34.75,cereals and tubers
Sorghum,Kisumu,Wholesale,2011-04-01,35.55555555555556,,,,WFP,Nyanza,-0.1,34.75,cereals and tubers
Sorghum,Kisumu,Wholesale,2011-05-01,39.7,,,,WFP,Nyanza,-0.1,34.75,cereals and tubers
Sorghum,Kisumu,Wholesale,2011-06-01,48.55555555555556,,,,WFP,Nyanza,-0.1,34.75,cereals and tubers
Sorghum,Kisumu,Wholesale,2011-07-01,46.888888888888886,,,,WFP,Nyanza,-0.1,34.75,cereals and tubers
Sorghum,Kisumu,Wholesale,2011-08-01,40.22222222222222,,,,WFP,Nyanza,-0.1,34.75,cereals and tubers
Sorghum,Kisumu,Wholesale,2011-09-01,40.0,,,,WFP,Nyanza,-0.1,34.75,cereals and tubers
Sorghum,Kisumu,Wholesale,2011-10-01,40.0,,,,WFP,Nyanza,-0.1,34.75,cereals and tubers
Sorghum,Kisumu,Wholesale,2011-11-01,40.0,,,,WFP,Nyanza,-0.1,34.75,cereals and tubers
Sorghum,Kisumu,Wholesale,2011-12-01,40.0,,,,WFP,Nyanza,-0.1,34.75,cereals and tubers
Sorghum,Kisumu,Wholesale,2012-01-01,40.0,,,,WFP,Nyanza,-0.1,34.75,cereals and tubers
Sorghum,Kisumu,Wholesale,2012-02-01,37.77777777777778,,,,WFP,Nyanza,-0.1,34.75,cereals and tubers
Sorghum,Kisumu,Wholesale,2012-03-01,38.22222222222222,,,,WFP,Nyanza,-0.1,34.75,cereals and tubers
Sorghum,Kisumu,Wholesale,2012-04-01,40.66666666666666,,,,WFP,Nyanza,-0.1,34.75,cereals and tubers
Sorghum,Kisumu,Wholesale,2012-05-01,44.44444444444444,,,,WFP,Nyanza,-0.1,34.75,cereals and tubers
Sorghum,Kisumu,Wholesale,2012-06-01,44.44444444444444,,,,WFP,Nyanza,-0.1,34.75,cereals and tubers
Sorghum,Kisumu,Wholesale,2012-07-01,39.55555555555556,,,,WFP,Nyanza,-0.1,34.75,cereals and tubers
Sorghum,Kisumu,Wholesale,2012-08-01,43.25555555555555,,,,WFP,Nyanza,-0.1,34.75,cereals and tubers
Sorghum,Kisumu,Wholesale,2012-09-01,34.15555555555556,,,,WFP,Nyanza,-0.1,34.75,cereals and tubers
Sorghum,Kisumu,Wholesale,2012-10-01,35.55555555555556,,,,WFP,Nyanza,-0.1,34.75,cereals and tubers
Sorghum,Kisumu,Wholesale,2012-11-01,36.66666666666666,,,,WFP,Nyanza,-0.1,34.75,cereals and tubers
Sorghum,Kisumu,Wholesale,2012-12-01,37.77777777777778,,,,WFP,Nyanza,-0.1,34.75,cereals and tubers
Sorghum,Kisumu,Wholesale,2013-01-01,40.0,,,,WFP,Nyanza,-0.1,34.75,cereals and tubers
Sorghum,Kisumu,Wholesale,2013-02-01,40.0,,,,WFP,Nyanza,-0.1,34.75,cereals and tubers
Sorghum,Kisumu,Wholesale,2013-03-01,41.422222222222224,,,,WFP,Nyanza,-0.1,34.75,cereals and tubers
Sorghum,Kisumu,Wholesale,2013-04-01,44.44444444444444,,,,WFP,Nyanza,-0.1,34.75,cereals and tubers
Sorghum,Kisumu,Wholesale,2013-05-01,44.46666666666667,,,,WFP,Nyanza,-0.1,34.75,cereals and tubers
Sorghum,Kisumu,Wholesale,2013-06-01,40.0,,,,WFP,Nyanza,-0.1,34.75,cereals and tubers
Sorghum,Kisumu,Wholesale,2013-07-01,38.22222222222222,,,,WFP,Nyanza,-0.1,34.75,cereals and tubers
Sorghum,Kisumu,Wholesale,2013-08-01,37.77777777777778,,,,WFP,Nyanza,-0.1,34.75,cereals and tubers
Sorghum,Kisumu,Wholesale,2013-09-01,39.44444444444444,,,,WFP,Nyanza,-0.1,34.75,cereals and tubers
Sorghum,Kisumu,Wholesale,2013-10-01,40.0,,,,WFP,Nyanza,-0.1,34.75,cereals and tubers
Sorghum,Kisumu,Wholesale,2013-11-01,40.0,,,,WFP,Nyanza,-0.1,34.75,cereals and tubers
Sorghum,Kisumu,Wholesale,2013-12-01,40.0,,,,WFP,Nyanza,-0.1,34.75,cereals and tubers
Sorghum,Kisumu,Wholesale,2014-01-01,40.0,,,,WFP,Nyanza,-0.1,34.75,cereals and tubers
Sorghum,Kisumu,Wholesale,2014-02-01,41.644444444444446,,,,WFP,Nyanza,-0.1,34.75,cereals and tubers
Sorghum,Kisumu,Wholesale,2014-03-01,40.0,,,,WFP,Nyanza,-0.1,34.75,cereals and tubers
Sorghum,Kisumu,Wholesale,2014-04-01,40.0,,,,WFP,Nyanza,-0.1,34.75,cereals and tubers
Sorghum,Kisumu,Wholesale,2014-05-01,40.0,,,,WFP,Nyanza,-0.1,34.75,cereals and tubers
Sorghum,Kisumu,Wholesale,2014-06-01,41.266666666666666,,,,WFP,Nyanza,-0.1,34.75,cereals and tubers
Sorghum,Kisumu,Wholesale,2014-07-01,40.0,,,,WFP,Nyanza,-0.1,34.75,cereals and tubers
Sorghum,Kisumu,Wholesale,2014-08-01,36.80555555555556,,,,WFP,Nyanza,-0.1,34.75,cereals and tubers
Sorghum,Kisumu,Wholesale,2014-09-01,37.68888888888889,,,,WFP,Nyanza,-0.1,34.75,cereals and tubers
Sorghum,Kisumu,Wholesale,2014-10-01,37.77777777777778,,,,WFP,Nyanza,-0.1,34.75,cereals and tubers
Sorghum,Kisumu,Wholesale,2014-11-01,37.77777777777778,,,,WFP,Nyanza,-0.1,34.75,cereals and tubers
Sorghum,Kisumu,Wholesale,2014-12-01,37.77777777777778,,,,WFP,Nyanza,-0.1,34.75,cereals and tubers
Sorghum,Kisumu,Wholesale,2015-01-01,37.77777777777778,,,,WFP,Nyanza,-0.1,34.75,cereals and tubers
Sorghum,Kisumu,Wholesale,2015-02-01,39.16666666666666,,,,WFP,Nyanza,-0.1,34.75,cereals and tubers
Sorghum,Kisumu,Wholesale,2015-03-01,40.0,,,,WFP,Nyanza,-0.1,34.75,cereals and tubers
Sorghum,Kisumu,Wholesale,2015-04-01,40.0,,,,WFP,Nyanza,-0.1,34.75,cereals and tubers
Sorghum,Kisumu,Wholesale,2015-05-01,40.0,,,,WFP,Nyanza,-0.1,34.75,cereals and tubers
Sorghum,Kisumu,Wholesale,2015-06-01,40.0,,,,WFP,Nyanza,-0.1,34.75,cereals and tubers
Sorghum,Kisumu,Wholesale,2015-07-01,39.629666666666665,,,,WFP,Nyanza,-0.1,34.75,cereals and tubers
Sorghum,Kisumu,Wholesale,2015-08-01,36.66666666666666,,,,WFP,Nyanza,-0.1,34.75,cereals and tubers
Sorghum,Kisumu,Wholesale,2015-09-01,34.611111111111114,,,,WFP,Nyanza,-0.1,34.75,cereals and tubers
Sorghum,Kisumu,Wholesale,2015-10-01,36.77777777777778,,,,WFP,Nyanza,-0.1,34.75,cereals and tubers
Sorghum,Kisumu,Wholesale,2015-11-01,37.77777777777778,,,,WFP,Nyanza,-0.1,34.75,cereals and tubers
Sorghum,Kisumu,Wholesale,2015-12-01,35.55555555555556,,,,WFP,Nyanza,-0.1,34.75,cereals and tubers
Sorghum,Kisumu,Wholesale,2016-01-01,35.55555555555556,,,,WFP,Nyanza,-0.1,34.75,cereals and tubers
Sorghum,Kisumu,Wholesale,2016-02-01,34.166666666666664,,,,WFP,Nyanza,-0.1,34.75,cereals and tubers
Sorghum,Kisumu,Wholesale,2016-03-01,35.55555555555556,,,,WFP,Nyanza,-0.1,34.75,cereals and tubers
Sorghum,Kisumu,Wholesale,2016-05-01,35.55555555555556,,,,WFP,Nyanza,-0.1,34.75,cereals and tubers
Sorghum,Kisumu,Wholesale,2016-06-01,35.55555555555556,,,,WFP,Nyanza,-0.1,34.75,cereals and tubers
Sorghum,Kisumu,Wholesale,2016-07-01,35.55555555555556,,,,WFP,Nyanza,-0.1,34.75,cereals and tubers
Sorghum,Kisumu,Wholesale,2016-08-01,35.55555555555556,,,,WFP,Nyanza,-0.1,34.75,cereals and tubers
Sorghum,Kisumu,Wholesale,2016-09-01,35.55555555555556,,,,WFP,Nyanza,-0.1,34.75,cereals and tubers
Sorghum,Kisumu,Wholesale,2016-10-01,36.66666666666666,,,,WFP,Nyanza,-0.1,34.75,cereals and tubers
Sorghum,Kisumu,Wholesale,2016-11-01,40.0,,,,WFP,Nyanza,-0.1,34.75,cereals and tubers
Sorghum,Kisumu,Wholesale,2016-12-01,40.0,,,,WFP,Nyanza,-0.1,34.75,cereals and tubers
Sorghum,Kisumu,Wholesale,2017-01-01,43.55555555555556,,,,WFP,Nyanza,-0.1,34.75,cereals and tubers
Sorghum,Kisumu,Wholesale,2017-02-01,48.44444444444444,,,,WFP,Nyanza,-0.1,34.75,cereals and tubers
Sorghum,Kisumu,Wholesale,2017-03-01,51.73333333333333,,,,WFP,Nyanza,-0.1,34.75,cereals and tubers
Sorghum,Kisumu,Wholesale,2017-04-01,56.66666666666666,,,,WFP,Nyanza,-0.1,34.75,cereals and tubers
Sorghum,Kisumu,Wholesale,2017-05-01,57.77777777777778,,,,WFP,Nyanza,-0.1,34.75,cereals and tubers
Sorghum,Kisumu,Wholesale,2017-06-01,57.77777777777778,,,,WFP,Nyanza,-0.1,34.75,cereals and tubers
Sorghum,Kisumu,Wholesale,2017-07-01,56.66666666666666,,,,WFP,Nyanza,-0.1,34.75,cereals and tubers
Sorghum,Kisumu,Wholesale,2017-08-01,53.333333333333336,,,,WFP,Nyanza,-0.1,34.75,cereals and tubers
Sorghum,Kisumu,Wholesale,2017-09-01,55.46666666666667,,,,WFP,Nyanza,-0.1,34.75,cereals and tubers
Sorghum,Kisumu,Wholesale,2017-10-01,55.11111111111112,,,,WFP,Nyanza,-0.1,34.75,cereals and tubers
Sorghum,Kisumu,Wholesale,2017-11-01,52.62222222222222,,,,WFP,Nyanza,-0.1,34.75,cereals and tubers
Sorghum,Kisumu,Wholesale,2017-12-01,47.22222222222222,,,,WFP,Nyanza,-0.1,34.75,cereals and tubers
Sorghum,Kisumu,Wholesale,2018-01-01,44.44444444444444,,,,WFP,Nyanza,-0.1,34.75,cereals and tubers
Sorghum,Kisumu,Wholesale,2018-02-01,44.44444444444444,,,,WFP,Nyanza,-0.1,34.75,cereals and tubers
Sorghum,Kisumu,Wholesale,2018-03-01,46.333333333333336,,,,WFP,Nyanza,-0.1,34.75,cereals and tubers
Sorghum,Kisumu,Wholesale,2018-04-01,46.66666666666666,,,,WFP,Nyanza,-0.1,34.75,cereals and tubers
Sorghum,Kisumu,Wholesale,2018-05-01,46.66666666666666,,,,WFP,Nyanza,-0.1,34.75,cereals and tubers
Sorghum,Kisumu,Wholesale,2018-06-01,45.55555555555556,,,,WFP,Nyanza,-0.1,34.75,cereals and tubers
Sorghum,Kisumu,Wholesale,2018-07-01,37.333333333333336,,,,WFP,Nyanza,-0.1,34.75,cereals and tubers
Sorghum,Kisumu,Wholesale,2018-08-01,35.55555555555556,,,,WFP,Nyanza,-0.1,34.75,cereals and tubers
Sorghum,Kisumu,Wholesale,2018-09-01,35.97222222222222,,,,WFP,Nyanza,-0.1,34.75,cereals and tubers
Sorghum,Kisumu,Wholesale,2018-10-01,38.888888888888886,,,,WFP,Nyanza,-0.1,34.75,cereals and tubers
Sorghum,Kisumu,Wholesale,2018-11-01,33.666666666666664,,,,WFP,Nyanza,-0.1,34.75,cereals and tubers
Sorghum,Kisumu,Wholesale,2018-12-01,33.333333333333336,,,,WFP,Nyanza,-0.1,34.75,cereals and tubers
Sorghum,Kisumu,Wholesale,2019-01-01,31.666666666666668,,,,WFP,Nyanza,-0.1,34.75,cereals and tubers
Sorghum,Kisumu,Wholesale,2019-02-01,33.333333333333336,,,,WFP,Nyanza,-0.1,34.75,cereals and tubers
Sorghum,Kisumu,Wholesale,2019-03-01,34.666666666666664,,,,WFP,Nyanza,-0.1,34.75,cereals and tubers
Sorghum,Kisumu,Wholesale,2019-04-01,38.05555555555556,,,,WFP,Nyanza,-0.1,34.75,cereals and tubers
Sorghum,Kisumu,Wholesale,2019-05-01,44.44444444444444,,,,WFP,Nyanza,-0.1,34.75,cereals and tubers
Sorghum,Kisumu,Wholesale,2019-06-01,44.44444444444444,,,,WFP,Nyanza,-0.1,34.75,cereals and tubers
Sorghum,Kisumu,Wholesale,2019-07-01,44.44444444444444,,,,WFP,Nyanza,-0.1,34.75,cereals and tubers
Sorghum,Kisumu,Wholesale,2019-08-01,44.44444444444444,,,,WFP,Nyanza,-0.1,34.75,cereals and tubers
Sorghum,Kisumu,Wholesale,2019-09-01,44.44444444444444,,,,WFP,Nyanza,-0.1,34.75,cereals and tubers
Sorghum,Kisumu,Wholesale,2019-10-01,44.44444444444444,,,,FEWS+WFP,Nyanza,-0.1,34.75,cereals and tubers
Sorghum,Kisumu,Wholesale,2020-02-01,44.44444444444444,,,,FEWS,Nyanza,-0.1,34.75,cereals and tubers
Sorghum,Kisumu,Wholesale,2020-12-01,30.0,,,,FEWS,Nyanza,-0.1,34.75,cereals and tubers
Sorghum,Kisumu,Wholesale,2021-01-01,33.3,,,,FEWS,Nyanza,-0.1,34.75,cereals and tubers
Sorghum,Kisumu,Wholesale,2021-03-01,44.4,,,,FEWS,Nyanza,-0.1,34.75,cereals and tubers
Sorghum,Kisumu,Wholesale,2021-04-01,41.46666666666667,,,,FEWS,Nyanza,-0.1,34.75,cereals and tubers
Sorghum,Kisumu,Wholesale,2021-05-01,42.2,,,,FEWS,Nyanza,-0.1,34.75,cereals and tubers
Sorghum,Kisumu,Wholesale,2021-06-01,48.85,,,,FEWS,Nyanza,-0.1,34.75,cereals and tubers
Sorghum,Kisumu,Wholesale,2021-07-01,44.4,,,,FEWS,Nyanza,-0.1,34.75,cereals and tubers
Sorghum,Kisumu,Wholesale,2021-08-01,44.4,,,,FEWS,Nyanza,-0.1,34.75,cereals and tubers
Sorghum,Kisumu,Wholesale,2021-09-01,44.4,,,,FEWS,Nyanza,-0.1,34.75,cereals and tubers
Sorghum,Kisumu,Wholesale,2021-10-01,44.0,,,,FEWS,Nyanza,-0.1,34.75,cereals and tubers
Sorghum,Kisumu,Wholesale,2021-11-01,44.4,,,,FEWS,Nyanza,-0.1,34.75,cereals and tubers
Sorghum,Kisumu,Wholesale,2021-12-01,44.4,,,,FEWS,Nyanza,-0.1,34.75,cereals and tubers
Sorghum,Kisumu,Wholesale,2022-01-01,51.2213335,,,,KAMIS,Nyanza,-0.1,34.75,cereals and tubers
Sorghum,Kisumu,Wholesale,2022-02-01,50.5486365,,,,KAMIS,Nyanza,-0.1,34.75,cereals and tubers
Sorghum,Kisumu,Wholesale,2022-03-01,48.825526499999995,,,,KAMIS,Nyanza,-0.1,34.75,cereals and tubers
Sorghum,Kisumu,Wholesale,2022-04-01,51.4526925,,,,KAMIS,Nyanza,-0.1,34.75,cereals and tubers
Sorghum,Kisumu,Wholesale,2022-05-01,61.602000000000004,,,,KAMIS,Nyanza,-0.1,34.75,cereals and tubers
Sorghum,Kisumu,Wholesale,2022-06-01,73.3536365,,,,KAMIS,Nyanza,-0.1,34.75,cereals and tubers
Sorghum,Kisumu,Wholesale,2022-07-01,75.5978205,,,,KAMIS,Nyanza,-0.1,34.75,cereals and tubers
Sorghum,Kisumu,Wholesale,2022-08-01,62.963333,,,,KAMIS,Nyanza,-0.1,34.75,cereals and tubers
Sorghum,Kisumu,Wholesale,2022-09-01,63.0,,,,KAMIS,Nyanza,-0.1,34.75,cereals and tubers
Sorghum,Kisumu,Wholesale,2022-10-01,65.714286,,,,KAMIS,Nyanza,-0.1,34.75,cereals and tubers
Sorghum,Kisumu,Wholesale,2022-11-01,73.9285715,,,,KAMIS,Nyanza,-0.1,34.75,cereals and tubers
Sorghum,Kisumu,Wholesale,2022-12-01,71.148,,,,KAMIS,Nyanza,-0.1,34.75,cereals and tubers
Sorghum,Kisumu,Wholesale,2023-01-01,70.0,,,,KAMIS,Nyanza,-0.1,34.75,cereals and tubers
Sorghum,Kisumu,Wholesale,2023-02-01,60.833333,,,,KAMIS,Nyanza,-0.1,34.75,cereals and tubers
Sorghum,Kisumu,Wholesale,2023-03-01,77.08333350000001,,,,KAMIS,Nyanza,-0.1,34.75,cereals and tubers
Sorghum,Kisumu,Wholesale,2023-04-01,80.0,,,,KAMIS,Nyanza,-0.1,34.75,cereals and tubers
Sorghum,Kisumu,Wholesale,2023-05-01,81.6413635,,,,KAMIS,Nyanza,-0.1,34.75,cereals and tubers
Sorghum,Kisumu,Wholesale,2023-06-01,79.444,,,,KAMIS,Nyanza,-0.1,34.75,cereals and tubers
Sorghum,Kisumu,Wholesale,2023-07-01,75.158571,,,,KAMIS,Nyanza,-0.1,34.75,cereals and tubers
Sorghum,Kisumu,Wholesale,2023-08-01,67.25,,,,KAMIS,Nyanza,-0.1,34.75,cereals and tubers
Sorghum,Kisumu,Wholesale,2023-09-01,66.25,,,,KAMIS,Nyanza,-0.1,34.75,cereals and tubers
Sorghum,Kisumu,Wholesale,2023-10-01,66.25,,,,KAMIS,Nyanza,-0.1,34.75,cereals and tubers
Sorghum,Kisumu,Wholesale,2023-11-01,69.375,,,,KAMIS,Nyanza,-0.1,34.75,cereals and tubers
Sorghum,Kisumu,Wholesale,2023-12-01,65.0,,,,KAMIS,Nyanza,-0.1,34.75,cereals and tubers
Sorghum,Kisumu,Wholesale,2024-01-01,58.75,,,,KAMIS,Nyanza,-0.1,34.75,cereals and tubers
Sorghum,Kisumu,Wholesale,2024-03-01,52.36,,,,KAMIS,Nyanza,-0.1,34.75,cereals and tubers
Sorghum,Kisumu,Wholesale,2024-04-01,42.5,,,,KAMIS,Nyanza,-0.1,34.75,cereals and tubers
Sorghum,Kisumu,Wholesale,2024-05-01,45.0,,,,KAMIS,Nyanza,-0.1,34.75,cereals and tubers
Sorghum,Kisumu,Wholesale,2024-06-01,60.0,,,,KAMIS,Nyanza,-0.1,34.75,cereals and tubers
Sorghum,Kisumu,Wholesale,2024-07-01,54.0,,,,KAMIS,Nyanza,-0.1,34.75,cereals and tubers
Sorghum,Kisumu,Wholesale,2024-08-01,46.888,,,,KAMIS,Nyanza,-0.1,34.75,cereals and tubers
Sorghum,Kisumu,Wholesale,2024-09-01,48.333333,,,,KAMIS,Nyanza,-0.1,34.75,cereals and tubers
Sorghum,Kisumu,Wholesale,2024-10-01,48.335,,,,KAMIS,Nyanza,-0.1,34.75,cereals and tubers
Sorghum,Kisumu,Wholesale,2025-02-01,52.5,,,,KAMIS,Nyanza,-0.1,34.75,cereals and tubers
Sorghum,Kisumu,Wholesale,2025-03-01,66.25,,,,KAMIS,Nyanza,-0.1,34.75,cereals and tubers
Sorghum,Kisumu,Wholesale,2025-04-01,93.75,,,,KAMIS,Nyanza,-0.1,34.75,cereals and tubers
Sorghum,Kisumu,Wholesale,2025-05-01,75.666,,,,KAMIS,Nyanza,-0.1,34.75,cereals and tubers
Sorghum,Kisumu,Wholesale,2025-06-01,88.394,,,,KAMIS,Nyanza,-0.1,34.75,cereals and tubers
Sorghum,Kisumu,Wholesale,2025-07-01,72.245,,,,KAMIS,Nyanza,-0.1,34.75,cereals and tubers
Sorghum,Kisumu,Wholesale,2025-08-01,60.357143,,,,KAMIS,Nyanza,-0.1,34.75,cereals and tubers
Sorghum,Kisumu,Wholesale,2025-09-01,70.7344445,,,,KAMIS,Nyanza,-0.1,34.75,cereals and tubers
Sorghum,Kisumu,Wholesale,2025-10-01,60.4208335,,,,KAMIS,Nyanza,-0.1,34.75,cereals and tubers
Sorghum,Kisumu,Wholesale,2025-11-01,59.280238,,,,KAMIS,Nyanza,-0.1,34.75,cereals and tubers
Sorghum,Kisumu,Wholesale,2025-12-01,57.916666500000005,,,,KAMIS,Nyanza,-0.1,34.75,cereals and tubers
Sorghum,Kisumu,Wholesale,2026-01-01,70.395357,,,,KAMIS,Nyanza,-0.1,34.75,cereals and tubers
Sorghum,Kisumu,Wholesale,2026-02-01,71.9620455,,,,KAMIS,Nyanza,-0.1,34.75,cereals and tubers
Sorghum,Kisumu,Wholesale,2026-03-01,69.831389,,,,KAMIS,Nyanza,-0.1,34.75,cereals and tubers
Sorghum,Kisumu,Wholesale,2026-04-01,69.0625,,,,KAMIS,Nyanza,-0.1,34.75,cereals and tubers
Sorghum,Kisumu,Wholesale,2026-05-01,68.786875,,,,KAMIS,Nyanza,-0.1,34.75,cereals and tubers
Sorghum,Kisumu,Wholesale,2026-06-01,53.917221999999995,,,,KAMIS,Nyanza,-0.1,34.75,cereals and tubers
Sorghum,Kisumu,Wholesale,2026-07-01,52.3435,,,,KAMIS,Nyanza,-0.1,34.75,cereals and tubers
Sorghum,Kisumu,Wholesale,2026-08-01,57.0195455,,,,KAMIS,Nyanza,-0.1,34.75,cereals and tubers
Sorghum,Kisumu,Wholesale,2026-09-01,58.61,,,,KAMIS,Nyanza,-0.1,34.75,cereals and tubers
Sorghum,Mombasa,Wholesale,2020-01-01,44.44444444444444,,,,FEWS,Coast,-4.05,39.67,cereals and tubers
Sorghum,Mombasa,Wholesale,2020-02-01,38.81944444444444,,,,FEWS,Coast,-4.05,39.67,cereals and tubers
Sorghum,Mombasa,Wholesale,2020-03-01,38.81481481477778,,,,FEWS,Coast,-4.05,39.67,cereals and tubers
Sorghum,Mombasa,Wholesale,2020-04-01,38.81481481477778,,,,FEWS,Coast,-4.05,39.67,cereals and tubers
Sorghum,Mombasa,Wholesale,2021-02-01,50.0,,,,FEWS,Coast,-4.05,39.67,cereals and tubers
Sorghum,Mombasa,Wholesale,2021-10-01,75.0,,,,FEWS,Coast,-4.05,39.67,cereals and tubers
Sorghum,Mombasa,Wholesale,2021-12-01,45.0,,,,FEWS,Coast,-4.05,39.67,cereals and tubers
Sorghum,Mombasa,Wholesale,2022-07-01,65.0,,,,KAMIS,Coast,-4.05,39.67,cereals and tubers
Sorghum,Mombasa,Wholesale,2022-09-01,50.0,,,,KAMIS,Coast,-4.05,39.67,cereals and tubers
Sorghum,Mombasa,Wholesale,2023-03-01,60.0,,,,KAMIS,Coast,-4.05,39.67,cereals and tubers
Sorghum,Mombasa,Wholesale,2023-04-01,29.5,,,,KAMIS,Coast,-4.05,39.67,cereals and tubers
Sorghum,Mombasa,Wholesale,2023-05-01,67.375,,,,KAMIS,Coast,-4.05,39.67,cereals and tubers
Sorghum,Mombasa,Wholesale,2023-06-01,29.5,,,,KAMIS,Coast,-4.05,39.67,cereals and tubers
Sorghum,Mombasa,Wholesale,2023-08-01,70.0,,,,KAMIS,Coast,-4.05,39.67,cereals and tubers
Sorghum,Nairobi,Wholesale,2006-01-01,21.77777777777778,,,,WFP,Nairobi,-1.28,36.82,cereals and tubers
Sorghum,Nairobi,Wholesale,2006-02-01,25.11111111111111,,,,WFP,Nairobi,-1.28,36.82,cereals and tubers
Sorghum,Nairobi,Wholesale,2006-03-01,25.0,,,,WFP,Nairobi,-1.28,36.82,cereals and tubers
Sorghum,Nairobi,Wholesale,2006-04-01,25.666666666666668,,,,WFP,Nairobi,-1.28,36.82,cereals and tubers
Sorghum,Nairobi,Wholesale,2006-05-01,22.381,,,,WFP,Nairobi,-1.28,36.82,cereals and tubers
Sorghum,Nairobi,Wholesale,2006-06-01,21.978555555555555,,,,WFP,Nairobi,-1.28,36.82,cereals and tubers
Sorghum,Nairobi,Wholesale,2006-07-01,18.666666666666668,,,,WFP,Nairobi,-1.28,36.82,cereals and tubers
Sorghum,Nairobi,Wholesale,2006-08-01,18.541666666666668,,,,WFP,Nairobi,-1.28,36.82,cereals and tubers
Sorghum,Nairobi,Wholesale,2006-09-01,21.166666666666668,,,,WFP,Nairobi,-1.28,36.82,cereals and tubers
Sorghum,Nairobi,Wholesale,2006-10-01,23.703666666666667,,,,WFP,Nairobi,-1.28,36.82,cereals and tubers
Sorghum,Nairobi,Wholesale,2006-11-01,23.42222222222222,,,,WFP,Nairobi,-1.28,36.82,cereals and tubers
Sorghum,Nairobi,Wholesale,2006-12-01,20.86111111111111,,,,WFP,Nairobi,-1.28,36.82,cereals and tubers
Sorghum,Nairobi,Wholesale,2007-01-01,18.636333333333333,,,,WFP,Nairobi,-1.28,36.82,cereals and tubers
Sorghum,Nairobi,Wholesale,2007-02-01,18.55555555555556,,,,WFP,Nairobi,-1.28,36.82,cereals and tubers
Sorghum,Nairobi,Wholesale,2007-03-01,19.155555555555555,,,,WFP,Nairobi,-1.28,36.82,cereals and tubers
Sorghum,Nairobi,Wholesale,2007-04-01,19.122777777777777,,,,WFP,Nairobi,-1.28,36.82,cereals and tubers
Sorghum,Nairobi,Wholesale,2007-05-01,17.989444444444445,,,,WFP,Nairobi,-1.28,36.82,cereals and tubers
Sorghum,Nairobi,Wholesale,2007-06-01,17.451,,,,WFP,Nairobi,-1.28,36.82,cereals and tubers
Sorghum,Nairobi,Wholesale,2007-07-01,18.502444444444446,,,,WFP,Nairobi,-1.28,36.82,cereals and tubers
Sorghum,Nairobi,Wholesale,2007-08-01,21.59422222222222,,,,WFP,Nairobi,-1.28,36.82,cereals and tubers
Sorghum,Nairobi,Wholesale,2007-09-01,20.117,,,,WFP,Nairobi,-1.28,36.82,cereals and tubers
Sorghum,Nairobi,Wholesale,2007-10-01,17.575777777777777,,,,WFP,Nairobi,-1.28,36.82,cereals and tubers
Sorghum,Nairobi,Wholesale,2007-11-01,20.0,,,,WFP,Nairobi,-1.28,36.82,cereals and tubers
Sorghum,Nairobi,Wholesale,2007-12-01,20.37033333333333,,,,WFP,Nairobi,-1.28,36.82,cereals and tubers
Sorghum,Nairobi,Wholesale,2008-01-01,21.25733333333333,,,,WFP,Nairobi,-1.28,36.82,cereals and tubers
Sorghum,Nairobi,Wholesale,2008-02-01,20.22222222222222,,,,WFP,Nairobi,-1.28,36.82,cereals and tubers
Sorghum,Nairobi,Wholesale,2008-03-01,31.83333333333333,,,,WFP,Nairobi,-1.28,36.82,cereals and tubers
Sorghum,Nairobi,Wholesale,2008-04-01,27.979777777777777,,,,WFP,Nairobi,-1.28,36.82,cereals and tubers
Sorghum,Nairobi,Wholesale,2008-05-01,26.613777777777777,,,,WFP,Nairobi,-1.28,36.82,cereals and tubers
Sorghum,Nairobi,Wholesale,2008-06-01,28.166666666666668,,,,WFP,Nairobi,-1.28,36.82,cereals and tubers
Sorghum,Nairobi,Wholesale,2008-07-01,24.709,,,,WFP,Nairobi,-1.28,36.82,cereals and tubers
Sorghum,Nairobi,Wholesale,2008-08-01,25.82011111111111,,,,WFP,Nairobi,-1.28,36.82,cereals and tubers
Sorghum,Nairobi,Wholesale,2008-09-01,25.88888888888889,,,,WFP,Nairobi,-1.28,36.82,cereals and tubers
Sorghum,Nairobi,Wholesale,2008-10-01,30.185222222222222,,,,WFP,Nairobi,-1.28,36.82,cereals and tubers
Sorghum,Nairobi,Wholesale,2008-11-01,31.80555555555556,,,,WFP,Nairobi,-1.28,36.82,cereals and tubers
Sorghum,Nairobi,Wholesale,2008-12-01,36.18055555555556,,,,WFP,Nairobi,-1.28,36.82,cereals and tubers
Sorghum,Nairobi,Wholesale,2009-01-01,33.5,,,,WFP,Nairobi,-1.28,36.82,cereals and tubers
Sorghum,Nairobi,Wholesale,2009-02-01,34.166666666666664,,,,WFP,Nairobi,-1.28,36.82,cereals and tubers
Sorghum,Nairobi,Wholesale,2009-03-01,31.11111111111111,,,,WFP,Nairobi,-1.28,36.82,cereals and tubers
Sorghum,Nairobi,Wholesale,2009-04-01,31.11111111111111,,,,WFP,Nairobi,-1.28,36.82,cereals and tubers
Sorghum,Nairobi,Wholesale,2009-05-01,31.11111111111111,,,,WFP,Nairobi,-1.28,36.82,cereals and tubers
Sorghum,Nairobi,Wholesale,2009-06-01,31.11111111111111,,,,WFP,Nairobi,-1.28,36.82,cereals and tubers
Sorghum,Nairobi,Wholesale,2009-07-01,31.11111111111111,,,,WFP,Nairobi,-1.28,36.82,cereals and tubers
Sorghum,Nairobi,Wholesale,2009-08-01,31.11111111111111,,,,WFP,Nairobi,-1.28,36.82,cereals and tubers
Sorghum,Nairobi,Wholesale,2009-09-01,31.11111111111111,,,,WFP,Nairobi,-1.28,36.82,cereals and tubers
Sorghum,Nairobi,Wholesale,2009-10-01,30.64444444444445,,,,WFP,Nairobi,-1.28,36.82,cereals and tubers
Sorghum,Nairobi,Wholesale,2009-11-01,30.0,,,,WFP,Nairobi,-1.28,36.82,cereals and tubers
Sorghum,Nairobi,Wholesale,2009-12-01,30.25555555555556,,,,WFP,Nairobi,-1.28,36.82,cereals and tubers
Sorghum,Nairobi,Wholesale,2010-01-01,30.466666666666665,,,,WFP,Nairobi,-1.28,36.82,cereals and tubers
Sorghum,Nairobi,Wholesale,2010-02-01,30.42222222222222,,,,WFP,Nairobi,-1.28,36.82,cereals and tubers
Sorghum,Nairobi,Wholesale,2010-03-01,32.22222222222222,,,,WFP,Nairobi,-1.28,36.82,cereals and tubers
Sorghum,Nairobi,Wholesale,2010-04-01,32.611111111111114,,,,WFP,Nairobi,-1.28,36.82,cereals and tubers
Sorghum,Nairobi,Wholesale,2010-05-01,33.333333333333336,,,,WFP,Nairobi,-1.28,36.82,cereals and tubers
Sorghum,Nairobi,Wholesale,2010-06-01,33.24444444444445,,,,WFP,Nairobi,-1.28,36.82,cereals and tubers
Sorghum,Nairobi,Wholesale,2010-07-01,33.93333333333333,,,,WFP,Nairobi,-1.28,36.82,cereals and tubers
Sorghum,Nairobi,Wholesale,2010-08-01,33.25555555555555,,,,WFP,Nairobi,-1.28,36.82,cereals and tubers
Sorghum,Nairobi,Wholesale,2010-09-01,32.266666666666666,,,,WFP,Nairobi,-1.28,36.82,cereals and tubers
Sorghum,Nairobi,Wholesale,2010-10-01,32.05555555555556,,,,WFP,Nairobi,-1.28,36.82,cereals and tubers
Sorghum,Nairobi,Wholesale,2010-11-01,33.05555555555556,,,,WFP,Nairobi,-1.28,36.82,cereals and tubers
Sorghum,Nairobi,Wholesale,2010-12-01,30.711111111111112,,,,WFP,Nairobi,-1.28,36.82,cereals and tubers
Sorghum,Nairobi,Wholesale,2011-01-01,32.08888888888889,,,,WFP,Nairobi,-1.28,36.82,cereals and tubers
Sorghum,Nairobi,Wholesale,2011-02-01,33.22222222222222,,,,WFP,Nairobi,-1.28,36.82,cereals and tubers
Sorghum,Nairobi,Wholesale,2011-03-01,32.75555555555555,,,,WFP,Nairobi,-1.28,36.82,cereals and tubers
Sorghum,Nairobi,Wholesale,2011-04-01,33.333333333333336,,,,WFP,Nairobi,-1.28,36.82,cereals and tubers
Sorghum,Nairobi,Wholesale,2011-05-01,33.333333333333336,,,,WFP,Nairobi,-1.28,36.82,cereals and tubers
Sorghum,Nairobi,Wholesale,2011-06-01,36.388888888888886,,,,WFP,Nairobi,-1.28,36.82,cereals and tubers
Sorghum,Nairobi,Wholesale,2011-07-01,41.333333333333336,,,,WFP,Nairobi,-1.28,36.82,cereals and tubers
Sorghum,Nairobi,Wholesale,2011-08-01,42.11111111111112,,,,WFP,Nairobi,-1.28,36.82,cereals and tubers
Sorghum,Nairobi,Wholesale,2011-09-01,40.0,,,,WFP,Nairobi,-1.28,36.82,cereals and tubers
Sorghum,Nairobi,Wholesale,2011-10-01,40.0,,,,WFP,Nairobi,-1.28,36.82,cereals and tubers
Sorghum,Nairobi,Wholesale,2011-11-01,40.888888888888886,,,,WFP,Nairobi,-1.28,36.82,cereals and tubers
Sorghum,Nairobi,Wholesale,2011-12-01,40.5,,,,WFP,Nairobi,-1.28,36.82,cereals and tubers
Sorghum,Nairobi,Wholesale,2012-01-01,40.55555555555556,,,,WFP,Nairobi,-1.28,36.82,cereals and tubers
Sorghum,Nairobi,Wholesale,2012-02-01,42.22222222222222,,,,WFP,Nairobi,-1.28,36.82,cereals and tubers
Sorghum,Nairobi,Wholesale,2012-03-01,39.388888888888886,,,,WFP,Nairobi,-1.28,36.82,cereals and tubers
Sorghum,Nairobi,Wholesale,2012-04-01,37.5,,,,WFP,Nairobi,-1.28,36.82,cereals and tubers
Sorghum,Nairobi,Wholesale,2012-05-01,38.888888888888886,,,,WFP,Nairobi,-1.28,36.82,cereals and tubers
Sorghum,Nairobi,Wholesale,2012-06-01,41.11111111111112,,,,WFP,Nairobi,-1.28,36.82,cereals and tubers
Sorghum,Nairobi,Wholesale,2012-07-01,40.0,,,,WFP,Nairobi,-1.28,36.82,cereals and tubers
Sorghum,Nairobi,Wholesale,2012-08-01,33.333333333333336,,,,WFP,Nairobi,-1.28,36.82,cereals and tubers
Sorghum,Nairobi,Wholesale,2012-09-01,41.11111111111112,,,,WFP,Nairobi,-1.28,36.82,cereals and tubers
Sorghum,Nairobi,Wholesale,2012-10-01,42.31111111111111,,,,WFP,Nairobi,-1.28,36.82,cereals and tubers
Sorghum,Nairobi,Wholesale,2012-11-01,42.0,,,,WFP,Nairobi,-1.28,36.82,cereals and tubers
Sorghum,Nairobi,Wholesale,2013-01-01,48.44444444444444,,,,WFP,Nairobi,-1.28,36.82,cereals and tubers
Sorghum,Nairobi,Wholesale,2013-02-01,60.66666666666666,,,,WFP,Nairobi,-1.28,36.82,cereals and tubers
Sorghum,Nairobi,Wholesale,2013-03-01,61.11111111111112,,,,WFP,Nairobi,-1.28,36.82,cereals and tubers
Sorghum,Nairobi,Wholesale,2013-04-01,49.11111111111112,,,,WFP,Nairobi,-1.28,36.82,cereals and tubers
Sorghum,Nairobi,Wholesale,2013-05-01,51.55555555555556,,,,WFP,Nairobi,-1.28,36.82,cereals and tubers
Sorghum,Nairobi,Wholesale,2013-06-01,43.11111111111112,,,,WFP,Nairobi,-1.28,36.82,cereals and tubers
Sorghum,Nairobi,Wholesale,2013-07-01,38.0,,,,WFP,Nairobi,-1.28,36.82,cereals and tubers
Sorghum,Nairobi,Wholesale,2013-08-01,45.0,,,,WFP,Nairobi,-1.28,36.82,cereals and tubers
Sorghum,Nairobi,Wholesale,2013-09-01,37.144444444444446,,,,WFP,Nairobi,-1.28,36.82,cereals and tubers
Sorghum,Nairobi,Wholesale,2013-10-01,38.56666666666667,,,,WFP,Nairobi,-1.28,36.82,cereals and tubers
Sorghum,Nairobi,Wholesale,2013-11-01,37.91111111111111,,,,WFP,Nairobi,-1.28,36.82,cereals and tubers
Sorghum,Nairobi,Wholesale,2013-12-01,37.94444444444444,,,,WFP,Nairobi,-1.28,36.82,cereals and tubers
Sorghum,Nairobi,Wholesale,2014-01-01,38.7,,,,WFP,Nairobi,-1.28,36.82,cereals and tubers
Sorghum,Nairobi,Wholesale,2014-02-01,40.0,,,,WFP,Nairobi,-1.28,36.82,cereals and tubers
Sorghum,Nairobi,Wholesale,2014-03-01,40.763888888888886,,,,WFP,Nairobi,-1.28,36.82,cereals and tubers
Sorghum,Nairobi,Wholesale,2014-04-01,42.22222222222222,,,,WFP,Nairobi,-1.28,36.82,cereals and tubers
Sorghum,Nairobi,Wholesale,2014-05-01,44.23333333333333,,,,WFP,Nairobi,-1.28,36.82,cereals and tubers
Sorghum,Nairobi,Wholesale,2014-06-01,44.58888888888889,,,,WFP,Nairobi,-1.28,36.82,cereals and tubers
Sorghum,Nairobi,Wholesale,2014-07-01,46.50788888888889,,,,WFP,Nairobi,-1.28,36.82,cereals and tubers
Sorghum,Nairobi,Wholesale,2014-08-01,44.0,,,,WFP,Nairobi,-1.28,36.82,cereals and tubers
Sorghum,Nairobi,Wholesale,2014-09-01,43.46666666666667,,,,WFP,Nairobi,-1.28,36.82,cereals and tubers
Sorghum,Nairobi,Wholesale,2014-10-01,40.29633333333334,,,,WFP,Nairobi,-1.28,36.82,cereals and tubers
Sorghum,Nairobi,Wholesale,2014-11-01,40.94444444444444,,,,WFP,Nairobi,-1.28,36.82,cereals and tubers
Sorghum,Nairobi,Wholesale,2014-12-01,41.58733333333333,,,,WFP,Nairobi,-1.28,36.82,cereals and tubers
Sorghum,Nairobi,Wholesale,2015-01-01,40.82222222222222,,,,WFP,Nairobi,-1.28,36.82,cereals and tubers
Sorghum,Nairobi,Wholesale,2015-02-01,41.22222222222222,,,,WFP,Nairobi,-1.28,36.82,cereals and tubers
Sorghum,Nairobi,Wholesale,2015-03-01,43.22222222222222,,,,WFP,Nairobi,-1.28,36.82,cereals and tubers
Sorghum,Nairobi,Wholesale,2015-04-01,41.66666666666666,,,,WFP,Nairobi,-1.28,36.82,cereals and tubers
Sorghum,Nairobi,Wholesale,2015-05-01,41.24444444444445,,,,WFP,Nairobi,-1.28,36.82,cereals and tubers
Sorghum,Nairobi,Wholesale,2015-06-01,40.833333333333336,,,,WFP,Nairobi,-1.28,36.82,cereals and tubers
Sorghum,Nairobi,Wholesale,2015-07-01,39.07411111111112,,,,WFP,Nairobi,-1.28,36.82,cereals and tubers
Sorghum,Nairobi,Wholesale,2015-08-01,39.44444444444444,,,,WFP,Nairobi,-1.28,36.82,cereals and tubers
Sorghum,Nairobi,Wholesale,2015-09-01,38.30555555555556,,,,WFP,Nairobi,-1.28,36.82,cereals and tubers
Sorghum,Nairobi,Wholesale,2015-10-01,40.333333333333336,,,,WFP,Nairobi,-1.28,36.82,cereals and tubers
Sorghum,Nairobi,Wholesale,2015-11-01,38.644444444444446,,,,WFP,Nairobi,-1.28,36.82,cereals and tubers
Sorghum,Nairobi,Wholesale,2015-12-01,37.644444444444446,,,,WFP,Nairobi,-1.28,36.82,cereals and tubers
Sorghum,Nairobi,Wholesale,2016-01-01,36.16666666666666,,,,WFP,Nairobi,-1.28,36.82,cereals and tubers
Sorghum,Nairobi,Wholesale,2016-02-01,34.166666666666664,,,,WFP,Nairobi,-1.28,36.82,cereals and tubers
Sorghum,Nairobi,Wholesale,2016-03-01,38.66666666666666,,,,WFP,Nairobi,-1.28,36.82,cereals and tubers
Sorghum,Nairobi,Wholesale,2016-05-01,38.86666666666667,,,,WFP,Nairobi,-1.28,36.82,cereals and tubers
Sorghum,Nairobi,Wholesale,2016-06-01,37.266666666666666,,,,WFP,Nairobi,-1.28,36.82,cereals and tubers
Sorghum,Nairobi,Wholesale,2016-07-01,35.315333333333335,,,,WFP,Nairobi,-1.28,36.82,cereals and tubers
Sorghum,Nairobi,Wholesale,2016-08-01,36.84444444444444,,,,WFP,Nairobi,-1.28,36.82,cereals and tubers
Sorghum,Nairobi,Wholesale,2016-09-01,36.68888888888889,,,,WFP,Nairobi,-1.28,36.82,cereals and tubers
Sorghum,Nairobi,Wholesale,2016-10-01,37.833333333333336,,,,WFP,Nairobi,-1.28,36.82,cereals and tubers
Sorghum,Nairobi,Wholesale,2016-11-01,39.55555555555556,,,,WFP,Nairobi,-1.28,36.82,cereals and tubers
Sorghum,Nairobi,Wholesale,2016-12-01,41.11111111111112,,,,WFP,Nairobi,-1.28,36.82,cereals and tubers
Sorghum,Nairobi,Wholesale,2017-01-01,41.28888888888889,,,,WFP,Nairobi,-1.28,36.82,cereals and tubers
Sorghum,Nairobi,Wholesale,2017-02-01,41.5,,,,WFP,Nairobi,-1.28,36.82,cereals and tubers
Sorghum,Nairobi,Wholesale,2017-03-01,44.17777777777778,,,,WFP,Nairobi,-1.28,36.82,cereals and tubers
Sorghum,Nairobi,Wholesale,2017-04-01,55.86111111111112,,,,WFP,Nairobi,-1.28,36.82,cereals and tubers
Sorghum,Nairobi,Wholesale,2017-05-01,58.62222222222222,,,,WFP,Nairobi,-1.28,36.82,cereals and tubers
Sorghum,Nairobi,Wholesale,2017-06-01,57.8,,,,WFP,Nairobi,-1.28,36.82,cereals and tubers
Sorghum,Nairobi,Wholesale,2017-07-01,58.388888888888886,,,,WFP,Nairobi,-1.28,36.82,cereals and tubers
Sorghum,Nairobi,Wholesale,2017-08-01,54.28888888888889,,,,WFP,Nairobi,-1.28,36.82,cereals and tubers
Sorghum,Nairobi,Wholesale,2017-09-01,58.4,,,,WFP,Nairobi,-1.28,36.82,cereals and tubers
Sorghum,Nairobi,Wholesale,2017-10-01,57.68055555555556,,,,WFP,Nairobi,-1.28,36.82,cereals and tubers
Sorghum,Nairobi,Wholesale,2017-11-01,62.22222222222222,,,,WFP,Nairobi,-1.28,36.82,cereals and tubers
Sorghum,Nairobi,Wholesale,2017-12-01,49.25922222222222,,,,WFP,Nairobi,-1.28,36.82,cereals and tubers
Sorghum,Nairobi,Wholesale,2018-01-01,44.51111111111111,,,,WFP,Nairobi,-1.28,36.82,cereals and tubers
Sorghum,Nairobi,Wholesale,2018-02-01,47.0,,,,WFP,Nairobi,-1.28,36.82,cereals and tubers
Sorghum,Nairobi,Wholesale,2018-03-01,49.79166666666666,,,,WFP,Nairobi,-1.28,36.82,cereals and tubers
Sorghum,Nairobi,Wholesale,2018-04-01,49.0,,,,WFP,Nairobi,-1.28,36.82,cereals and tubers
Sorghum,Nairobi,Wholesale,2018-05-01,45.71111111111111,,,,WFP,Nairobi,-1.28,36.82,cereals and tubers
Sorghum,Nairobi,Wholesale,2018-06-01,43.44444444444444,,,,WFP,Nairobi,-1.28,36.82,cereals and tubers
Sorghum,Nairobi,Wholesale,2018-07-01,44.55555555555556,,,,WFP,Nairobi,-1.28,36.82,cereals and tubers
Sorghum,Nairobi,Wholesale,2018-08-01,42.45555555555556,,,,WFP,Nairobi,-1.28,36.82,cereals and tubers
Sorghum,Nairobi,Wholesale,2018-09-01,40.22222222222222,,,,WFP,Nairobi,-1.28,36.82,cereals and tubers
Sorghum,Nairobi,Wholesale,2018-10-01,40.0,,,,WFP,Nairobi,-1.28,36.82,cereals and tubers
Sorghum,Nairobi,Wholesale,2018-11-01,39.97222222222222,,,,WFP,Nairobi,-1.28,36.82,cereals and tubers
Sorghum,Nairobi,Wholesale,2018-12-01,40.0,,,,WFP,Nairobi,-1.28,36.82,cereals and tubers
Sorghum,Nairobi,Wholesale,2019-01-01,38.53333333333333,,,,WFP,Nairobi,-1.28,36.82,cereals and tubers
Sorghum,Nairobi,Wholesale,2019-02-01,38.19444444444444,,,,WFP,Nairobi,-1.28,36.82,cereals and tubers
Sorghum,Nairobi,Wholesale,2019-03-01,40.0,,,,WFP,Nairobi,-1.28,36.82,cereals and tubers
Sorghum,Nairobi,Wholesale,2019-04-01,45.98611111111112,,,,WFP,Nairobi,-1.28,36.82,cereals and tubers
Sorghum,Nairobi,Wholesale,2019-05-01,46.4,,,,WFP,Nairobi,-1.28,36.82,cereals and tubers
Sorghum,Nairobi,Wholesale,2019-06-01,44.61111111111112,,,,WFP,Nairobi,-1.28,36.82,cereals and tubers
Sorghum,Nairobi,Wholesale,2019-07-01,74.57777777777778,,,,WFP,Nairobi,-1.28,36.82,cereals and tubers
Sorghum,Nairobi,Wholesale,2019-08-01,76.11111111111111,,,,WFP,Nairobi,-1.28,36.82,cereals and tubers
Sorghum,Nairobi,Wholesale,2019-09-01,71.02777777777777,,,,WFP,Nairobi,-1.28,36.82,cereals and tubers
Sorghum,Nairobi,Wholesale,2019-10-01,72.22222222222223,,,,FEWS+WFP,Nairobi,-1.28,36.82,cereals and tubers
Sorghum,Nairobi,Wholesale,2019-11-01,70.55555555555556,,,,FEWS+WFP,Nairobi,-1.28,36.82,cereals and tubers
Sorghum,Nairobi,Wholesale,2019-12-01,65.11111111111111,,,,FEWS+WFP,Nairobi,-1.28,36.82,cereals and tubers
Sorghum,Nairobi,Wholesale,2020-01-01,58.888888888888886,,,,FEWS+WFP,Nairobi,-1.28,36.82,cereals and tubers
Sorghum,Nairobi,Wholesale,2020-02-01,58.888888888888886,,,,FEWS+WFP,Nairobi,-1.28,36.82,cereals and tubers
Sorghum,Nairobi,Wholesale,2020-03-01,58.888888888888886,,,,FEWS+WFP,Nairobi,-1.28,36.82,cereals and tubers
Sorghum,Nairobi,Wholesale,2020-04-01,58.888888888888886,,,,FEWS,Nairobi,-1.28,36.82,cereals and tubers
Sorghum,Nairobi,Wholesale,2020-08-01,57.851851851888895,,,,FEWS,Nairobi,-1.28,36.82,cereals and tubers
Sorghum,Nairobi,Wholesale,2020-09-01,54.44444444444444,,,,FEWS,Nairobi,-1.28,36.82,cereals and tubers
Sorghum,Nairobi,Wholesale,2020-10-01,52.083333333333336,,,,FEWS,Nairobi,-1.28,36.82,cereals and tubers
Sorghum,Nairobi,Wholesale,2020-11-01,48.74074074077778,,,,FEWS,Nairobi,-1.28,36.82,cereals and tubers
Sorghum,Nairobi,Wholesale,2020-12-01,47.55555555555556,,,,FEWS,Nairobi,-1.28,36.82,cereals and tubers
Sorghum,Nairobi,Wholesale,2021-01-01,40.0,,,,FEWS,Nairobi,-1.28,36.82,cereals and tubers
Sorghum,Nairobi,Wholesale,2021-07-01,49.62222222222222,,,,FEWS,Nairobi,-1.28,36.82,cereals and tubers
Sorghum,Nairobi,Wholesale,2021-10-01,45.0,,,,FEWS,Nairobi,-1.28,36.82,cereals and tubers
Sorghum,Nairobi,Wholesale,2021-11-01,40.0,,,,FEWS,Nairobi,-1.28,36.82,cereals and tubers
Sorghum,Nairobi,Wholesale,2021-12-01,66.0,,,,FEWS,Nairobi,-1.28,36.82,cereals and tubers
Sorghum,Nairobi,Wholesale,2022-01-01,61.5,,,,KAMIS,Nairobi,-1.28,36.82,cereals and tubers
Sorghum,Nairobi,Wholesale,2022-02-01,79.75625,,,,KAMIS,Nairobi,-1.28,36.82,cereals and tubers
Sorghum,Nairobi,Wholesale,2022-03-01,59.285714,,,,KAMIS,Nairobi,-1.28,36.82,cereals and tubers
Sorghum,Nairobi,Wholesale,2022-04-01,53.7166665,,,,KAMIS,Nairobi,-1.28,36.82,cereals and tubers
Sorghum,Nairobi,Wholesale,2022-05-01,58.466667,,,,KAMIS,Nairobi,-1.28,36.82,cereals and tubers
Sorghum,Nairobi,Wholesale,2022-06-01,68.684211,,,,KAMIS,Nairobi,-1.28,36.82,cereals and tubers
Sorghum,Nairobi,Wholesale,2022-07-01,70.294118,,,,KAMIS,Nairobi,-1.28,36.82,cereals and tubers
Sorghum,Nairobi,Wholesale,2022-08-01,60.3492105,,,,KAMIS,Nairobi,-1.28,36.82,cereals and tubers
Sorghum,Nairobi,Wholesale,2022-09-01,67.272727,,,,KAMIS,Nairobi,-1.28,36.82,cereals and tubers
Sorghum,Nairobi,Wholesale,2022-10-01,64.889,,,,KAMIS,Nairobi,-1.28,36.82,cereals and tubers
Sorghum,Nairobi,Wholesale,2022-11-01,79.43181799999999,,,,KAMIS,Nairobi,-1.28,36.82,cereals and tubers
Sorghum,Nairobi,Wholesale,2022-12-01,83.1862745,,,,KAMIS,Nairobi,-1.28,36.82,cereals and tubers
Sorghum,Nairobi,Wholesale,2023-01-01,72.899284,,,,KAMIS,Nairobi,-1.28,36.82,cereals and tubers
Sorghum,Nairobi,Wholesale,2023-02-01,83.702788,,,,KAMIS,Nairobi,-1.28,36.82,cereals and tubers
Sorghum,Nairobi,Wholesale,2023-03-01,86.0,,,,KAMIS,Nairobi,-1.28,36.82,cereals and tubers
Sorghum,Nairobi,Wholesale,2023-04-01,81.25,,,,KAMIS,Nairobi,-1.28,36.82,cereals and tubers
Sorghum,Nairobi,Wholesale,2023-05-01,66.25,,,,KAMIS,Nairobi,-1.28,36.82,cereals and tubers
Sorghum,Nairobi,Wholesale,2023-06-01,75.555238,,,,KAMIS,Nairobi,-1.28,36.82,cereals and tubers
Sorghum,Nairobi,Wholesale,2023-07-01,72.1342105,,,,KAMIS,Nairobi,-1.28,36.82,cereals and tubers
Sorghum,Nairobi,Wholesale,2023-08-01,74.04166649999999,,,,KAMIS,Nairobi,-1.28,36.82,cereals and tubers
Sorghum,Nairobi,Wholesale,2023-09-01,72.3348685,,,,KAMIS,Nairobi,-1.28,36.82,cereals and tubers
Sorghum,Nairobi,Wholesale,2023-10-01,72.2816,,,,KAMIS,Nairobi,-1.28,36.82,cereals and tubers
Sorghum,Nairobi,Wholesale,2023-11-01,68.725652,,,,KAMIS,Nairobi,-1.28,36.82,cereals and tubers
Sorghum,Nairobi,Wholesale,2023-12-01,70.064167,,,,KAMIS,Nairobi,-1.28,36.82,cereals and tubers
Sorghum,Nairobi,Wholesale,2024-01-01,59.9375,,,,KAMIS,Nairobi,-1.28,36.82,cereals and tubers
Sorghum,Nairobi,Wholesale,2024-02-01,66.9607895,,,,KAMIS,Nairobi,-1.28,36.82,cereals and tubers
Sorghum,Nairobi,Wholesale,2024-03-01,67.906154,,,,KAMIS,Nairobi,-1.28,36.82,cereals and tubers
Sorghum,Nairobi,Wholesale,2024-04-01,81.7797725,,,,KAMIS,Nairobi,-1.28,36.82,cereals and tubers
Sorghum,Nairobi,Wholesale,2024-05-01,74.14342450000001,,,,KAMIS,Nairobi,-1.28,36.82,cereals and tubers
Sorghum,Nairobi,Wholesale,2024-06-01,70.894091,,,,KAMIS,Nairobi,-1.28,36.82,cereals and tubers
Sorghum,Nairobi,Wholesale,2024-07-01,74.032963,,,,KAMIS,Nairobi,-1.28,36.82,cereals and tubers
Sorghum,Nairobi,Wholesale,2024-08-01,70.1868,,,,KAMIS,Nairobi,-1.28,36.82,cereals and tubers
Sorghum,Nairobi,Wholesale,2024-09-01,71.793448,,,,KAMIS,Nairobi,-1.28,36.82,cereals and tubers
Sorghum,Nairobi,Wholesale,2024-10-01,71.945,,,,KAMIS,Nairobi,-1.28,36.82,cereals and tubers
Sorghum,Nairobi,Wholesale,2025-02-01,60.0,,,,KAMIS,Nairobi,-1.28,36.82,cereals and tubers
Sorghum,Nairobi,Wholesale,2025-05-01,71.738696,,,,KAMIS,Nairobi,-1.28,36.82,cereals and tubers
Sorghum,Nairobi,Wholesale,2025-06-01,74.869412,,,,KAMIS,Nairobi,-1.28,36.82,cereals and tubers
Sorghum,Nairobi,Wholesale,2025-07-01,74.620909,,,,KAMIS,Nairobi,-1.28,36.82,cereals and tubers
Sorghum,Nairobi,Wholesale,2025-08-01,74.47875,,,,KAMIS,Nairobi,-1.28,36.82,cereals and tubers
Sorghum,Nairobi,Wholesale,2025-09-01,73.702667,,,,KAMIS,Nairobi,-1.28,36.82,cereals and tubers
Sorghum,Nairobi,Wholesale,2025-10-01,73.945517,,,,KAMIS,Nairobi,-1.28,36.82,cereals and tubers
Sorghum,Nairobi,Wholesale,2025-11-01,73.146667,,,,KAMIS,Nairobi,-1.28,36.82,cereals and tubers
Sorghum,Nairobi,Wholesale,2025-12-01,72.683333,,,,KAMIS,Nairobi,-1.28,36.82,cereals and tubers
Sorghum,Nairobi,Wholesale,2026-01-01,75.925333,,,,KAMIS,Nairobi,-1.28,36.82,cereals and tubers
Sorghum,Nairobi,Wholesale,2026-02-01,73.483636,,,,KAMIS,Nairobi,-1.28,36.82,cereals and tubers
Sorghum,Nairobi,Wholesale,2026-03-01,72.22,,,,KAMIS,Nairobi,-1.28,36.82,cereals and tubers
Sorghum,Nairobi,Wholesale,2026-09-01,68.8883335,,,,KAMIS,Nairobi,-1.28,36.82,cereals and tubers
Sorghum,Nakuru,Wholesale,2015-01-01,34.977777777777774,,,,WFP,Rift Valley,-0.28,36.07,cereals and tubers
Sorghum,Nakuru,Wholesale,2015-02-01,35.0,,,,WFP,Rift Valley,-0.28,36.07,cereals and tubers
Sorghum,Nakuru,Wholesale,2015-03-01,35.0,,,,WFP,Rift Valley,-0.28,36.07,cereals and tubers
Sorghum,Nakuru,Wholesale,2015-04-01,39.44444444444444,,,,WFP,Rift Valley,-0.28,36.07,cereals and tubers
Sorghum,Nakuru,Wholesale,2015-05-01,39.44444444444444,,,,WFP,Rift Valley,-0.28,36.07,cereals and tubers
Sorghum,Nakuru,Wholesale,2015-06-01,39.44444444444444,,,,WFP,Rift Valley,-0.28,36.07,cereals and tubers
Sorghum,Nakuru,Wholesale,2015-07-01,39.44444444444444,,,,WFP,Rift Valley,-0.28,36.07,cereals and tubers
Sorghum,Nakuru,Wholesale,2015-08-01,30.0,,,,WFP,Rift Valley,-0.28,36.07,cereals and tubers
Sorghum,Nakuru,Wholesale,2015-09-01,31.73611111111111,,,,WFP,Rift Valley,-0.28,36.07,cereals and tubers
Sorghum,Nakuru,Wholesale,2015-10-01,36.43333333333333,,,,WFP,Rift Valley,-0.28,36.07,cereals and tubers
Sorghum,Nakuru,Wholesale,2015-11-01,35.0,,,,WFP,Rift Valley,-0.28,36.07,cereals and tubers
Sorghum,Nakuru,Wholesale,2015-12-01,35.0,,,,WFP,Rift Valley,-0.28,36.07,cereals and tubers
Sorghum,Nakuru,Wholesale,2016-01-01,35.0,,,,WFP,Rift Valley,-0.28,36.07,cereals and tubers
Sorghum,Nakuru,Wholesale,2016-02-01,35.144444444444446,,,,WFP,Rift Valley,-0.28,36.07,cereals and tubers
Sorghum,Nakuru,Wholesale,2016-03-01,30.8,,,,WFP,Rift Valley,-0.28,36.07,cereals and tubers
Sorghum,Nakuru,Wholesale,2016-05-01,31.38888888888889,,,,WFP,Rift Valley,-0.28,36.07,cereals and tubers
Sorghum,Nakuru,Wholesale,2016-06-01,30.0,,,,WFP,Rift Valley,-0.28,36.07,cereals and tubers
Sorghum,Nakuru,Wholesale,2016-07-01,30.0,,,,WFP,Rift Valley,-0.28,36.07,cereals and tubers
Sorghum,Nakuru,Wholesale,2016-08-01,31.6,,,,WFP,Rift Valley,-0.28,36.07,cereals and tubers
Sorghum,Nakuru,Wholesale,2016-09-01,34.44444444444444,,,,WFP,Rift Valley,-0.28,36.07,cereals and tubers
Sorghum,Nakuru,Wholesale,2016-10-01,38.888888888888886,,,,WFP,Rift Valley,-0.28,36.07,cereals and tubers
Sorghum,Nakuru,Wholesale,2016-11-01,39.66666666666666,,,,WFP,Rift Valley,-0.28,36.07,cereals and tubers
Sorghum,Nakuru,Wholesale,2016-12-01,40.0,,,,WFP,Rift Valley,-0.28,36.07,cereals and tubers
Sorghum,Nakuru,Wholesale,2017-01-01,40.0,,,,WFP,Rift Valley,-0.28,36.07,cereals and tubers
Sorghum,Nakuru,Wholesale,2017-02-01,42.22222222222222,,,,WFP,Rift Valley,-0.28,36.07,cereals and tubers
Sorghum,Nakuru,Wholesale,2017-03-01,41.95555555555556,,,,WFP,Rift Valley,-0.28,36.07,cereals and tubers
Sorghum,Nakuru,Wholesale,2017-04-01,54.44444444444444,,,,WFP,Rift Valley,-0.28,36.07,cereals and tubers
Sorghum,Nakuru,Wholesale,2017-05-01,55.55555555555556,,,,WFP,Rift Valley,-0.28,36.07,cereals and tubers
Sorghum,Nakuru,Wholesale,2017-06-01,55.55555555555556,,,,WFP,Rift Valley,-0.28,36.07,cereals and tubers
Sorghum,Nakuru,Wholesale,2017-07-01,55.55555555555556,,,,WFP,Rift Valley,-0.28,36.07,cereals and tubers
Sorghum,Nakuru,Wholesale,2017-08-01,55.55555555555556,,,,WFP,Rift Valley,-0.28,36.07,cereals and tubers
Sorghum,Nakuru,Wholesale,2017-09-01,49.333333333333336,,,,WFP,Rift Valley,-0.28,36.07,cereals and tubers
Sorghum,Nakuru,Wholesale,2017-10-01,40.0,,,,WFP,Rift Valley,-0.28,36.07,cereals and tubers
Sorghum,Nakuru,Wholesale,2017-11-01,40.0,,,,WFP,Rift Valley,-0.28,36.07,cereals and tubers
Sorghum,Nakuru,Wholesale,2017-12-01,40.0,,,,WFP,Rift Valley,-0.28,36.07,cereals and tubers
Sorghum,Nakuru,Wholesale,2018-01-01,38.0,,,,WFP,Rift Valley,-0.28,36.07,cereals and tubers
Sorghum,Nakuru,Wholesale,2018-02-01,30.0,,,,WFP,Rift Valley,-0.28,36.07,cereals and tubers
Sorghum,Nakuru,Wholesale,2018-03-01,34.22222222222222,,,,WFP,Rift Valley,-0.28,36.07,cereals and tubers
Sorghum,Nakuru,Wholesale,2018-04-01,34.44444444444444,,,,WFP,Rift Valley,-0.28,36.07,cereals and tubers
Sorghum,Nakuru,Wholesale,2018-05-01,37.11111111111112,,,,WFP,Rift Valley,-0.28,36.07,cereals and tubers
Sorghum,Nakuru,Wholesale,2018-06-01,39.632,,,,WFP,Rift Valley,-0.28,36.07,cereals and tubers
Sorghum,Nakuru,Wholesale,2018-07-01,38.5,,,,WFP,Rift Valley,-0.28,36.07,cereals and tubers
Sorghum,Nakuru,Wholesale,2018-08-01,39.77777777777778,,,,WFP,Rift Valley,-0.28,36.07,cereals and tubers
Sorghum,Nakuru,Wholesale,2018-09-01,38.888888888888886,,,,WFP,Rift Valley,-0.28,36.07,cereals and tubers
Sorghum,Nakuru,Wholesale,2018-10-01,38.888888888888886,,,,WFP,Rift Valley,-0.28,36.07,cereals and tubers
Sorghum,Nakuru,Wholesale,2018-11-01,38.888888888888886,,,,WFP,Rift Valley,-0.28,36.07,cereals and tubers
Sorghum,Nakuru,Wholesale,2018-12-01,38.888888888888886,,,,WFP,Rift Valley,-0.28,36.07,cereals and tubers
Sorghum,Nakuru,Wholesale,2019-01-01,38.888888888888886,,,,WFP,Rift Valley,-0.28,36.07,cereals and tubers
Sorghum,Nakuru,Wholesale,2019-02-01,38.888888888888886,,,,WFP,Rift Valley,-0.28,36.07,cereals and tubers
Sorghum,Nakuru,Wholesale,2019-03-01,38.888888888888886,,,,WFP,Rift Valley,-0.28,36.07,cereals and tubers
Sorghum,Nakuru,Wholesale,2019-04-01,43.05555555555556,,,,WFP,Rift Valley,-0.28,36.07,cereals and tubers
Sorghum,Nakuru,Wholesale,2019-05-01,54.0,,,,WFP,Rift Valley,-0.28,36.07,cereals and tubers
Sorghum,Nakuru,Wholesale,2019-06-01,55.55555555555556,,,,WFP,Rift Valley,-0.28,36.07,cereals and tubers
Sorghum,Nakuru,Wholesale,2019-07-01,62.66666666666666,,,,WFP,Rift Valley,-0.28,36.07,cereals and tubers
Sorghum,Nakuru,Wholesale,2019-08-01,57.22222222222222,,,,WFP,Rift Valley,-0.28,36.07,cereals and tubers
Sorghum,Nakuru,Wholesale,2019-09-01,44.44444444444444,,,,WFP,Rift Valley,-0.28,36.07,cereals and tubers
Sorghum,Nakuru,Wholesale,2019-10-01,43.333333333333336,,,,WFP,Rift Valley,-0.28,36.07,cereals and tubers
Sorghum,Nakuru,Wholesale,2019-11-01,38.888888888888886,,,,WFP,Rift Valley,-0.28,36.07,cereals and tubers
Sorghum,Nakuru,Wholesale,2019-12-01,38.888888888888886,,,,WFP,Rift Valley,-0.28,36.07,cereals and tubers
Sorghum,Nakuru,Wholesale,2020-01-01,39.513888888888886,,,,WFP,Rift Valley,-0.28,36.07,cereals and tubers
Sorghum,Nakuru,Wholesale,2020-02-01,36.66666666666666,,,,WFP,Rift Valley,-0.28,36.07,cereals and tubers
Sorghum,Nakuru,Wholesale,2020-03-01,30.0,,,,WFP,Rift Valley,-0.28,36.07,cereals and tubers
Sorghum,Nakuru,Wholesale,2022-01-01,49.05,,,,KAMIS,Rift Valley,-0.28,36.07,cereals and tubers
Sorghum,Nakuru,Wholesale,2022-02-01,50.0,,,,KAMIS,Rift Valley,-0.28,36.07,cereals and tubers
Sorghum,Nakuru,Wholesale,2022-03-01,49.318182,,,,KAMIS,Rift Valley,-0.28,36.07,cereals and tubers
Sorghum,Nakuru,Wholesale,2022-04-01,50.0,,,,KAMIS,Rift Valley,-0.28,36.07,cereals and tubers
Sorghum,Nakuru,Wholesale,2022-05-01,53.426625,,,,KAMIS,Rift Valley,-0.28,36.07,cereals and tubers
Sorghum,Nakuru,Wholesale,2022-06-01,50.695,,,,KAMIS,Rift Valley,-0.28,36.07,cereals and tubers
Sorghum,Nakuru,Wholesale,2022-07-01,72.6656665,,,,KAMIS,Rift Valley,-0.28,36.07,cereals and tubers
Sorghum,Nakuru,Wholesale,2022-08-01,68.186453,,,,KAMIS,Rift Valley,-0.28,36.07,cereals and tubers
Sorghum,Nakuru,Wholesale,2022-09-01,72.08125,,,,KAMIS,Rift Valley,-0.28,36.07,cereals and tubers
Sorghum,Nakuru,Wholesale,2022-10-01,64.248766,,,,KAMIS,Rift Valley,-0.28,36.07,cereals and tubers
Sorghum,Nakuru,Wholesale,2022-11-01,62.4982145,,,,KAMIS,Rift Valley,-0.28,36.07,cereals and tubers
Sorghum,Nakuru,Wholesale,2022-12-01,65.22233349999999,,,,KAMIS,Rift Valley,-0.28,36.07,cereals and tubers
Sorghum,Nakuru,Wholesale,2023-01-01,66.5926665,,,,KAMIS,Rift Valley,-0.28,36.07,cereals and tubers
Sorghum,Nakuru,Wholesale,2023-02-01,91.14750000000001,,,,KAMIS,Rift Valley,-0.28,36.07,cereals and tubers
Sorghum,Nakuru,Wholesale,2023-03-01,65.79236850000001,,,,KAMIS,Rift Valley,-0.28,36.07,cereals and tubers
Sorghum,Nakuru,Wholesale,2023-04-01,69.065,,,,KAMIS,Rift Valley,-0.28,36.07,cereals and tubers
Sorghum,Nakuru,Wholesale,2023-05-01,68.547094,,,,KAMIS,Rift Valley,-0.28,36.07,cereals and tubers
Sorghum,Nakuru,Wholesale,2023-06-01,94.4107255,,,,KAMIS,Rift Valley,-0.28,36.07,cereals and tubers
Sorghum,Nakuru,Wholesale,2023-07-01,69.668,,,,KAMIS,Rift Valley,-0.28,36.07,cereals and tubers
Sorghum,Nakuru,Wholesale,2023-08-01,64.13173900000001,,,,KAMIS,Rift Valley,-0.28,36.07,cereals and tubers
Sorghum,Nakuru,Wholesale,2023-09-01,75.429833,,,,KAMIS,Rift Valley,-0.28,36.07,cereals and tubers
Sorghum,Nakuru,Wholesale,2023-10-01,98.53,,,,KAMIS,Rift Valley,-0.28,36.07,cereals and tubers
Sorghum,Nakuru,Wholesale,2023-11-01,67.6805,,,,KAMIS,Rift Valley,-0.28,36.07,cereals and tubers
Sorghum,Nakuru,Wholesale,2023-12-01,71.0045295,,,,KAMIS,Rift Valley,-0.28,36.07,cereals and tubers
Sorghum,Nakuru,Wholesale,2024-01-01,68.85642849999999,,,,KAMIS,Rift Valley,-0.28,36.07,cereals and tubers
Sorghum,Nakuru,Wholesale,2024-02-01,63.4210525,,,,KAMIS,Rift Valley,-0.28,36.07,cereals and tubers
Sorghum,Nakuru,Wholesale,2024-03-01,66.9444445,,,,KAMIS,Rift Valley,-0.28,36.07,cereals and tubers
Sorghum,Nakuru,Wholesale,2024-04-01,63.88888850000001,,,,KAMIS,Rift Valley,-0.28,36.07,cereals and tubers
Sorghum,Nakuru,Wholesale,2024-05-01,69.58333350000001,,,,KAMIS,Rift Valley,-0.28,36.07,cereals and tubers
