date,market,commodity,price,unit,pricetype,source
2022-01-01,Eldoret,Beans (Canadian wonder),61.0,Kg,Wholesale,KAMIS public market search; monthly arithmetic mean of observed market records (https://kamis.kilimo.go.ke/site/market_search)
2022-01-01,Eldoret,Beans (Mwezi Moja),65.272727,Kg,Wholesale,KAMIS public market search; monthly arithmetic mean of observed market records (https://kamis.kilimo.go.ke/site/market_search)
2022-01-01,Eldoret,Beans (Mwitemania),68.375,Kg,Wholesale,KAMIS public market search; monthly arithmetic mean of observed market records (https://kamis.kilimo.go.ke/site/market_search)
2022-01-01,Eldoret,Beans (Yellow-Green),71.25,Kg,Wholesale,KAMIS public market search; monthly arithmetic mean of observed market records (https://kamis.kilimo.go.ke/site/market_search)
2022-01-01,Eldoret,Beans Red Haricot (Wairimu),63.7,Kg,Wholesale,KAMIS public market search; monthly arithmetic mean of observed market records (https://kamis.kilimo.go.ke/site/market_search)
2022-01-01,Eldoret,Beans Rosecoco,69.571429,Kg,Wholesale,KAMIS public market search; monthly arithmetic mean of observed market records (https://kamis.kilimo.go.ke/site/market_search)
2022-01-01,Eldoret,Dry Maize,36.802222,Kg,Wholesale,KAMIS public market search; monthly arithmetic mean of observed market records (https://kamis.kilimo.go.ke/site/market_search)
2022-01-01,Eldoret,Red Irish potato,52.75,Kg,Wholesale,KAMIS public market search; monthly arithmetic mean of observed market records (https://kamis.kilimo.go.ke/site/market_search)
2022-01-01,Eldoret,Red Sorghum,62.166667,Kg,Wholesale,KAMIS public market search; monthly arithmetic mean of observed market records (https://kamis.kilimo.go.ke/site/market_search)
2022-01-01,Eldoret,White Irish Potatoes,43.472353,Kg,Wholesale,KAMIS public market search; monthly arithmetic mean of observed market records (https://kamis.kilimo.go.ke/site/market_search)
2022-01-01,Eldoret,White Sorghum,40.0,kg,Wholesale,KAMIS public market search; monthly arithmetic mean of observed market records (https://kamis.kilimo.go.ke/site/market_search)
2022-01-01,Kisumu,Beans (Canadian wonder),106.67,Kg,Wholesale,KAMIS public market search; monthly arithmetic mean of observed market records (https://kamis.kilimo.go.ke/site/market_search)
2022-01-01,Kisumu,Beans (Mwezi Moja),103.61,Kg,Wholesale,KAMIS public market search; monthly arithmetic mean of observed market records (https://kamis.kilimo.go.ke/site/market_search)
2022-01-01,Kisumu,Beans (Mwitemania),97.78,Kg,Wholesale,KAMIS public market search; monthly arithmetic mean of observed market records (https://kamis.kilimo.go.ke/site/market_search)
2022-01-01,Kisumu,Beans (Yellow-Green),134.165,Kg,Wholesale,KAMIS public market search; monthly arithmetic mean of observed market records (https://kamis.kilimo.go.ke/site/market_search)
2022-01-01,Kisumu,Beans Red Haricot (Wairimu),108.666,Kg,Wholesale,KAMIS public market search; monthly arithmetic mean of observed market records (https://kamis.kilimo.go.ke/site/market_search)
2022-01-01,Kisumu,Beans Rosecoco,121.3175,Kg,Wholesale,KAMIS public market search; monthly arithmetic mean of observed market records (https://kamis.kilimo.go.ke/site/market_search)
2022-01-01,Kisumu,Dry Maize,40.267037,Kg,Wholesale,KAMIS public market search; monthly arithmetic mean of observed market records (https://kamis.kilimo.go.ke/site/market_search)
2022-01-01,Kisumu,Red Irish potato,30.5,Kg,Wholesale,KAMIS public market search; monthly arithmetic mean of observed market records (https://kamis.kilimo.go.ke/site/market_search)
2022-01-01,Kisumu,Red Sorghum,47.442667,Kg,Wholesale,KAMIS public market search; monthly arithmetic mean of observed market records (https://kamis.kilimo.go.ke/site/market_search)
2022-01-01,Kisumu,White Irish Potatoes,38.090909,Kg,Wholesale,KAMIS public market search; monthly arithmetic mean of observed market records (https://kamis.kilimo.go.ke/site/market_search)
2022-01-01,Kisumu,White Sorghum,55.0,kg,Wholesale,KAMIS public market search; monthly arithmetic mean of observed market records (https://kamis.kilimo.go.ke/site/market_search)
2022-01-01,Nairobi,Beans (Canadian wonder),90.999,Kg,Wholesale,KAMIS public market search; monthly arithmetic mean of observed market records (https://kamis.kilimo.go.ke/site/market_search)
2022-01-01,Nairobi,Beans (Mwezi Moja),1079.4425,Kg,Wholesale,KAMIS public market search; monthly arithmetic mean of observed market records (https://kamis.kilimo.go.ke/site/market_search)
2022-01-01,Nairobi,Beans (Mwitemania),96.348571,Kg,Wholesale,KAMIS public market search; monthly arithmetic mean of observed market records (https://kamis.kilimo.go.ke/site/market_search)
2022-01-01,Nairobi,Beans (Yellow-Green),1925.454545,Kg,Wholesale,KAMIS public market search; monthly arithmetic mean of observed market records (https://kamis.kilimo.go.ke/site/market_search)
2022-01-01,Nairobi,Beans Red Haricot (Wairimu),2361.38875,Kg,Wholesale,KAMIS public market search; monthly arithmetic mean of observed market records (https://kamis.kilimo.go.ke/site/market_search)
2022-01-01,Nairobi,Beans Rosecoco,1179.382222,Kg,Wholesale,KAMIS public market search; monthly arithmetic mean of observed market records (https://kamis.kilimo.go.ke/site/market_search)
2022-01-01,Nairobi,Dry Maize,50.486923,Kg,Wholesale,KAMIS public market search; monthly arithmetic mean of observed market records (https://kamis.kilimo.go.ke/site/market_search)
2022-01-01,Nairobi,Red Irish potato,50.0,Kg,Wholesale,KAMIS public market search; monthly arithmetic mean of observed market records (https://kamis.kilimo.go.ke/site/market_search)
2022-01-01,Nairobi,Red Sorghum,61.5,Kg,Wholesale,KAMIS public market search; monthly arithmetic mean of observed market records (https://kamis.kilimo.go.ke/site/market_search)
2022-01-01,Nairobi,White Irish Potatoes,38.666667,Kg,Wholesale,KAMIS public market search; monthly arithmetic mean of observed market records (https://kamis.kilimo.go.ke/site/market_search)
2022-01-01,Nakuru,Beans (Canadian wonder),63.863636,Kg,Wholesale,KAMIS public market search; monthly arithmetic mean of observed market records (https://kamis.kilimo.go.ke/site/market_search)
2022-01-01,Nakuru,Beans (Mwezi Moja),73.0,Kg,Wholesale,KAMIS public market search; monthly arithmetic mean of observed market records (https://kamis.kilimo.go.ke/site/market_search)
2022-01-01,Nakuru,Beans (Mwitemania),62.619048,Kg,Wholesale,KAMIS public market search; monthly arithmetic mean of observed market records (https://kamis.kilimo.go.ke/site/market_search)
2022-01-01,Nakuru,Beans (Yellow-Green),75.0,Kg,Wholesale,KAMIS public market search; monthly arithmetic mean of observed market records (https://kamis.kilimo.go.ke/site/market_search)
2022-01-01,Nakuru,Beans Red Haricot (Wairimu),61.73913,Kg,Wholesale,KAMIS public market search; monthly arithmetic mean of observed market records (https://kamis.kilimo.go.ke/site/market_search)
2022-01-01,Nakuru,Beans Rosecoco,71.363636,Kg,Wholesale,KAMIS public market search; monthly arithmetic mean of observed market records (https://kamis.kilimo.go.ke/site/market_search)
2022-01-01,Nakuru,Dry Maize,66.535179,Kg,Wholesale,KAMIS public market search; monthly arithmetic mean of observed market records (https://kamis.kilimo.go.ke/site/market_search)
2022-01-01,Nakuru,Red Sorghum,48.1,Kg,Wholesale,KAMIS public market search; monthly arithmetic mean of observed market records (https://kamis.kilimo.go.ke/site/market_search)
2022-01-01,Nakuru,White Irish Potatoes,55.4,Kg,Wholesale,KAMIS public market search; monthly arithmetic mean of observed market records (https://kamis.kilimo.go.ke/site/market_search)
2022-01-01,Nakuru,White Sorghum,50.0,kg,Wholesale,KAMIS public market search; monthly arithmetic mean of observed market records (https://kamis.kilimo.go.ke/site/market_search)
2022-01-31,Eldoret,Beans (Rosecoco),5820.0,90_kg,Wholesale,FEWS NET Kenya wholesale API (https://fdw.fews.net/api/marketpricefacts.csv?country=KE&price_type=Wholesale)
2022-01-31,Eldoret,Maize Grain (White),4050.0,90_kg,Wholesale,FEWS NET Kenya wholesale API (https://fdw.fews.net/api/marketpricefacts.csv?country=KE&price_type=Wholesale)
2022-01-31,Eldoret,Potato (White),1698.333333,110_kg,Wholesale,FEWS NET Kenya wholesale API (https://fdw.fews.net/api/marketpricefacts.csv?country=KE&price_type=Wholesale)
2022-01-31,Eldoret,Sorghum (Red),3600.0,90_kg,Wholesale,FEWS NET Kenya wholesale API (https://fdw.fews.net/api/marketpricefacts.csv?country=KE&price_type=Wholesale)
2022-01-31,Kisumu,Beans (Rosecoco),11196.0,90_kg,Wholesale,FEWS NET Kenya wholesale API (https://fdw.fews.net/api/marketpricefacts.csv?country=KE&price_type=Wholesale)
2022-01-31,Kisumu,Maize Grain (White),3699.0,90_kg,Wholesale,FEWS NET Kenya wholesale API (https://fdw.fews.net/api/marketpricefacts.csv?country=KE&price_type=Wholesale)
2022-01-31,Kisumu,Potato (White),2312.5,110_kg,Wholesale,FEWS NET Kenya wholesale API (https://fdw.fews.net/api/marketpricefacts.csv?country=KE&price_type=Wholesale)
2022-01-31,Mombasa,Beans (Rosecoco),9900.0,90_kg,Wholesale,FEWS NET Kenya wholesale API (https://fdw.fews.net/api/marketpricefacts.csv?country=KE&price_type=Wholesale)
2022-01-31,Mombasa,Maize Grain (White),3600.0,90_kg,Wholesale,FEWS NET Kenya wholesale API (https://fdw.fews.net/api/marketpricefacts.csv?country=KE&price_type=Wholesale)
2022-01-31,Nairobi,Beans (Rosecoco),9084.0,90_kg,Wholesale,FEWS NET Kenya wholesale API (https://fdw.fews.net/api/marketpricefacts.csv?country=KE&price_type=Wholesale)
2022-01-31,Nairobi,Maize Grain (White),3177.0,90_kg,Wholesale,FEWS NET Kenya wholesale API (https://fdw.fews.net/api/marketpricefacts.csv?country=KE&price_type=Wholesale)
2022-01-31,Nairobi,Potato (White),1928.333333,110_kg,Wholesale,FEWS NET Kenya wholesale API (https://fdw.fews.net/api/marketpricefacts.csv?country=KE&price_type=Wholesale)
2022-02-01,Eldoret,Beans (Canadian wonder),60.0,Kg,Wholesale,KAMIS public market search; monthly arithmetic mean of observed market records (https://kamis.kilimo.go.ke/site/market_search)
2022-02-01,Eldoret,Beans (Mwezi Moja),69.5,Kg,Wholesale,KAMIS public market search; monthly arithmetic mean of observed market records (https://kamis.kilimo.go.ke/site/market_search)
2022-02-01,Eldoret,Beans (Mwitemania),80.0,Kg,Wholesale,KAMIS public market search; monthly arithmetic mean of observed market records (https://kamis.kilimo.go.ke/site/market_search)
2022-02-01,Eldoret,Beans (Yellow-Green),86.375,Kg,Wholesale,KAMIS public market search; monthly arithmetic mean of observed market records (https://kamis.kilimo.go.ke/site/market_search)
2022-02-01,Eldoret,Beans Red Haricot (Wairimu),67.0,Kg,Wholesale,KAMIS public market search; monthly arithmetic mean of observed market records (https://kamis.kilimo.go.ke/site/market_search)
2022-02-01,Eldoret,Beans Rosecoco,80.2,Kg,Wholesale,KAMIS public market search; monthly arithmetic mean of observed market records (https://kamis.kilimo.go.ke/site/market_search)
2022-02-01,Eldoret,Dry Maize,41.301429,Kg,Wholesale,KAMIS public market search; monthly arithmetic mean of observed market records (https://kamis.kilimo.go.ke/site/market_search)
2022-02-01,Eldoret,Red Irish potato,66.0,Kg,Wholesale,KAMIS public market search; monthly arithmetic mean of observed market records (https://kamis.kilimo.go.ke/site/market_search)
2022-02-01,Eldoret,Red Sorghum,80.0,Kg,Wholesale,KAMIS public market search; monthly arithmetic mean of observed market records (https://kamis.kilimo.go.ke/site/market_search)
2022-02-01,Eldoret,White Irish Potatoes,27.8,Kg,Wholesale,KAMIS public market search; monthly arithmetic mean of observed market records (https://kamis.kilimo.go.ke/site/market_search)
2022-02-01,Kisumu,Beans (Canadian wonder),106.67,Kg,Wholesale,KAMIS public market search; monthly arithmetic mean of observed market records (https://kamis.kilimo.go.ke/site/market_search)
2022-02-01,Kisumu,Beans (Mwezi Moja),99.494545,Kg,Wholesale,KAMIS public market search; monthly arithmetic mean of observed market records (https://kamis.kilimo.go.ke/site/market_search)
2022-02-01,Kisumu,Beans (Mwitemania),98.52,Kg,Wholesale,KAMIS public market search; monthly arithmetic mean of observed market records (https://kamis.kilimo.go.ke/site/market_search)
2022-02-01,Kisumu,Beans (Yellow-Green),176.388,Kg,Wholesale,KAMIS public market search; monthly arithmetic mean of observed market records (https://kamis.kilimo.go.ke/site/market_search)
2022-02-01,Kisumu,Beans Red Haricot (Wairimu),99.494545,Kg,Wholesale,KAMIS public market search; monthly arithmetic mean of observed market records (https://kamis.kilimo.go.ke/site/market_search)
2022-02-01,Kisumu,Beans Rosecoco,118.61,Kg,Wholesale,KAMIS public market search; monthly arithmetic mean of observed market records (https://kamis.kilimo.go.ke/site/market_search)
2022-02-01,Kisumu,Dry Maize,39.808966,Kg,Wholesale,KAMIS public market search; monthly arithmetic mean of observed market records (https://kamis.kilimo.go.ke/site/market_search)
2022-02-01,Kisumu,Red Irish potato,41.0,Kg,Wholesale,KAMIS public market search; monthly arithmetic mean of observed market records (https://kamis.kilimo.go.ke/site/market_search)
2022-02-01,Kisumu,Red Sorghum,47.347273,Kg,Wholesale,KAMIS public market search; monthly arithmetic mean of observed market records (https://kamis.kilimo.go.ke/site/market_search)
2022-02-01,Kisumu,White Irish Potatoes,37.049231,Kg,Wholesale,KAMIS public market search; monthly arithmetic mean of observed market records (https://kamis.kilimo.go.ke/site/market_search)
2022-02-01,Kisumu,White Sorghum,53.75,kg,Wholesale,KAMIS public market search; monthly arithmetic mean of observed market records (https://kamis.kilimo.go.ke/site/market_search)
2022-02-01,Nairobi,Beans (Canadian wonder),86.985714,Kg,Wholesale,KAMIS public market search; monthly arithmetic mean of observed market records (https://kamis.kilimo.go.ke/site/market_search)
2022-02-01,Nairobi,Beans (Mwezi Moja),79.63,Kg,Wholesale,KAMIS public market search; monthly arithmetic mean of observed market records (https://kamis.kilimo.go.ke/site/market_search)
2022-02-01,Nairobi,Beans (Mwitemania),92.593333,Kg,Wholesale,KAMIS public market search; monthly arithmetic mean of observed market records (https://kamis.kilimo.go.ke/site/market_search)
2022-02-01,Nairobi,Beans (Yellow-Green),96.5275,Kg,Wholesale,KAMIS public market search; monthly arithmetic mean of observed market records (https://kamis.kilimo.go.ke/site/market_search)
2022-02-01,Nairobi,Beans Red Haricot (Wairimu),78.805,Kg,Wholesale,KAMIS public market search; monthly arithmetic mean of observed market records (https://kamis.kilimo.go.ke/site/market_search)
2022-02-01,Nairobi,Beans Rosecoco,90.926667,Kg,Wholesale,KAMIS public market search; monthly arithmetic mean of observed market records (https://kamis.kilimo.go.ke/site/market_search)
2022-02-01,Nairobi,Dry Maize,33.88875,Kg,Wholesale,KAMIS public market search; monthly arithmetic mean of observed market records (https://kamis.kilimo.go.ke/site/market_search)
2022-02-01,Nairobi,Red Sorghum,69.5125,Kg,Wholesale,KAMIS public market search; monthly arithmetic mean of observed market records (https://kamis.kilimo.go.ke/site/market_search)
2022-02-01,Nairobi,White Irish Potatoes,40.305,Kg,Wholesale,KAMIS public market search; monthly arithmetic mean of observed market records (https://kamis.kilimo.go.ke/site/market_search)
2022-02-01,Nairobi,White Sorghum,90.0,kg,Wholesale,KAMIS public market search; monthly arithmetic mean of observed market records (https://kamis.kilimo.go.ke/site/market_search)
2022-02-01,Nakuru,Beans (Canadian wonder),60.0,Kg,Wholesale,KAMIS public market search; monthly arithmetic mean of observed market records (https://kamis.kilimo.go.ke/site/market_search)
2022-02-01,Nakuru,Beans (Mwezi Moja),69.444444,Kg,Wholesale,KAMIS public market search; monthly arithmetic mean of observed market records (https://kamis.kilimo.go.ke/site/market_search)
2022-02-01,Nakuru,Beans (Mwitemania),61.842105,Kg,Wholesale,KAMIS public market search; monthly arithmetic mean of observed market records (https://kamis.kilimo.go.ke/site/market_search)
2022-02-01,Nakuru,Beans (Yellow-Green),71.052632,Kg,Wholesale,KAMIS public market search; monthly arithmetic mean of observed market records (https://kamis.kilimo.go.ke/site/market_search)
2022-02-01,Nakuru,Beans Red Haricot (Wairimu),341.052632,Kg,Wholesale,KAMIS public market search; monthly arithmetic mean of observed market records (https://kamis.kilimo.go.ke/site/market_search)
2022-02-01,Nakuru,Beans Rosecoco,70.0,Kg,Wholesale,KAMIS public market search; monthly arithmetic mean of observed market records (https://kamis.kilimo.go.ke/site/market_search)
2022-02-01,Nakuru,Dry Maize,78.923019,Kg,Wholesale,KAMIS public market search; monthly arithmetic mean of observed market records (https://kamis.kilimo.go.ke/site/market_search)
2022-02-01,Nakuru,Red Sorghum,50.0,Kg,Wholesale,KAMIS public market search; monthly arithmetic mean of observed market records (https://kamis.kilimo.go.ke/site/market_search)
2022-02-01,Nakuru,White Irish Potatoes,52.0,Kg,Wholesale,KAMIS public market search; monthly arithmetic mean of observed market records (https://kamis.kilimo.go.ke/site/market_search)
2022-02-01,Nakuru,White Sorghum,50.0,kg,Wholesale,KAMIS public market search; monthly arithmetic mean of observed market records (https://kamis.kilimo.go.ke/site/market_search)
2022-02-28,Eldoret,Beans (Rosecoco),8775.0,90_kg,Wholesale,FEWS NET Kenya wholesale API (https://fdw.fews.net/api/marketpricefacts.csv?country=KE&price_type=Wholesale)
2022-02-28,Eldoret,Maize Grain (White),2799.0,90_kg,Wholesale,FEWS NET Kenya wholesale API (https://fdw.fews.net/api/marketpricefacts.csv?country=KE&price_type=Wholesale)
2022-02-28,Eldoret,Potato (White),1900.0,110_kg,Wholesale,FEWS NET Kenya wholesale API (https://fdw.fews.net/api/marketpricefacts.csv?country=KE&price_type=Wholesale)
2022-02-28,Kisumu,Beans (Rosecoco),11196.0,90_kg,Wholesale,FEWS NET Kenya wholesale API (https://fdw.fews.net/api/marketpricefacts.csv?country=KE&price_type=Wholesale)
2022-02-28,Kisumu,Maize Grain (White),3996.0,90_kg,Wholesale,FEWS NET Kenya wholesale API (https://fdw.fews.net/api/marketpricefacts.csv?country=KE&price_type=Wholesale)
2022-02-28,Kisumu,Potato (White),2700.0,110_kg,Wholesale,FEWS NET Kenya wholesale API (https://fdw.fews.net/api/marketpricefacts.csv?country=KE&price_type=Wholesale)
2022-02-28,Mombasa,Beans (Rosecoco),9900.0,90_kg,Wholesale,FEWS NET Kenya wholesale API (https://fdw.fews.net/api/marketpricefacts.csv?country=KE&price_type=Wholesale)
2022-02-28,Mombasa,Maize Grain (White),3600.0,90_kg,Wholesale,FEWS NET Kenya wholesale API (https://fdw.fews.net/api/marketpricefacts.csv?country=KE&price_type=Wholesale)
2022-02-28,Nairobi,Beans (Rosecoco),7002.0,90_kg,Wholesale,FEWS NET Kenya wholesale API (https://fdw.fews.net/api/marketpricefacts.csv?country=KE&price_type=Wholesale)
2022-02-28,Nairobi,Maize Grain (White),2997.0,90_kg,Wholesale,FEWS NET Kenya wholesale API (https://fdw.fews.net/api/marketpricefacts.csv?country=KE&price_type=Wholesale)
2022-02-28,Nairobi,Potato (White),2000.0,110_kg,Wholesale,FEWS NET Kenya wholesale API (https://fdw.fews.net/api/marketpricefacts.csv?country=KE&price_type=Wholesale)
2022-03-01,Eldoret,Beans (Canadian wonder),61.25,Kg,Wholesale,KAMIS public market search; monthly arithmetic mean of observed market records (https://kamis.kilimo.go.ke/site/market_search)
2022-03-01,Eldoret,Beans (Mwezi Moja),79.0,Kg,Wholesale,KAMIS public market search; monthly arithmetic mean of observed market records (https://kamis.kilimo.go.ke/site/market_search)
2022-03-01,Eldoret,Beans (Mwitemania),81.888889,Kg,Wholesale,KAMIS public market search; monthly arithmetic mean of observed market records (https://kamis.kilimo.go.ke/site/market_search)
2022-03-01,Eldoret,Beans (Yellow-Green),105.375,Kg,Wholesale,KAMIS public market search; monthly arithmetic mean of observed market records (https://kamis.kilimo.go.ke/site/market_search)
2022-03-01,Eldoret,Beans Red Haricot (Wairimu),82.166667,Kg,Wholesale,KAMIS public market search; monthly arithmetic mean of observed market records (https://kamis.kilimo.go.ke/site/market_search)
2022-03-01,Eldoret,Beans Rosecoco,76.1875,Kg,Wholesale,KAMIS public market search; monthly arithmetic mean of observed market records (https://kamis.kilimo.go.ke/site/market_search)
2022-03-01,Eldoret,Dry Maize,53.345926,Kg,Wholesale,KAMIS public market search; monthly arithmetic mean of observed market records (https://kamis.kilimo.go.ke/site/market_search)
2022-03-01,Eldoret,Red Irish potato,26.0,Kg,Wholesale,KAMIS public market search; monthly arithmetic mean of observed market records (https://kamis.kilimo.go.ke/site/market_search)
2022-03-01,Eldoret,Red Sorghum,67.3,Kg,Wholesale,KAMIS public market search; monthly arithmetic mean of observed market records (https://kamis.kilimo.go.ke/site/market_search)
2022-03-01,Eldoret,White Irish Potatoes,30.619333,Kg,Wholesale,KAMIS public market search; monthly arithmetic mean of observed market records (https://kamis.kilimo.go.ke/site/market_search)
2022-03-01,Kisumu,Beans (Canadian wonder),106.67,Kg,Wholesale,KAMIS public market search; monthly arithmetic mean of observed market records (https://kamis.kilimo.go.ke/site/market_search)
2022-03-01,Kisumu,Beans (Mwezi Moja),101.15,Kg,Wholesale,KAMIS public market search; monthly arithmetic mean of observed market records (https://kamis.kilimo.go.ke/site/market_search)
2022-03-01,Kisumu,Beans (Mwitemania),97.144286,Kg,Wholesale,KAMIS public market search; monthly arithmetic mean of observed market records (https://kamis.kilimo.go.ke/site/market_search)
2022-03-01,Kisumu,Beans (Yellow-Green),124.418182,Kg,Wholesale,KAMIS public market search; monthly arithmetic mean of observed market records (https://kamis.kilimo.go.ke/site/market_search)
2022-03-01,Kisumu,Beans Red Haricot (Wairimu),95.039286,Kg,Wholesale,KAMIS public market search; monthly arithmetic mean of observed market records (https://kamis.kilimo.go.ke/site/market_search)
2022-03-01,Kisumu,Beans Rosecoco,119.2,Kg,Wholesale,KAMIS public market search; monthly arithmetic mean of observed market records (https://kamis.kilimo.go.ke/site/market_search)
2022-03-01,Kisumu,Dry Maize,41.1575,Kg,Wholesale,KAMIS public market search; monthly arithmetic mean of observed market records (https://kamis.kilimo.go.ke/site/market_search)
2022-03-01,Kisumu,Red Irish potato,38.666667,Kg,Wholesale,KAMIS public market search; monthly arithmetic mean of observed market records (https://kamis.kilimo.go.ke/site/market_search)
2022-03-01,Kisumu,Red Sorghum,46.651053,Kg,Wholesale,KAMIS public market search; monthly arithmetic mean of observed market records (https://kamis.kilimo.go.ke/site/market_search)
2022-03-01,Kisumu,White Irish Potatoes,38.838125,Kg,Wholesale,KAMIS public market search; monthly arithmetic mean of observed market records (https://kamis.kilimo.go.ke/site/market_search)
2022-03-01,Kisumu,White Sorghum,51.0,kg,Wholesale,KAMIS public market search; monthly arithmetic mean of observed market records (https://kamis.kilimo.go.ke/site/market_search)
2022-03-01,Nairobi,Beans (Canadian wonder),60.555,Kg,Wholesale,KAMIS public market search; monthly arithmetic mean of observed market records (https://kamis.kilimo.go.ke/site/market_search)
2022-03-01,Nairobi,Beans (Mwezi Moja),61.665,Kg,Wholesale,KAMIS public market search; monthly arithmetic mean of observed market records (https://kamis.kilimo.go.ke/site/market_search)
2022-03-01,Nairobi,Beans (Mwitemania),74.443333,Kg,Wholesale,KAMIS public market search; monthly arithmetic mean of observed market records (https://kamis.kilimo.go.ke/site/market_search)
2022-03-01,Nairobi,Beans (Yellow-Green),799.262727,Kg,Wholesale,KAMIS public market search; monthly arithmetic mean of observed market records (https://kamis.kilimo.go.ke/site/market_search)
2022-03-01,Nairobi,Beans Red Haricot (Wairimu),69.15375,Kg,Wholesale,KAMIS public market search; monthly arithmetic mean of observed market records (https://kamis.kilimo.go.ke/site/market_search)
2022-03-01,Nairobi,Beans Rosecoco,77.543,Kg,Wholesale,KAMIS public market search; monthly arithmetic mean of observed market records (https://kamis.kilimo.go.ke/site/market_search)
2022-03-01,Nairobi,Dry Maize,33.255,Kg,Wholesale,KAMIS public market search; monthly arithmetic mean of observed market records (https://kamis.kilimo.go.ke/site/market_search)
2022-03-01,Nairobi,Red Sorghum,59.285714,Kg,Wholesale,KAMIS public market search; monthly arithmetic mean of observed market records (https://kamis.kilimo.go.ke/site/market_search)
2022-03-01,Nairobi,White Irish Potatoes,40.1,Kg,Wholesale,KAMIS public market search; monthly arithmetic mean of observed market records (https://kamis.kilimo.go.ke/site/market_search)
2022-03-01,Nakuru,Beans (Canadian wonder),60.0,Kg,Wholesale,KAMIS public market search; monthly arithmetic mean of observed market records (https://kamis.kilimo.go.ke/site/market_search)
2022-03-01,Nakuru,Beans (Mwezi Moja),70.0,Kg,Wholesale,KAMIS public market search; monthly arithmetic mean of observed market records (https://kamis.kilimo.go.ke/site/market_search)
2022-03-01,Nakuru,Beans (Mwitemania),61.190476,Kg,Wholesale,KAMIS public market search; monthly arithmetic mean of observed market records (https://kamis.kilimo.go.ke/site/market_search)
2022-03-01,Nakuru,Beans (Yellow-Green),71.0,Kg,Wholesale,KAMIS public market search; monthly arithmetic mean of observed market records (https://kamis.kilimo.go.ke/site/market_search)
2022-03-01,Nakuru,Beans Red Haricot (Wairimu),60.0,Kg,Wholesale,KAMIS public market search; monthly arithmetic mean of observed market records (https://kamis.kilimo.go.ke/site/market_search)
2022-03-01,Nakuru,Beans Rosecoco,70.0,Kg,Wholesale,KAMIS public market search; monthly arithmetic mean of observed market records (https://kamis.kilimo.go.ke/site/market_search)
2022-03-01,Nakuru,Dry Maize,72.760476,Kg,Wholesale,KAMIS public market search; monthly arithmetic mean of observed market records (https://kamis.kilimo.go.ke/site/market_search)
2022-03-01,Nakuru,Red Sorghum,48.636364,Kg,Wholesale,KAMIS public market search; monthly arithmetic mean of observed market records (https://kamis.kilimo.go.ke/site/market_search)
2022-03-01,Nakuru,White Irish Potatoes,52.96963,Kg,Wholesale,KAMIS public market search; monthly arithmetic mean of observed market records (https://kamis.kilimo.go.ke/site/market_search)
2022-03-01,Nakuru,White Sorghum,50.0,kg,Wholesale,KAMIS public market search; monthly arithmetic mean of observed market records (https://kamis.kilimo.go.ke/site/market_search)
2022-03-31,Eldoret,Beans (Rosecoco),6471.0,90_kg,Wholesale,FEWS NET Kenya wholesale API (https://fdw.fews.net/api/marketpricefacts.csv?country=KE&price_type=Wholesale)
2022-03-31,Eldoret,Maize Grain (White),3459.0,90_kg,Wholesale,FEWS NET Kenya wholesale API (https://fdw.fews.net/api/marketpricefacts.csv?country=KE&price_type=Wholesale)
2022-03-31,Eldoret,Sorghum (Red),5456.25,90_kg,Wholesale,FEWS NET Kenya wholesale API (https://fdw.fews.net/api/marketpricefacts.csv?country=KE&price_type=Wholesale)
2022-03-31,Kisumu,Beans (Rosecoco),10427.0,90_kg,Wholesale,FEWS NET Kenya wholesale API (https://fdw.fews.net/api/marketpricefacts.csv?country=KE&price_type=Wholesale)
2022-03-31,Kisumu,Maize Grain (White),3996.0,90_kg,Wholesale,FEWS NET Kenya wholesale API (https://fdw.fews.net/api/marketpricefacts.csv?country=KE&price_type=Wholesale)
2022-03-31,Kisumu,Sorghum (Red),4050.0,90_kg,Wholesale,FEWS NET Kenya wholesale API (https://fdw.fews.net/api/marketpricefacts.csv?country=KE&price_type=Wholesale)
2022-03-31,Mombasa,Beans (Rosecoco),9900.0,90_kg,Wholesale,FEWS NET Kenya wholesale API (https://fdw.fews.net/api/marketpricefacts.csv?country=KE&price_type=Wholesale)
2022-03-31,Mombasa,Maize Grain (White),4500.0,90_kg,Wholesale,FEWS NET Kenya wholesale API (https://fdw.fews.net/api/marketpricefacts.csv?country=KE&price_type=Wholesale)
2022-03-31,Nairobi,Beans (Rosecoco),6540.0,90_kg,Wholesale,FEWS NET Kenya wholesale API (https://fdw.fews.net/api/marketpricefacts.csv?country=KE&price_type=Wholesale)
2022-03-31,Nairobi,Maize Grain (White),2988.0,90_kg,Wholesale,FEWS NET Kenya wholesale API (https://fdw.fews.net/api/marketpricefacts.csv?country=KE&price_type=Wholesale)
2022-03-31,Nairobi,Sorghum (Red),5456.0,90_kg,Wholesale,FEWS NET Kenya wholesale API (https://fdw.fews.net/api/marketpricefacts.csv?country=KE&price_type=Wholesale)
2022-04-01,Eldoret,Beans (Mwezi Moja),82.25,Kg,Wholesale,KAMIS public market search; monthly arithmetic mean of observed market records (https://kamis.kilimo.go.ke/site/market_search)
2022-04-01,Eldoret,Beans (Mwitemania),96.0,Kg,Wholesale,KAMIS public market search; monthly arithmetic mean of observed market records (https://kamis.kilimo.go.ke/site/market_search)
2022-04-01,Eldoret,Beans (Yellow-Green),143.5,Kg,Wholesale,KAMIS public market search; monthly arithmetic mean of observed market records (https://kamis.kilimo.go.ke/site/market_search)
2022-04-01,Eldoret,Beans Red Haricot (Wairimu),76.0,Kg,Wholesale,KAMIS public market search; monthly arithmetic mean of observed market records (https://kamis.kilimo.go.ke/site/market_search)
2022-04-01,Eldoret,Beans Rosecoco,94.666667,Kg,Wholesale,KAMIS public market search; monthly arithmetic mean of observed market records (https://kamis.kilimo.go.ke/site/market_search)
2022-04-01,Eldoret,Dry Maize,43.845556,Kg,Wholesale,KAMIS public market search; monthly arithmetic mean of observed market records (https://kamis.kilimo.go.ke/site/market_search)
2022-04-01,Eldoret,Red Irish potato,30.0,Kg,Wholesale,KAMIS public market search; monthly arithmetic mean of observed market records (https://kamis.kilimo.go.ke/site/market_search)
2022-04-01,Eldoret,Red Sorghum,68.333333,Kg,Wholesale,KAMIS public market search; monthly arithmetic mean of observed market records (https://kamis.kilimo.go.ke/site/market_search)
2022-04-01,Eldoret,White Irish Potatoes,54.296923,Kg,Wholesale,KAMIS public market search; monthly arithmetic mean of observed market records (https://kamis.kilimo.go.ke/site/market_search)
2022-04-01,Kisumu,Beans (Canadian wonder),106.67,Kg,Wholesale,KAMIS public market search; monthly arithmetic mean of observed market records (https://kamis.kilimo.go.ke/site/market_search)
2022-04-01,Kisumu,Beans (Mwezi Moja),99.666,Kg,Wholesale,KAMIS public market search; monthly arithmetic mean of observed market records (https://kamis.kilimo.go.ke/site/market_search)
2022-04-01,Kisumu,Beans (Mwitemania),104.556,Kg,Wholesale,KAMIS public market search; monthly arithmetic mean of observed market records (https://kamis.kilimo.go.ke/site/market_search)
2022-04-01,Kisumu,Beans (Yellow-Green),128.850667,Kg,Wholesale,KAMIS public market search; monthly arithmetic mean of observed market records (https://kamis.kilimo.go.ke/site/market_search)
2022-04-01,Kisumu,Beans Red Haricot (Wairimu),111.11,Kg,Wholesale,KAMIS public market search; monthly arithmetic mean of observed market records (https://kamis.kilimo.go.ke/site/market_search)
2022-04-01,Kisumu,Beans Rosecoco,131.332,Kg,Wholesale,KAMIS public market search; monthly arithmetic mean of observed market records (https://kamis.kilimo.go.ke/site/market_search)
2022-04-01,Kisumu,Dry Maize,45.700455,Kg,Wholesale,KAMIS public market search; monthly arithmetic mean of observed market records (https://kamis.kilimo.go.ke/site/market_search)
2022-04-01,Kisumu,Red Irish potato,45.0,Kg,Wholesale,KAMIS public market search; monthly arithmetic mean of observed market records (https://kamis.kilimo.go.ke/site/market_search)
2022-04-01,Kisumu,Red Sorghum,47.905385,Kg,Wholesale,KAMIS public market search; monthly arithmetic mean of observed market records (https://kamis.kilimo.go.ke/site/market_search)
2022-04-01,Kisumu,White Irish Potatoes,44.289,Kg,Wholesale,KAMIS public market search; monthly arithmetic mean of observed market records (https://kamis.kilimo.go.ke/site/market_search)
2022-04-01,Kisumu,White Sorghum,55.0,kg,Wholesale,KAMIS public market search; monthly arithmetic mean of observed market records (https://kamis.kilimo.go.ke/site/market_search)
2022-04-01,Nairobi,Beans (Canadian wonder),75.235,Kg,Wholesale,KAMIS public market search; monthly arithmetic mean of observed market records (https://kamis.kilimo.go.ke/site/market_search)
2022-04-01,Nairobi,Beans (Mwezi Moja),91.67,Kg,Wholesale,KAMIS public market search; monthly arithmetic mean of observed market records (https://kamis.kilimo.go.ke/site/market_search)
2022-04-01,Nairobi,Beans (Mwitemania),79.721,Kg,Wholesale,KAMIS public market search; monthly arithmetic mean of observed market records (https://kamis.kilimo.go.ke/site/market_search)
2022-04-01,Nairobi,Beans (Yellow-Green),94.077857,Kg,Wholesale,KAMIS public market search; monthly arithmetic mean of observed market records (https://kamis.kilimo.go.ke/site/market_search)
2022-04-01,Nairobi,Beans Red Haricot (Wairimu),80.213077,Kg,Wholesale,KAMIS public market search; monthly arithmetic mean of observed market records (https://kamis.kilimo.go.ke/site/market_search)
2022-04-01,Nairobi,Beans Rosecoco,87.64,Kg,Wholesale,KAMIS public market search; monthly arithmetic mean of observed market records (https://kamis.kilimo.go.ke/site/market_search)
2022-04-01,Nairobi,Dry Maize,68.723,Kg,Wholesale,KAMIS public market search; monthly arithmetic mean of observed market records (https://kamis.kilimo.go.ke/site/market_search)
2022-04-01,Nairobi,Red Sorghum,54.1,Kg,Wholesale,KAMIS public market search; monthly arithmetic mean of observed market records (https://kamis.kilimo.go.ke/site/market_search)
2022-04-01,Nairobi,White Irish Potatoes,41.777778,Kg,Wholesale,KAMIS public market search; monthly arithmetic mean of observed market records (https://kamis.kilimo.go.ke/site/market_search)
2022-04-01,Nairobi,White Sorghum,53.333333,kg,Wholesale,KAMIS public market search; monthly arithmetic mean of observed market records (https://kamis.kilimo.go.ke/site/market_search)
2022-04-01,Nakuru,Beans (Canadian wonder),76.923077,Kg,Wholesale,KAMIS public market search; monthly arithmetic mean of observed market records (https://kamis.kilimo.go.ke/site/market_search)
2022-04-01,Nakuru,Beans (Mwezi Moja),74.615385,Kg,Wholesale,KAMIS public market search; monthly arithmetic mean of observed market records (https://kamis.kilimo.go.ke/site/market_search)
2022-04-01,Nakuru,Beans (Mwitemania),74.615385,Kg,Wholesale,KAMIS public market search; monthly arithmetic mean of observed market records (https://kamis.kilimo.go.ke/site/market_search)
2022-04-01,Nakuru,Beans (Yellow-Green),78.461538,Kg,Wholesale,KAMIS public market search; monthly arithmetic mean of observed market records (https://kamis.kilimo.go.ke/site/market_search)
2022-04-01,Nakuru,Beans Red Haricot (Wairimu),81.793846,Kg,Wholesale,KAMIS public market search; monthly arithmetic mean of observed market records (https://kamis.kilimo.go.ke/site/market_search)
2022-04-01,Nakuru,Beans Rosecoco,82.307692,Kg,Wholesale,KAMIS public market search; monthly arithmetic mean of observed market records (https://kamis.kilimo.go.ke/site/market_search)
2022-04-01,Nakuru,Dry Maize,80.729487,Kg,Wholesale,KAMIS public market search; monthly arithmetic mean of observed market records (https://kamis.kilimo.go.ke/site/market_search)
2022-04-01,Nakuru,Red Sorghum,50.0,Kg,Wholesale,KAMIS public market search; monthly arithmetic mean of observed market records (https://kamis.kilimo.go.ke/site/market_search)
2022-04-01,Nakuru,White Irish Potatoes,79.285714,Kg,Wholesale,KAMIS public market search; monthly arithmetic mean of observed market records (https://kamis.kilimo.go.ke/site/market_search)
2022-04-01,Nakuru,White Sorghum,50.0,kg,Wholesale,KAMIS public market search; monthly arithmetic mean of observed market records (https://kamis.kilimo.go.ke/site/market_search)
2022-04-30,Eldoret,Beans (Rosecoco),8585.0,90_kg,Wholesale,FEWS NET Kenya wholesale API (https://fdw.fews.net/api/marketpricefacts.csv?country=KE&price_type=Wholesale)
2022-04-30,Eldoret,Maize Grain (White),4100.0,90_kg,Wholesale,FEWS NET Kenya wholesale API (https://fdw.fews.net/api/marketpricefacts.csv?country=KE&price_type=Wholesale)
2022-04-30,Eldoret,Sorghum (Red),4725.0,90_kg,Wholesale,FEWS NET Kenya wholesale API (https://fdw.fews.net/api/marketpricefacts.csv?country=KE&price_type=Wholesale)
2022-04-30,Kisumu,Beans (Rosecoco),11200.0,90_kg,Wholesale,FEWS NET Kenya wholesale API (https://fdw.fews.net/api/marketpricefacts.csv?country=KE&price_type=Wholesale)
2022-04-30,Kisumu,Maize Grain (White),4392.0,90_kg,Wholesale,FEWS NET Kenya wholesale API (https://fdw.fews.net/api/marketpricefacts.csv?country=KE&price_type=Wholesale)
2022-04-30,Kisumu,Sorghum (Red),4198.0,90_kg,Wholesale,FEWS NET Kenya wholesale API (https://fdw.fews.net/api/marketpricefacts.csv?country=KE&price_type=Wholesale)
2022-04-30,Mombasa,Beans (Rosecoco),9000.0,90_kg,Wholesale,FEWS NET Kenya wholesale API (https://fdw.fews.net/api/marketpricefacts.csv?country=KE&price_type=Wholesale)
2022-04-30,Mombasa,Maize Grain (White),4500.0,90_kg,Wholesale,FEWS NET Kenya wholesale API (https://fdw.fews.net/api/marketpricefacts.csv?country=KE&price_type=Wholesale)
2022-04-30,Nairobi,Beans (Rosecoco),9040.0,90_kg,Wholesale,FEWS NET Kenya wholesale API (https://fdw.fews.net/api/marketpricefacts.csv?country=KE&price_type=Wholesale)
2022-04-30,Nairobi,Maize Grain (White),4500.0,90_kg,Wholesale,FEWS NET Kenya wholesale API (https://fdw.fews.net/api/marketpricefacts.csv?country=KE&price_type=Wholesale)
2022-04-30,Nairobi,Sorghum (Red),5490.0,90_kg,Wholesale,FEWS NET Kenya wholesale API (https://fdw.fews.net/api/marketpricefacts.csv?country=KE&price_type=Wholesale)
2022-05-01,Eldoret,Beans (Mwezi Moja),80.75,Kg,Wholesale,KAMIS public market search; monthly arithmetic mean of observed market records (https://kamis.kilimo.go.ke/site/market_search)
2022-05-01,Eldoret,Beans (Mwitemania),111.428571,Kg,Wholesale,KAMIS public market search; monthly arithmetic mean of observed market records (https://kamis.kilimo.go.ke/site/market_search)
2022-05-01,Eldoret,Beans (Yellow-Green),121.0,Kg,Wholesale,KAMIS public market search; monthly arithmetic mean of observed market records (https://kamis.kilimo.go.ke/site/market_search)
2022-05-01,Eldoret,Beans Red Haricot (Wairimu),83.25,Kg,Wholesale,KAMIS public market search; monthly arithmetic mean of observed market records (https://kamis.kilimo.go.ke/site/market_search)
2022-05-01,Eldoret,Beans Rosecoco,92.0,Kg,Wholesale,KAMIS public market search; monthly arithmetic mean of observed market records (https://kamis.kilimo.go.ke/site/market_search)
2022-05-01,Eldoret,Dry Maize,44.699259,Kg,Wholesale,KAMIS public market search; monthly arithmetic mean of observed market records (https://kamis.kilimo.go.ke/site/market_search)
2022-05-01,Eldoret,Red Irish potato,32.0,Kg,Wholesale,KAMIS public market search; monthly arithmetic mean of observed market records (https://kamis.kilimo.go.ke/site/market_search)
2022-05-01,Eldoret,Red Sorghum,61.428571,Kg,Wholesale,KAMIS public market search; monthly arithmetic mean of observed market records (https://kamis.kilimo.go.ke/site/market_search)
2022-05-01,Eldoret,White Irish Potatoes,47.904762,Kg,Wholesale,KAMIS public market search; monthly arithmetic mean of observed market records (https://kamis.kilimo.go.ke/site/market_search)
2022-05-01,Eldoret,White Sorghum,85.833333,kg,Wholesale,KAMIS public market search; monthly arithmetic mean of observed market records (https://kamis.kilimo.go.ke/site/market_search)
2022-05-01,Kisumu,Beans (Canadian wonder),106.67,Kg,Wholesale,KAMIS public market search; monthly arithmetic mean of observed market records (https://kamis.kilimo.go.ke/site/market_search)
2022-05-01,Kisumu,Beans (Mwezi Moja),103.736364,Kg,Wholesale,KAMIS public market search; monthly arithmetic mean of observed market records (https://kamis.kilimo.go.ke/site/market_search)
2022-05-01,Kisumu,Beans (Mwitemania),99.682857,Kg,Wholesale,KAMIS public market search; monthly arithmetic mean of observed market records (https://kamis.kilimo.go.ke/site/market_search)
2022-05-01,Kisumu,Beans (Yellow-Green),137.3,Kg,Wholesale,KAMIS public market search; monthly arithmetic mean of observed market records (https://kamis.kilimo.go.ke/site/market_search)
2022-05-01,Kisumu,Beans Red Haricot (Wairimu),111.11,Kg,Wholesale,KAMIS public market search; monthly arithmetic mean of observed market records (https://kamis.kilimo.go.ke/site/market_search)
2022-05-01,Kisumu,Beans Rosecoco,134.22,Kg,Wholesale,KAMIS public market search; monthly arithmetic mean of observed market records (https://kamis.kilimo.go.ke/site/market_search)
2022-05-01,Kisumu,Dry Maize,50.9108,Kg,Wholesale,KAMIS public market search; monthly arithmetic mean of observed market records (https://kamis.kilimo.go.ke/site/market_search)
2022-05-01,Kisumu,Red Irish potato,41.0,Kg,Wholesale,KAMIS public market search; monthly arithmetic mean of observed market records (https://kamis.kilimo.go.ke/site/market_search)
2022-05-01,Kisumu,Red Sorghum,53.204,Kg,Wholesale,KAMIS public market search; monthly arithmetic mean of observed market records (https://kamis.kilimo.go.ke/site/market_search)
2022-05-01,Kisumu,White Irish Potatoes,50.25,Kg,Wholesale,KAMIS public market search; monthly arithmetic mean of observed market records (https://kamis.kilimo.go.ke/site/market_search)
2022-05-01,Kisumu,White Sorghum,70.0,kg,Wholesale,KAMIS public market search; monthly arithmetic mean of observed market records (https://kamis.kilimo.go.ke/site/market_search)
2022-05-01,Nairobi,Beans (Canadian wonder),87.283333,Kg,Wholesale,KAMIS public market search; monthly arithmetic mean of observed market records (https://kamis.kilimo.go.ke/site/market_search)
2022-05-01,Nairobi,Beans (Mwezi Moja),103.583333,Kg,Wholesale,KAMIS public market search; monthly arithmetic mean of observed market records (https://kamis.kilimo.go.ke/site/market_search)
2022-05-01,Nairobi,Beans (Mwitemania),92.222143,Kg,Wholesale,KAMIS public market search; monthly arithmetic mean of observed market records (https://kamis.kilimo.go.ke/site/market_search)
2022-05-01,Nairobi,Beans (Yellow-Green),98.089444,Kg,Wholesale,KAMIS public market search; monthly arithmetic mean of observed market records (https://kamis.kilimo.go.ke/site/market_search)
2022-05-01,Nairobi,Beans Red Haricot (Wairimu),85.983889,Kg,Wholesale,KAMIS public market search; monthly arithmetic mean of observed market records (https://kamis.kilimo.go.ke/site/market_search)
2022-05-01,Nairobi,Beans Rosecoco,92.972941,Kg,Wholesale,KAMIS public market search; monthly arithmetic mean of observed market records (https://kamis.kilimo.go.ke/site/market_search)
2022-05-01,Nairobi,Dry Maize,111.264286,Kg,Wholesale,KAMIS public market search; monthly arithmetic mean of observed market records (https://kamis.kilimo.go.ke/site/market_search)
2022-05-01,Nairobi,Red Sorghum,58.466667,Kg,Wholesale,KAMIS public market search; monthly arithmetic mean of observed market records (https://kamis.kilimo.go.ke/site/market_search)
2022-05-01,Nairobi,White Irish Potatoes,50.0,Kg,Wholesale,KAMIS public market search; monthly arithmetic mean of observed market records (https://kamis.kilimo.go.ke/site/market_search)
2022-05-01,Nakuru,Beans (Canadian wonder),80.0,Kg,Wholesale,KAMIS public market search; monthly arithmetic mean of observed market records (https://kamis.kilimo.go.ke/site/market_search)
2022-05-01,Nakuru,Beans (Mwezi Moja),80.0,Kg,Wholesale,KAMIS public market search; monthly arithmetic mean of observed market records (https://kamis.kilimo.go.ke/site/market_search)
2022-05-01,Nakuru,Beans (Mwitemania),80.0,Kg,Wholesale,KAMIS public market search; monthly arithmetic mean of observed market records (https://kamis.kilimo.go.ke/site/market_search)
2022-05-01,Nakuru,Beans (Yellow-Green),80.0,Kg,Wholesale,KAMIS public market search; monthly arithmetic mean of observed market records (https://kamis.kilimo.go.ke/site/market_search)
2022-05-01,Nakuru,Beans Red Haricot (Wairimu),83.397647,Kg,Wholesale,KAMIS public market search; monthly arithmetic mean of observed market records (https://kamis.kilimo.go.ke/site/market_search)
2022-05-01,Nakuru,Beans Rosecoco,92.741176,Kg,Wholesale,KAMIS public market search; monthly arithmetic mean of observed market records (https://kamis.kilimo.go.ke/site/market_search)
2022-05-01,Nakuru,Dry Maize,83.024,Kg,Wholesale,KAMIS public market search; monthly arithmetic mean of observed market records (https://kamis.kilimo.go.ke/site/market_search)
2022-05-01,Nakuru,Red Sorghum,55.00125,Kg,Wholesale,KAMIS public market search; monthly arithmetic mean of observed market records (https://kamis.kilimo.go.ke/site/market_search)
2022-05-01,Nakuru,White Irish Potatoes,77.0,Kg,Wholesale,KAMIS public market search; monthly arithmetic mean of observed market records (https://kamis.kilimo.go.ke/site/market_search)
2022-05-01,Nakuru,White Sorghum,51.852,kg,Wholesale,KAMIS public market search; monthly arithmetic mean of observed market records (https://kamis.kilimo.go.ke/site/market_search)
2022-05-31,Eldoret,Beans (Rosecoco),7650.0,90_kg,Wholesale,FEWS NET Kenya wholesale API (https://fdw.fews.net/api/marketpricefacts.csv?country=KE&price_type=Wholesale)
2022-05-31,Eldoret,Maize Grain (White),4140.0,90_kg,Wholesale,FEWS NET Kenya wholesale API (https://fdw.fews.net/api/marketpricefacts.csv?country=KE&price_type=Wholesale)
2022-05-31,Eldoret,Potato (White),2500.0,110_kg,Wholesale,FEWS NET Kenya wholesale API (https://fdw.fews.net/api/marketpricefacts.csv?country=KE&price_type=Wholesale)
2022-05-31,Eldoret,Sorghum (Red),9000.0,90_kg,Wholesale,FEWS NET Kenya wholesale API (https://fdw.fews.net/api/marketpricefacts.csv?country=KE&price_type=Wholesale)
2022-05-31,Kisumu,Beans (Rosecoco),11196.0,90_kg,Wholesale,FEWS NET Kenya wholesale API (https://fdw.fews.net/api/marketpricefacts.csv?country=KE&price_type=Wholesale)
2022-05-31,Kisumu,Maize Grain (White),4797.0,90_kg,Wholesale,FEWS NET Kenya wholesale API (https://fdw.fews.net/api/marketpricefacts.csv?country=KE&price_type=Wholesale)
2022-05-31,Kisumu,Potato (White),2700.0,110_kg,Wholesale,FEWS NET Kenya wholesale API (https://fdw.fews.net/api/marketpricefacts.csv?country=KE&price_type=Wholesale)
2022-05-31,Mombasa,Beans (Rosecoco),10500.0,90_kg,Wholesale,FEWS NET Kenya wholesale API (https://fdw.fews.net/api/marketpricefacts.csv?country=KE&price_type=Wholesale)
2022-05-31,Mombasa,Maize Grain (White),6000.0,90_kg,Wholesale,FEWS NET Kenya wholesale API (https://fdw.fews.net/api/marketpricefacts.csv?country=KE&price_type=Wholesale)
2022-05-31,Nairobi,Beans (Rosecoco),8424.0,90_kg,Wholesale,FEWS NET Kenya wholesale API (https://fdw.fews.net/api/marketpricefacts.csv?country=KE&price_type=Wholesale)
2022-05-31,Nairobi,Maize Grain (White),4950.0,90_kg,Wholesale,FEWS NET Kenya wholesale API (https://fdw.fews.net/api/marketpricefacts.csv?country=KE&price_type=Wholesale)
2022-05-31,Nairobi,Potato (White),2400.0,110_kg,Wholesale,FEWS NET Kenya wholesale API (https://fdw.fews.net/api/marketpricefacts.csv?country=KE&price_type=Wholesale)
2022-05-31,Nairobi,Sorghum (Red),4820.0,90_kg,Wholesale,FEWS NET Kenya wholesale API (https://fdw.fews.net/api/marketpricefacts.csv?country=KE&price_type=Wholesale)
2022-06-01,Eldoret,Beans (Canadian wonder),110.0,Kg,Wholesale,KAMIS public market search; monthly arithmetic mean of observed market records (https://kamis.kilimo.go.ke/site/market_search)
2022-06-01,Eldoret,Beans (Mwezi Moja),100.562667,Kg,Wholesale,KAMIS public market search; monthly arithmetic mean of observed market records (https://kamis.kilimo.go.ke/site/market_search)
2022-06-01,Eldoret,Beans (Mwitemania),97.0,Kg,Wholesale,KAMIS public market search; monthly arithmetic mean of observed market records (https://kamis.kilimo.go.ke/site/market_search)
2022-06-01,Eldoret,Beans (Yellow-Green),121.923077,Kg,Wholesale,KAMIS public market search; monthly arithmetic mean of observed market records (https://kamis.kilimo.go.ke/site/market_search)
2022-06-01,Eldoret,Beans Red Haricot (Wairimu),83.0,Kg,Wholesale,KAMIS public market search; monthly arithmetic mean of observed market records (https://kamis.kilimo.go.ke/site/market_search)
2022-06-01,Eldoret,Beans Rosecoco,90.75,Kg,Wholesale,KAMIS public market search; monthly arithmetic mean of observed market records (https://kamis.kilimo.go.ke/site/market_search)
2022-06-01,Eldoret,Dry Maize,50.344286,Kg,Wholesale,KAMIS public market search; monthly arithmetic mean of observed market records (https://kamis.kilimo.go.ke/site/market_search)
2022-06-01,Eldoret,Red Irish potato,28.333333,Kg,Wholesale,KAMIS public market search; monthly arithmetic mean of observed market records (https://kamis.kilimo.go.ke/site/market_search)
2022-06-01,Eldoret,Red Sorghum,66.666667,Kg,Wholesale,KAMIS public market search; monthly arithmetic mean of observed market records (https://kamis.kilimo.go.ke/site/market_search)
2022-06-01,Eldoret,White Irish Potatoes,35.8785,Kg,Wholesale,KAMIS public market search; monthly arithmetic mean of observed market records (https://kamis.kilimo.go.ke/site/market_search)
2022-06-01,Eldoret,White Sorghum,75.0,kg,Wholesale,KAMIS public market search; monthly arithmetic mean of observed market records (https://kamis.kilimo.go.ke/site/market_search)
2022-06-01,Kisumu,Beans (Canadian wonder),106.67,Kg,Wholesale,KAMIS public market search; monthly arithmetic mean of observed market records (https://kamis.kilimo.go.ke/site/market_search)
2022-06-01,Kisumu,Beans (Mwezi Moja),113.147778,Kg,Wholesale,KAMIS public market search; monthly arithmetic mean of observed market records (https://kamis.kilimo.go.ke/site/market_search)
2022-06-01,Kisumu,Beans (Mwitemania),116.666667,Kg,Wholesale,KAMIS public market search; monthly arithmetic mean of observed market records (https://kamis.kilimo.go.ke/site/market_search)
2022-06-01,Kisumu,Beans (Yellow-Green),144.953333,Kg,Wholesale,KAMIS public market search; monthly arithmetic mean of observed market records (https://kamis.kilimo.go.ke/site/market_search)
2022-06-01,Kisumu,Beans Red Haricot (Wairimu),108.195,Kg,Wholesale,KAMIS public market search; monthly arithmetic mean of observed market records (https://kamis.kilimo.go.ke/site/market_search)
2022-06-01,Kisumu,Beans Rosecoco,133.888182,Kg,Wholesale,KAMIS public market search; monthly arithmetic mean of observed market records (https://kamis.kilimo.go.ke/site/market_search)
2022-06-01,Kisumu,Dry Maize,63.8885,Kg,Wholesale,KAMIS public market search; monthly arithmetic mean of observed market records (https://kamis.kilimo.go.ke/site/market_search)
2022-06-01,Kisumu,Red Irish potato,39.833333,Kg,Wholesale,KAMIS public market search; monthly arithmetic mean of observed market records (https://kamis.kilimo.go.ke/site/market_search)
2022-06-01,Kisumu,Red Sorghum,61.707273,Kg,Wholesale,KAMIS public market search; monthly arithmetic mean of observed market records (https://kamis.kilimo.go.ke/site/market_search)
2022-06-01,Kisumu,White Irish Potatoes,60.64375,Kg,Wholesale,KAMIS public market search; monthly arithmetic mean of observed market records (https://kamis.kilimo.go.ke/site/market_search)
2022-06-01,Kisumu,White Sorghum,85.0,kg,Wholesale,KAMIS public market search; monthly arithmetic mean of observed market records (https://kamis.kilimo.go.ke/site/market_search)
2022-06-01,Mombasa,Beans (Mwitemania),99.0,Kg,Wholesale,KAMIS public market search; monthly arithmetic mean of observed market records (https://kamis.kilimo.go.ke/site/market_search)
2022-06-01,Mombasa,Beans (Yellow-Green),110.3,Kg,Wholesale,KAMIS public market search; monthly arithmetic mean of observed market records (https://kamis.kilimo.go.ke/site/market_search)
2022-06-01,Mombasa,Dry Maize,64.835,Kg,Wholesale,KAMIS public market search; monthly arithmetic mean of observed market records (https://kamis.kilimo.go.ke/site/market_search)
2022-06-01,Mombasa,Red Irish potato,74.0,Kg,Wholesale,KAMIS public market search; monthly arithmetic mean of observed market records (https://kamis.kilimo.go.ke/site/market_search)
2022-06-01,Mombasa,White Irish Potatoes,50.19,Kg,Wholesale,KAMIS public market search; monthly arithmetic mean of observed market records (https://kamis.kilimo.go.ke/site/market_search)
2022-06-01,Nairobi,Beans (Canadian wonder),95.675556,Kg,Wholesale,KAMIS public market search; monthly arithmetic mean of observed market records (https://kamis.kilimo.go.ke/site/market_search)
2022-06-01,Nairobi,Beans (Mwezi Moja),100.292632,Kg,Wholesale,KAMIS public market search; monthly arithmetic mean of observed market records (https://kamis.kilimo.go.ke/site/market_search)
2022-06-01,Nairobi,Beans (Mwitemania),92.962105,Kg,Wholesale,KAMIS public market search; monthly arithmetic mean of observed market records (https://kamis.kilimo.go.ke/site/market_search)
2022-06-01,Nairobi,Beans (Yellow-Green),444.4912,Kg,Wholesale,KAMIS public market search; monthly arithmetic mean of observed market records (https://kamis.kilimo.go.ke/site/market_search)
2022-06-01,Nairobi,Beans Red Haricot (Wairimu),94.95,Kg,Wholesale,KAMIS public market search; monthly arithmetic mean of observed market records (https://kamis.kilimo.go.ke/site/market_search)
2022-06-01,Nairobi,Beans Rosecoco,98.255238,Kg,Wholesale,KAMIS public market search; monthly arithmetic mean of observed market records (https://kamis.kilimo.go.ke/site/market_search)
2022-06-01,Nairobi,Dry Maize,103.56,Kg,Wholesale,KAMIS public market search; monthly arithmetic mean of observed market records (https://kamis.kilimo.go.ke/site/market_search)
2022-06-01,Nairobi,Red Sorghum,68.684211,Kg,Wholesale,KAMIS public market search; monthly arithmetic mean of observed market records (https://kamis.kilimo.go.ke/site/market_search)
2022-06-01,Nairobi,White Irish Potatoes,50.285714,Kg,Wholesale,KAMIS public market search; monthly arithmetic mean of observed market records (https://kamis.kilimo.go.ke/site/market_search)
2022-06-01,Nakuru,Beans (Yellow-Green),95.0,Kg,Wholesale,KAMIS public market search; monthly arithmetic mean of observed market records (https://kamis.kilimo.go.ke/site/market_search)
2022-06-01,Nakuru,Beans Red Haricot (Wairimu),85.0,Kg,Wholesale,KAMIS public market search; monthly arithmetic mean of observed market records (https://kamis.kilimo.go.ke/site/market_search)
2022-06-01,Nakuru,Beans Rosecoco,90.0,Kg,Wholesale,KAMIS public market search; monthly arithmetic mean of observed market records (https://kamis.kilimo.go.ke/site/market_search)
2022-06-01,Nakuru,Dry Maize,112.444,Kg,Wholesale,KAMIS public market search; monthly arithmetic mean of observed market records (https://kamis.kilimo.go.ke/site/market_search)
2022-06-01,Nakuru,Red Sorghum,51.39,Kg,Wholesale,KAMIS public market search; monthly arithmetic mean of observed market records (https://kamis.kilimo.go.ke/site/market_search)
2022-06-01,Nakuru,White Irish Potatoes,64.0,Kg,Wholesale,KAMIS public market search; monthly arithmetic mean of observed market records (https://kamis.kilimo.go.ke/site/market_search)
2022-06-01,Nakuru,White Sorghum,50.0,kg,Wholesale,KAMIS public market search; monthly arithmetic mean of observed market records (https://kamis.kilimo.go.ke/site/market_search)
2022-06-30,Eldoret,Beans (Rosecoco),9450.0,90_kg,Wholesale,FEWS NET Kenya wholesale API (https://fdw.fews.net/api/marketpricefacts.csv?country=KE&price_type=Wholesale)
2022-06-30,Eldoret,Maize Grain (White),5987.5,90_kg,Wholesale,FEWS NET Kenya wholesale API (https://fdw.fews.net/api/marketpricefacts.csv?country=KE&price_type=Wholesale)
2022-06-30,Eldoret,Potato (White),2047.222222,110_kg,Wholesale,FEWS NET Kenya wholesale API (https://fdw.fews.net/api/marketpricefacts.csv?country=KE&price_type=Wholesale)
2022-06-30,Kisumu,Beans (Rosecoco),11596.5,90_kg,Wholesale,FEWS NET Kenya wholesale API (https://fdw.fews.net/api/marketpricefacts.csv?country=KE&price_type=Wholesale)
2022-06-30,Kisumu,Maize Grain (White),5800.5,90_kg,Wholesale,FEWS NET Kenya wholesale API (https://fdw.fews.net/api/marketpricefacts.csv?country=KE&price_type=Wholesale)
2022-06-30,Kisumu,Potato (White),2200.0,110_kg,Wholesale,FEWS NET Kenya wholesale API (https://fdw.fews.net/api/marketpricefacts.csv?country=KE&price_type=Wholesale)
2022-06-30,Mombasa,Maize Grain (White),5836.5,90_kg,Wholesale,FEWS NET Kenya wholesale API (https://fdw.fews.net/api/marketpricefacts.csv?country=KE&price_type=Wholesale)
2022-06-30,Nairobi,Beans (Rosecoco),9101.25,90_kg,Wholesale,FEWS NET Kenya wholesale API (https://fdw.fews.net/api/marketpricefacts.csv?country=KE&price_type=Wholesale)
2022-06-30,Nairobi,Maize Grain (White),5265.5625,90_kg,Wholesale,FEWS NET Kenya wholesale API (https://fdw.fews.net/api/marketpricefacts.csv?country=KE&price_type=Wholesale)
2022-07-01,Eldoret,Beans (Mwezi Moja),96.5625,Kg,Wholesale,KAMIS public market search; monthly arithmetic mean of observed market records (https://kamis.kilimo.go.ke/site/market_search)
2022-07-01,Eldoret,Beans (Mwitemania),116.428571,Kg,Wholesale,KAMIS public market search; monthly arithmetic mean of observed market records (https://kamis.kilimo.go.ke/site/market_search)
2022-07-01,Eldoret,Beans (Yellow-Green),131.578947,Kg,Wholesale,KAMIS public market search; monthly arithmetic mean of observed market records (https://kamis.kilimo.go.ke/site/market_search)
2022-07-01,Eldoret,Beans Red Haricot (Wairimu),93.333333,Kg,Wholesale,KAMIS public market search; monthly arithmetic mean of observed market records (https://kamis.kilimo.go.ke/site/market_search)
2022-07-01,Eldoret,Beans Rosecoco,101.0,Kg,Wholesale,KAMIS public market search; monthly arithmetic mean of observed market records (https://kamis.kilimo.go.ke/site/market_search)
2022-07-01,Eldoret,Dry Maize,82.489259,Kg,Wholesale,KAMIS public market search; monthly arithmetic mean of observed market records (https://kamis.kilimo.go.ke/site/market_search)
2022-07-01,Eldoret,Red Irish potato,25.33,Kg,Wholesale,KAMIS public market search; monthly arithmetic mean of observed market records (https://kamis.kilimo.go.ke/site/market_search)
2022-07-01,Eldoret,Red Sorghum,71.25,Kg,Wholesale,KAMIS public market search; monthly arithmetic mean of observed market records (https://kamis.kilimo.go.ke/site/market_search)
2022-07-01,Eldoret,White Irish Potatoes,30.004688,Kg,Wholesale,KAMIS public market search; monthly arithmetic mean of observed market records (https://kamis.kilimo.go.ke/site/market_search)
2022-07-01,Kisumu,Beans (Canadian wonder),110.0025,Kg,Wholesale,KAMIS public market search; monthly arithmetic mean of observed market records (https://kamis.kilimo.go.ke/site/market_search)
2022-07-01,Kisumu,Beans (Mwezi Moja),113.6575,Kg,Wholesale,KAMIS public market search; monthly arithmetic mean of observed market records (https://kamis.kilimo.go.ke/site/market_search)
2022-07-01,Kisumu,Beans (Mwitemania),122.8475,Kg,Wholesale,KAMIS public market search; monthly arithmetic mean of observed market records (https://kamis.kilimo.go.ke/site/market_search)
2022-07-01,Kisumu,Beans (Yellow-Green),143.808571,Kg,Wholesale,KAMIS public market search; monthly arithmetic mean of observed market records (https://kamis.kilimo.go.ke/site/market_search)
2022-07-01,Kisumu,Beans Red Haricot (Wairimu),113.834,Kg,Wholesale,KAMIS public market search; monthly arithmetic mean of observed market records (https://kamis.kilimo.go.ke/site/market_search)
2022-07-01,Kisumu,Beans Rosecoco,127.648462,Kg,Wholesale,KAMIS public market search; monthly arithmetic mean of observed market records (https://kamis.kilimo.go.ke/site/market_search)
2022-07-01,Kisumu,Dry Maize,72.825,Kg,Wholesale,KAMIS public market search; monthly arithmetic mean of observed market records (https://kamis.kilimo.go.ke/site/market_search)
2022-07-01,Kisumu,Red Irish potato,40.375,Kg,Wholesale,KAMIS public market search; monthly arithmetic mean of observed market records (https://kamis.kilimo.go.ke/site/market_search)
2022-07-01,Kisumu,Red Sorghum,62.862308,Kg,Wholesale,KAMIS public market search; monthly arithmetic mean of observed market records (https://kamis.kilimo.go.ke/site/market_search)
2022-07-01,Kisumu,White Irish Potatoes,45.225714,Kg,Wholesale,KAMIS public market search; monthly arithmetic mean of observed market records (https://kamis.kilimo.go.ke/site/market_search)
2022-07-01,Kisumu,White Sorghum,88.333333,kg,Wholesale,KAMIS public market search; monthly arithmetic mean of observed market records (https://kamis.kilimo.go.ke/site/market_search)
2022-07-01,Mombasa,Beans (Mwitemania),105.556667,Kg,Wholesale,KAMIS public market search; monthly arithmetic mean of observed market records (https://kamis.kilimo.go.ke/site/market_search)
2022-07-01,Mombasa,Beans (Yellow-Green),122.78,Kg,Wholesale,KAMIS public market search; monthly arithmetic mean of observed market records (https://kamis.kilimo.go.ke/site/market_search)
2022-07-01,Mombasa,Dry Maize,65.556667,Kg,Wholesale,KAMIS public market search; monthly arithmetic mean of observed market records (https://kamis.kilimo.go.ke/site/market_search)
2022-07-01,Mombasa,Red Irish potato,25.45,Kg,Wholesale,KAMIS public market search; monthly arithmetic mean of observed market records (https://kamis.kilimo.go.ke/site/market_search)
2022-07-01,Mombasa,White Irish Potatoes,39.0,Kg,Wholesale,KAMIS public market search; monthly arithmetic mean of observed market records (https://kamis.kilimo.go.ke/site/market_search)
2022-07-01,Mombasa,White Sorghum,65.0,kg,Wholesale,KAMIS public market search; monthly arithmetic mean of observed market records (https://kamis.kilimo.go.ke/site/market_search)
2022-07-01,Nairobi,Beans (Canadian wonder),99.073333,Kg,Wholesale,KAMIS public market search; monthly arithmetic mean of observed market records (https://kamis.kilimo.go.ke/site/market_search)
2022-07-01,Nairobi,Beans (Mwezi Moja),102.161111,Kg,Wholesale,KAMIS public market search; monthly arithmetic mean of observed market records (https://kamis.kilimo.go.ke/site/market_search)
2022-07-01,Nairobi,Beans (Mwitemania),101.8615,Kg,Wholesale,KAMIS public market search; monthly arithmetic mean of observed market records (https://kamis.kilimo.go.ke/site/market_search)
2022-07-01,Nairobi,Beans (Yellow-Green),125.633571,Kg,Wholesale,KAMIS public market search; monthly arithmetic mean of observed market records (https://kamis.kilimo.go.ke/site/market_search)
2022-07-01,Nairobi,Beans Red Haricot (Wairimu),98.375,Kg,Wholesale,KAMIS public market search; monthly arithmetic mean of observed market records (https://kamis.kilimo.go.ke/site/market_search)
2022-07-01,Nairobi,Beans Rosecoco,106.280435,Kg,Wholesale,KAMIS public market search; monthly arithmetic mean of observed market records (https://kamis.kilimo.go.ke/site/market_search)
2022-07-01,Nairobi,Dry Maize,92.022586,Kg,Wholesale,KAMIS public market search; monthly arithmetic mean of observed market records (https://kamis.kilimo.go.ke/site/market_search)
2022-07-01,Nairobi,Red Sorghum,70.294118,Kg,Wholesale,KAMIS public market search; monthly arithmetic mean of observed market records (https://kamis.kilimo.go.ke/site/market_search)
2022-07-01,Nairobi,White Irish Potatoes,52.8,Kg,Wholesale,KAMIS public market search; monthly arithmetic mean of observed market records (https://kamis.kilimo.go.ke/site/market_search)
2022-07-01,Nakuru,Beans (Mwezi Moja),90.0,Kg,Wholesale,KAMIS public market search; monthly arithmetic mean of observed market records (https://kamis.kilimo.go.ke/site/market_search)
2022-07-01,Nakuru,Beans (Mwitemania),84.02875,Kg,Wholesale,KAMIS public market search; monthly arithmetic mean of observed market records (https://kamis.kilimo.go.ke/site/market_search)
2022-07-01,Nakuru,Beans (Yellow-Green),97.777778,Kg,Wholesale,KAMIS public market search; monthly arithmetic mean of observed market records (https://kamis.kilimo.go.ke/site/market_search)
2022-07-01,Nakuru,Beans Red Haricot (Wairimu),88.642222,Kg,Wholesale,KAMIS public market search; monthly arithmetic mean of observed market records (https://kamis.kilimo.go.ke/site/market_search)
2022-07-01,Nakuru,Beans Rosecoco,105.432222,Kg,Wholesale,KAMIS public market search; monthly arithmetic mean of observed market records (https://kamis.kilimo.go.ke/site/market_search)
2022-07-01,Nakuru,Dry Maize,84.075333,Kg,Wholesale,KAMIS public market search; monthly arithmetic mean of observed market records (https://kamis.kilimo.go.ke/site/market_search)
2022-07-01,Nakuru,Red Sorghum,66.998,Kg,Wholesale,KAMIS public market search; monthly arithmetic mean of observed market records (https://kamis.kilimo.go.ke/site/market_search)
2022-07-01,Nakuru,White Irish Potatoes,44.8,Kg,Wholesale,KAMIS public market search; monthly arithmetic mean of observed market records (https://kamis.kilimo.go.ke/site/market_search)
2022-07-01,Nakuru,White Sorghum,78.333333,kg,Wholesale,KAMIS public market search; monthly arithmetic mean of observed market records (https://kamis.kilimo.go.ke/site/market_search)
2022-07-31,Eldoret,Beans (Rosecoco),9650.0,90_kg,Wholesale,FEWS NET Kenya wholesale API (https://fdw.fews.net/api/marketpricefacts.csv?country=KE&price_type=Wholesale)
2022-07-31,Eldoret,Maize Grain (White),8128.125,90_kg,Wholesale,FEWS NET Kenya wholesale API (https://fdw.fews.net/api/marketpricefacts.csv?country=KE&price_type=Wholesale)
2022-07-31,Eldoret,Potato (White),1435.625,110_kg,Wholesale,FEWS NET Kenya wholesale API (https://fdw.fews.net/api/marketpricefacts.csv?country=KE&price_type=Wholesale)
2022-07-31,Kisumu,Beans (Rosecoco),11796.75,90_kg,Wholesale,FEWS NET Kenya wholesale API (https://fdw.fews.net/api/marketpricefacts.csv?country=KE&price_type=Wholesale)
2022-07-31,Kisumu,Maize Grain (White),6804.0,90_kg,Wholesale,FEWS NET Kenya wholesale API (https://fdw.fews.net/api/marketpricefacts.csv?country=KE&price_type=Wholesale)
2022-07-31,Kisumu,Potato (White),2350.0,110_kg,Wholesale,FEWS NET Kenya wholesale API (https://fdw.fews.net/api/marketpricefacts.csv?country=KE&price_type=Wholesale)
2022-07-31,Mombasa,Maize Grain (White),5499.0,90_kg,Wholesale,FEWS NET Kenya wholesale API (https://fdw.fews.net/api/marketpricefacts.csv?country=KE&price_type=Wholesale)
2022-07-31,Mombasa,Sorghum (Red),5850.0,90_kg,Wholesale,FEWS NET Kenya wholesale API (https://fdw.fews.net/api/marketpricefacts.csv?country=KE&price_type=Wholesale)
2022-07-31,Nairobi,Beans (Rosecoco),9282.0,90_kg,Wholesale,FEWS NET Kenya wholesale API (https://fdw.fews.net/api/marketpricefacts.csv?country=KE&price_type=Wholesale)
2022-07-31,Nairobi,Maize Grain (White),5095.125,90_kg,Wholesale,FEWS NET Kenya wholesale API (https://fdw.fews.net/api/marketpricefacts.csv?country=KE&price_type=Wholesale)
2022-07-31,Nairobi,Potato (White),2493.75,110_kg,Wholesale,FEWS NET Kenya wholesale API (https://fdw.fews.net/api/marketpricefacts.csv?country=KE&price_type=Wholesale)
2022-08-01,Eldoret,Beans (Mwezi Moja),108.928571,Kg,Wholesale,KAMIS public market search; monthly arithmetic mean of observed market records (https://kamis.kilimo.go.ke/site/market_search)
2022-08-01,Eldoret,Beans (Mwitemania),111.016667,Kg,Wholesale,KAMIS public market search; monthly arithmetic mean of observed market records (https://kamis.kilimo.go.ke/site/market_search)
2022-08-01,Eldoret,Beans (Yellow-Green),134.92,Kg,Wholesale,KAMIS public market search; monthly arithmetic mean of observed market records (https://kamis.kilimo.go.ke/site/market_search)
2022-08-01,Eldoret,Beans Red Haricot (Wairimu),108.0,Kg,Wholesale,KAMIS public market search; monthly arithmetic mean of observed market records (https://kamis.kilimo.go.ke/site/market_search)
2022-08-01,Eldoret,Beans Rosecoco,114.285714,Kg,Wholesale,KAMIS public market search; monthly arithmetic mean of observed market records (https://kamis.kilimo.go.ke/site/market_search)
2022-08-01,Eldoret,Dry Maize,68.459032,Kg,Wholesale,KAMIS public market search; monthly arithmetic mean of observed market records (https://kamis.kilimo.go.ke/site/market_search)
2022-08-01,Eldoret,Red Irish potato,25.0,Kg,Wholesale,KAMIS public market search; monthly arithmetic mean of observed market records (https://kamis.kilimo.go.ke/site/market_search)
2022-08-01,Eldoret,Red Sorghum,65.125,Kg,Wholesale,KAMIS public market search; monthly arithmetic mean of observed market records (https://kamis.kilimo.go.ke/site/market_search)
2022-08-01,Eldoret,White Irish Potatoes,28.556129,Kg,Wholesale,KAMIS public market search; monthly arithmetic mean of observed market records (https://kamis.kilimo.go.ke/site/market_search)
2022-08-01,Kisumu,Beans (Canadian wonder),106.67,Kg,Wholesale,KAMIS public market search; monthly arithmetic mean of observed market records (https://kamis.kilimo.go.ke/site/market_search)
2022-08-01,Kisumu,Beans (Mwezi Moja),106.727778,Kg,Wholesale,KAMIS public market search; monthly arithmetic mean of observed market records (https://kamis.kilimo.go.ke/site/market_search)
2022-08-01,Kisumu,Beans (Mwitemania),120.463333,Kg,Wholesale,KAMIS public market search; monthly arithmetic mean of observed market records (https://kamis.kilimo.go.ke/site/market_search)
2022-08-01,Kisumu,Beans (Yellow-Green),133.721,Kg,Wholesale,KAMIS public market search; monthly arithmetic mean of observed market records (https://kamis.kilimo.go.ke/site/market_search)
2022-08-01,Kisumu,Beans Red Haricot (Wairimu),118.243333,Kg,Wholesale,KAMIS public market search; monthly arithmetic mean of observed market records (https://kamis.kilimo.go.ke/site/market_search)
2022-08-01,Kisumu,Beans Rosecoco,125.493333,Kg,Wholesale,KAMIS public market search; monthly arithmetic mean of observed market records (https://kamis.kilimo.go.ke/site/market_search)
2022-08-01,Kisumu,Dry Maize,66.310714,Kg,Wholesale,KAMIS public market search; monthly arithmetic mean of observed market records (https://kamis.kilimo.go.ke/site/market_search)
2022-08-01,Kisumu,Red Irish potato,50.5,Kg,Wholesale,KAMIS public market search; monthly arithmetic mean of observed market records (https://kamis.kilimo.go.ke/site/market_search)
2022-08-01,Kisumu,Red Sorghum,62.963333,Kg,Wholesale,KAMIS public market search; monthly arithmetic mean of observed market records (https://kamis.kilimo.go.ke/site/market_search)
2022-08-01,Kisumu,White Irish Potatoes,48.33875,Kg,Wholesale,KAMIS public market search; monthly arithmetic mean of observed market records (https://kamis.kilimo.go.ke/site/market_search)
2022-08-01,Mombasa,Beans (Mwitemania),126.11,Kg,Wholesale,KAMIS public market search; monthly arithmetic mean of observed market records (https://kamis.kilimo.go.ke/site/market_search)
2022-08-01,Mombasa,Beans (Yellow-Green),154.44,Kg,Wholesale,KAMIS public market search; monthly arithmetic mean of observed market records (https://kamis.kilimo.go.ke/site/market_search)
2022-08-01,Mombasa,Dry Maize,66.67,Kg,Wholesale,KAMIS public market search; monthly arithmetic mean of observed market records (https://kamis.kilimo.go.ke/site/market_search)
2022-08-01,Mombasa,White Irish Potatoes,32.43,Kg,Wholesale,KAMIS public market search; monthly arithmetic mean of observed market records (https://kamis.kilimo.go.ke/site/market_search)
2022-08-01,Nairobi,Beans (Canadian wonder),99.691111,Kg,Wholesale,KAMIS public market search; monthly arithmetic mean of observed market records (https://kamis.kilimo.go.ke/site/market_search)
2022-08-01,Nairobi,Beans (Mwezi Moja),104.8625,Kg,Wholesale,KAMIS public market search; monthly arithmetic mean of observed market records (https://kamis.kilimo.go.ke/site/market_search)
2022-08-01,Nairobi,Beans (Mwitemania),118.955294,Kg,Wholesale,KAMIS public market search; monthly arithmetic mean of observed market records (https://kamis.kilimo.go.ke/site/market_search)
2022-08-01,Nairobi,Beans (Yellow-Green),133.580741,Kg,Wholesale,KAMIS public market search; monthly arithmetic mean of observed market records (https://kamis.kilimo.go.ke/site/market_search)
2022-08-01,Nairobi,Beans Red Haricot (Wairimu),100.605455,Kg,Wholesale,KAMIS public market search; monthly arithmetic mean of observed market records (https://kamis.kilimo.go.ke/site/market_search)
2022-08-01,Nairobi,Beans Rosecoco,128.012105,Kg,Wholesale,KAMIS public market search; monthly arithmetic mean of observed market records (https://kamis.kilimo.go.ke/site/market_search)
2022-08-01,Nairobi,Dry Maize,112.892182,Kg,Wholesale,KAMIS public market search; monthly arithmetic mean of observed market records (https://kamis.kilimo.go.ke/site/market_search)
2022-08-01,Nairobi,Red Sorghum,62.918421,Kg,Wholesale,KAMIS public market search; monthly arithmetic mean of observed market records (https://kamis.kilimo.go.ke/site/market_search)
2022-08-01,Nairobi,White Irish Potatoes,42.727273,Kg,Wholesale,KAMIS public market search; monthly arithmetic mean of observed market records (https://kamis.kilimo.go.ke/site/market_search)
2022-08-01,Nairobi,White Sorghum,57.78,kg,Wholesale,KAMIS public market search; monthly arithmetic mean of observed market records (https://kamis.kilimo.go.ke/site/market_search)
2022-08-01,Nakuru,Beans (Canadian wonder),89.012222,Kg,Wholesale,KAMIS public market search; monthly arithmetic mean of observed market records (https://kamis.kilimo.go.ke/site/market_search)
2022-08-01,Nakuru,Beans (Mwezi Moja),92.936429,Kg,Wholesale,KAMIS public market search; monthly arithmetic mean of observed market records (https://kamis.kilimo.go.ke/site/market_search)
2022-08-01,Nakuru,Beans (Mwitemania),89.704,Kg,Wholesale,KAMIS public market search; monthly arithmetic mean of observed market records (https://kamis.kilimo.go.ke/site/market_search)
2022-08-01,Nakuru,Beans (Yellow-Green),126.470588,Kg,Wholesale,KAMIS public market search; monthly arithmetic mean of observed market records (https://kamis.kilimo.go.ke/site/market_search)
2022-08-01,Nakuru,Beans Red Haricot (Wairimu),91.759444,Kg,Wholesale,KAMIS public market search; monthly arithmetic mean of observed market records (https://kamis.kilimo.go.ke/site/market_search)
2022-08-01,Nakuru,Beans Rosecoco,112.222222,Kg,Wholesale,KAMIS public market search; monthly arithmetic mean of observed market records (https://kamis.kilimo.go.ke/site/market_search)
2022-08-01,Nakuru,Dry Maize,83.655417,Kg,Wholesale,KAMIS public market search; monthly arithmetic mean of observed market records (https://kamis.kilimo.go.ke/site/market_search)
2022-08-01,Nakuru,Red Sorghum,69.344444,Kg,Wholesale,KAMIS public market search; monthly arithmetic mean of observed market records (https://kamis.kilimo.go.ke/site/market_search)
2022-08-01,Nakuru,White Irish Potatoes,50.125,Kg,Wholesale,KAMIS public market search; monthly arithmetic mean of observed market records (https://kamis.kilimo.go.ke/site/market_search)
2022-08-01,Nakuru,White Sorghum,67.028462,kg,Wholesale,KAMIS public market search; monthly arithmetic mean of observed market records (https://kamis.kilimo.go.ke/site/market_search)
2022-08-31,Eldoret,Beans (Rosecoco),11880.0,90_kg,Wholesale,FEWS NET Kenya wholesale API (https://fdw.fews.net/api/marketpricefacts.csv?country=KE&price_type=Wholesale)
2022-08-31,Eldoret,Maize Grain (White),5872.5,90_kg,Wholesale,FEWS NET Kenya wholesale API (https://fdw.fews.net/api/marketpricefacts.csv?country=KE&price_type=Wholesale)
2022-08-31,Eldoret,Potato (White),1514.0,110_kg,Wholesale,FEWS NET Kenya wholesale API (https://fdw.fews.net/api/marketpricefacts.csv?country=KE&price_type=Wholesale)
2022-08-31,Kisumu,Beans (Rosecoco),11599.2,90_kg,Wholesale,FEWS NET Kenya wholesale API (https://fdw.fews.net/api/marketpricefacts.csv?country=KE&price_type=Wholesale)
2022-08-31,Kisumu,Maize Grain (White),6163.2,90_kg,Wholesale,FEWS NET Kenya wholesale API (https://fdw.fews.net/api/marketpricefacts.csv?country=KE&price_type=Wholesale)
2022-08-31,Kisumu,Potato (White),2620.0,110_kg,Wholesale,FEWS NET Kenya wholesale API (https://fdw.fews.net/api/marketpricefacts.csv?country=KE&price_type=Wholesale)
2022-08-31,Mombasa,Maize Grain (White),5953.5,90_kg,Wholesale,FEWS NET Kenya wholesale API (https://fdw.fews.net/api/marketpricefacts.csv?country=KE&price_type=Wholesale)
2022-08-31,Nairobi,Beans (Rosecoco),11731.6125,90_kg,Wholesale,FEWS NET Kenya wholesale API (https://fdw.fews.net/api/marketpricefacts.csv?country=KE&price_type=Wholesale)
2022-08-31,Nairobi,Maize Grain (White),6498.45,90_kg,Wholesale,FEWS NET Kenya wholesale API (https://fdw.fews.net/api/marketpricefacts.csv?country=KE&price_type=Wholesale)
2022-09-01,Eldoret,Beans (Canadian wonder),75.0,Kg,Wholesale,KAMIS public market search; monthly arithmetic mean of observed market records (https://kamis.kilimo.go.ke/site/market_search)
2022-09-01,Eldoret,Beans (Mwezi Moja),109.166667,Kg,Wholesale,KAMIS public market search; monthly arithmetic mean of observed market records (https://kamis.kilimo.go.ke/site/market_search)
2022-09-01,Eldoret,Beans (Mwitemania),125.357143,Kg,Wholesale,KAMIS public market search; monthly arithmetic mean of observed market records (https://kamis.kilimo.go.ke/site/market_search)
2022-09-01,Eldoret,Beans (Yellow-Green),131.666667,Kg,Wholesale,KAMIS public market search; monthly arithmetic mean of observed market records (https://kamis.kilimo.go.ke/site/market_search)
2022-09-01,Eldoret,Beans Red Haricot (Wairimu),88.333333,Kg,Wholesale,KAMIS public market search; monthly arithmetic mean of observed market records (https://kamis.kilimo.go.ke/site/market_search)
2022-09-01,Eldoret,Beans Rosecoco,106.7,Kg,Wholesale,KAMIS public market search; monthly arithmetic mean of observed market records (https://kamis.kilimo.go.ke/site/market_search)
2022-09-01,Eldoret,Dry Maize,63.851667,Kg,Wholesale,KAMIS public market search; monthly arithmetic mean of observed market records (https://kamis.kilimo.go.ke/site/market_search)
2022-09-01,Eldoret,Red Irish potato,37.700909,Kg,Wholesale,KAMIS public market search; monthly arithmetic mean of observed market records (https://kamis.kilimo.go.ke/site/market_search)
2022-09-01,Eldoret,Red Sorghum,68.263158,Kg,Wholesale,KAMIS public market search; monthly arithmetic mean of observed market records (https://kamis.kilimo.go.ke/site/market_search)
2022-09-01,Eldoret,White Irish Potatoes,39.89,Kg,Wholesale,KAMIS public market search; monthly arithmetic mean of observed market records (https://kamis.kilimo.go.ke/site/market_search)
2022-09-01,Kisumu,Beans (Canadian wonder),110.0,Kg,Wholesale,KAMIS public market search; monthly arithmetic mean of observed market records (https://kamis.kilimo.go.ke/site/market_search)
2022-09-01,Kisumu,Beans (Mwezi Moja),111.833,Kg,Wholesale,KAMIS public market search; monthly arithmetic mean of observed market records (https://kamis.kilimo.go.ke/site/market_search)
2022-09-01,Kisumu,Beans (Mwitemania),114.0,Kg,Wholesale,KAMIS public market search; monthly arithmetic mean of observed market records (https://kamis.kilimo.go.ke/site/market_search)
2022-09-01,Kisumu,Beans (Yellow-Green),143.332308,Kg,Wholesale,KAMIS public market search; monthly arithmetic mean of observed market records (https://kamis.kilimo.go.ke/site/market_search)
2022-09-01,Kisumu,Beans Red Haricot (Wairimu),114.336,Kg,Wholesale,KAMIS public market search; monthly arithmetic mean of observed market records (https://kamis.kilimo.go.ke/site/market_search)
2022-09-01,Kisumu,Beans Rosecoco,118.629333,Kg,Wholesale,KAMIS public market search; monthly arithmetic mean of observed market records (https://kamis.kilimo.go.ke/site/market_search)
2022-09-01,Kisumu,Dry Maize,65.621765,Kg,Wholesale,KAMIS public market search; monthly arithmetic mean of observed market records (https://kamis.kilimo.go.ke/site/market_search)
2022-09-01,Kisumu,Red Irish potato,44.2,Kg,Wholesale,KAMIS public market search; monthly arithmetic mean of observed market records (https://kamis.kilimo.go.ke/site/market_search)
2022-09-01,Kisumu,Red Sorghum,63.0,Kg,Wholesale,KAMIS public market search; monthly arithmetic mean of observed market records (https://kamis.kilimo.go.ke/site/market_search)
2022-09-01,Kisumu,White Irish Potatoes,42.55375,Kg,Wholesale,KAMIS public market search; monthly arithmetic mean of observed market records (https://kamis.kilimo.go.ke/site/market_search)
2022-09-01,Mombasa,Beans (Mwitemania),125.183333,Kg,Wholesale,KAMIS public market search; monthly arithmetic mean of observed market records (https://kamis.kilimo.go.ke/site/market_search)
2022-09-01,Mombasa,Beans (Yellow-Green),153.703333,Kg,Wholesale,KAMIS public market search; monthly arithmetic mean of observed market records (https://kamis.kilimo.go.ke/site/market_search)
2022-09-01,Mombasa,Dry Maize,66.115,Kg,Wholesale,KAMIS public market search; monthly arithmetic mean of observed market records (https://kamis.kilimo.go.ke/site/market_search)
2022-09-01,Mombasa,Red Irish potato,35.45,Kg,Wholesale,KAMIS public market search; monthly arithmetic mean of observed market records (https://kamis.kilimo.go.ke/site/market_search)
2022-09-01,Mombasa,White Irish Potatoes,39.601667,Kg,Wholesale,KAMIS public market search; monthly arithmetic mean of observed market records (https://kamis.kilimo.go.ke/site/market_search)
2022-09-01,Mombasa,White Sorghum,50.0,kg,Wholesale,KAMIS public market search; monthly arithmetic mean of observed market records (https://kamis.kilimo.go.ke/site/market_search)
2022-09-01,Nairobi,Beans (Canadian wonder),100.0,Kg,Wholesale,KAMIS public market search; monthly arithmetic mean of observed market records (https://kamis.kilimo.go.ke/site/market_search)
2022-09-01,Nairobi,Beans (Mwezi Moja),524.603333,Kg,Wholesale,KAMIS public market search; monthly arithmetic mean of observed market records (https://kamis.kilimo.go.ke/site/market_search)
2022-09-01,Nairobi,Beans (Mwitemania),130.422857,Kg,Wholesale,KAMIS public market search; monthly arithmetic mean of observed market records (https://kamis.kilimo.go.ke/site/market_search)
2022-09-01,Nairobi,Beans (Yellow-Green),148.160938,Kg,Wholesale,KAMIS public market search; monthly arithmetic mean of observed market records (https://kamis.kilimo.go.ke/site/market_search)
2022-09-01,Nairobi,Beans Red Haricot (Wairimu),100.4175,Kg,Wholesale,KAMIS public market search; monthly arithmetic mean of observed market records (https://kamis.kilimo.go.ke/site/market_search)
2022-09-01,Nairobi,Beans Rosecoco,134.767917,Kg,Wholesale,KAMIS public market search; monthly arithmetic mean of observed market records (https://kamis.kilimo.go.ke/site/market_search)
2022-09-01,Nairobi,Dry Maize,108.565658,Kg,Wholesale,KAMIS public market search; monthly arithmetic mean of observed market records (https://kamis.kilimo.go.ke/site/market_search)
2022-09-01,Nairobi,Red Sorghum,67.272727,Kg,Wholesale,KAMIS public market search; monthly arithmetic mean of observed market records (https://kamis.kilimo.go.ke/site/market_search)
2022-09-01,Nairobi,White Irish Potatoes,45.846154,Kg,Wholesale,KAMIS public market search; monthly arithmetic mean of observed market records (https://kamis.kilimo.go.ke/site/market_search)
2022-09-01,Nakuru,Beans (Canadian wonder),100.0,Kg,Wholesale,KAMIS public market search; monthly arithmetic mean of observed market records (https://kamis.kilimo.go.ke/site/market_search)
2022-09-01,Nakuru,Beans (Mwezi Moja),100.0,Kg,Wholesale,KAMIS public market search; monthly arithmetic mean of observed market records (https://kamis.kilimo.go.ke/site/market_search)
2022-09-01,Nakuru,Beans (Mwitemania),104.0,Kg,Wholesale,KAMIS public market search; monthly arithmetic mean of observed market records (https://kamis.kilimo.go.ke/site/market_search)
2022-09-01,Nakuru,Beans (Yellow-Green),115.625625,Kg,Wholesale,KAMIS public market search; monthly arithmetic mean of observed market records (https://kamis.kilimo.go.ke/site/market_search)
2022-09-01,Nakuru,Beans Red Haricot (Wairimu),90.0,Kg,Wholesale,KAMIS public market search; monthly arithmetic mean of observed market records (https://kamis.kilimo.go.ke/site/market_search)
2022-09-01,Nakuru,Beans Rosecoco,118.88875,Kg,Wholesale,KAMIS public market search; monthly arithmetic mean of observed market records (https://kamis.kilimo.go.ke/site/market_search)
2022-09-01,Nakuru,Dry Maize,78.331429,Kg,Wholesale,KAMIS public market search; monthly arithmetic mean of observed market records (https://kamis.kilimo.go.ke/site/market_search)
2022-09-01,Nakuru,Red Sorghum,473.8175,Kg,Wholesale,KAMIS public market search; monthly arithmetic mean of observed market records (https://kamis.kilimo.go.ke/site/market_search)
2022-09-01,Nakuru,White Irish Potatoes,63.294118,Kg,Wholesale,KAMIS public market search; monthly arithmetic mean of observed market records (https://kamis.kilimo.go.ke/site/market_search)
2022-09-01,Nakuru,White Sorghum,72.08125,kg,Wholesale,KAMIS public market search; monthly arithmetic mean of observed market records (https://kamis.kilimo.go.ke/site/market_search)
2022-09-30,Eldoret,Beans (Rosecoco),9405.0,90_kg,Wholesale,FEWS NET Kenya wholesale API (https://fdw.fews.net/api/marketpricefacts.csv?country=KE&price_type=Wholesale)
2022-09-30,Eldoret,Maize Grain (White),5400.0,90_kg,Wholesale,FEWS NET Kenya wholesale API (https://fdw.fews.net/api/marketpricefacts.csv?country=KE&price_type=Wholesale)
2022-09-30,Eldoret,Potato (White),2660.0,110_kg,Wholesale,FEWS NET Kenya wholesale API (https://fdw.fews.net/api/marketpricefacts.csv?country=KE&price_type=Wholesale)
2022-09-30,Kisumu,Beans (Rosecoco),10770.0,90_kg,Wholesale,FEWS NET Kenya wholesale API (https://fdw.fews.net/api/marketpricefacts.csv?country=KE&price_type=Wholesale)
2022-09-30,Kisumu,Maize Grain (White),6003.0,90_kg,Wholesale,FEWS NET Kenya wholesale API (https://fdw.fews.net/api/marketpricefacts.csv?country=KE&price_type=Wholesale)
2022-09-30,Kisumu,Potato (White),2643.3,110_kg,Wholesale,FEWS NET Kenya wholesale API (https://fdw.fews.net/api/marketpricefacts.csv?country=KE&price_type=Wholesale)
2022-09-30,Kisumu,Sorghum (Red),6003.0,90_kg,Wholesale,FEWS NET Kenya wholesale API (https://fdw.fews.net/api/marketpricefacts.csv?country=KE&price_type=Wholesale)
2022-09-30,Mombasa,Maize Grain (White),6003.0,90_kg,Wholesale,FEWS NET Kenya wholesale API (https://fdw.fews.net/api/marketpricefacts.csv?country=KE&price_type=Wholesale)
2022-09-30,Mombasa,Sorghum (Red),4500.0,90_kg,Wholesale,FEWS NET Kenya wholesale API (https://fdw.fews.net/api/marketpricefacts.csv?country=KE&price_type=Wholesale)
2022-09-30,Nairobi,Beans (Rosecoco),12501.0,90_kg,Wholesale,FEWS NET Kenya wholesale API (https://fdw.fews.net/api/marketpricefacts.csv?country=KE&price_type=Wholesale)
2022-09-30,Nairobi,Maize Grain (White),6003.0,90_kg,Wholesale,FEWS NET Kenya wholesale API (https://fdw.fews.net/api/marketpricefacts.csv?country=KE&price_type=Wholesale)
2022-09-30,Nairobi,Potato (White),2267.0,110_kg,Wholesale,FEWS NET Kenya wholesale API (https://fdw.fews.net/api/marketpricefacts.csv?country=KE&price_type=Wholesale)
2022-10-01,Eldoret,Beans (Canadian wonder),125.0,Kg,Wholesale,KAMIS public market search; monthly arithmetic mean of observed market records (https://kamis.kilimo.go.ke/site/market_search)
2022-10-01,Eldoret,Beans (Mwezi Moja),111.25,Kg,Wholesale,KAMIS public market search; monthly arithmetic mean of observed market records (https://kamis.kilimo.go.ke/site/market_search)
2022-10-01,Eldoret,Beans (Mwitemania),130.5,Kg,Wholesale,KAMIS public market search; monthly arithmetic mean of observed market records (https://kamis.kilimo.go.ke/site/market_search)
2022-10-01,Eldoret,Beans (Yellow-Green),138.75,Kg,Wholesale,KAMIS public market search; monthly arithmetic mean of observed market records (https://kamis.kilimo.go.ke/site/market_search)
2022-10-01,Eldoret,Beans Red Haricot (Wairimu),97.5,Kg,Wholesale,KAMIS public market search; monthly arithmetic mean of observed market records (https://kamis.kilimo.go.ke/site/market_search)
2022-10-01,Eldoret,Beans Rosecoco,117.666667,Kg,Wholesale,KAMIS public market search; monthly arithmetic mean of observed market records (https://kamis.kilimo.go.ke/site/market_search)
2022-10-01,Eldoret,Dry Maize,60.637778,Kg,Wholesale,KAMIS public market search; monthly arithmetic mean of observed market records (https://kamis.kilimo.go.ke/site/market_search)
2022-10-01,Eldoret,Red Irish potato,51.872353,Kg,Wholesale,KAMIS public market search; monthly arithmetic mean of observed market records (https://kamis.kilimo.go.ke/site/market_search)
2022-10-01,Eldoret,Red Sorghum,84.4,Kg,Wholesale,KAMIS public market search; monthly arithmetic mean of observed market records (https://kamis.kilimo.go.ke/site/market_search)
2022-10-01,Eldoret,White Irish Potatoes,61.659655,Kg,Wholesale,KAMIS public market search; monthly arithmetic mean of observed market records (https://kamis.kilimo.go.ke/site/market_search)
2022-10-01,Eldoret,White Sorghum,40.0,kg,Wholesale,KAMIS public market search; monthly arithmetic mean of observed market records (https://kamis.kilimo.go.ke/site/market_search)
2022-10-01,Kisumu,Beans (Canadian wonder),113.333333,Kg,Wholesale,KAMIS public market search; monthly arithmetic mean of observed market records (https://kamis.kilimo.go.ke/site/market_search)
2022-10-01,Kisumu,Beans (Mwezi Moja),117.444,Kg,Wholesale,KAMIS public market search; monthly arithmetic mean of observed market records (https://kamis.kilimo.go.ke/site/market_search)
2022-10-01,Kisumu,Beans (Mwitemania),120.0,Kg,Wholesale,KAMIS public market search; monthly arithmetic mean of observed market records (https://kamis.kilimo.go.ke/site/market_search)
2022-10-01,Kisumu,Beans (Yellow-Green),170.444,Kg,Wholesale,KAMIS public market search; monthly arithmetic mean of observed market records (https://kamis.kilimo.go.ke/site/market_search)
2022-10-01,Kisumu,Beans Red Haricot (Wairimu),123.89,Kg,Wholesale,KAMIS public market search; monthly arithmetic mean of observed market records (https://kamis.kilimo.go.ke/site/market_search)
2022-10-01,Kisumu,Beans Rosecoco,134.02625,Kg,Wholesale,KAMIS public market search; monthly arithmetic mean of observed market records (https://kamis.kilimo.go.ke/site/market_search)
2022-10-01,Kisumu,Dry Maize,62.7775,Kg,Wholesale,KAMIS public market search; monthly arithmetic mean of observed market records (https://kamis.kilimo.go.ke/site/market_search)
2022-10-01,Kisumu,Red Irish potato,52.0,Kg,Wholesale,KAMIS public market search; monthly arithmetic mean of observed market records (https://kamis.kilimo.go.ke/site/market_search)
2022-10-01,Kisumu,Red Sorghum,65.714286,Kg,Wholesale,KAMIS public market search; monthly arithmetic mean of observed market records (https://kamis.kilimo.go.ke/site/market_search)
2022-10-01,Kisumu,White Irish Potatoes,71.335,Kg,Wholesale,KAMIS public market search; monthly arithmetic mean of observed market records (https://kamis.kilimo.go.ke/site/market_search)
2022-10-01,Mombasa,Beans (Mwitemania),146.39,Kg,Wholesale,KAMIS public market search; monthly arithmetic mean of observed market records (https://kamis.kilimo.go.ke/site/market_search)
2022-10-01,Mombasa,Beans (Yellow-Green),164.076667,Kg,Wholesale,KAMIS public market search; monthly arithmetic mean of observed market records (https://kamis.kilimo.go.ke/site/market_search)
2022-10-01,Mombasa,Dry Maize,66.67,Kg,Wholesale,KAMIS public market search; monthly arithmetic mean of observed market records (https://kamis.kilimo.go.ke/site/market_search)
2022-10-01,Mombasa,White Irish Potatoes,62.862,Kg,Wholesale,KAMIS public market search; monthly arithmetic mean of observed market records (https://kamis.kilimo.go.ke/site/market_search)
2022-10-01,Nairobi,Beans (Canadian wonder),125.789474,Kg,Wholesale,KAMIS public market search; monthly arithmetic mean of observed market records (https://kamis.kilimo.go.ke/site/market_search)
2022-10-01,Nairobi,Beans (Mwezi Moja),109.356842,Kg,Wholesale,KAMIS public market search; monthly arithmetic mean of observed market records (https://kamis.kilimo.go.ke/site/market_search)
2022-10-01,Nairobi,Beans (Mwitemania),142.223,Kg,Wholesale,KAMIS public market search; monthly arithmetic mean of observed market records (https://kamis.kilimo.go.ke/site/market_search)
2022-10-01,Nairobi,Beans (Yellow-Green),167.012069,Kg,Wholesale,KAMIS public market search; monthly arithmetic mean of observed market records (https://kamis.kilimo.go.ke/site/market_search)
2022-10-01,Nairobi,Beans Red Haricot (Wairimu),108.40375,Kg,Wholesale,KAMIS public market search; monthly arithmetic mean of observed market records (https://kamis.kilimo.go.ke/site/market_search)
2022-10-01,Nairobi,Beans Rosecoco,138.89,Kg,Wholesale,KAMIS public market search; monthly arithmetic mean of observed market records (https://kamis.kilimo.go.ke/site/market_search)
2022-10-01,Nairobi,Dry Maize,110.522687,Kg,Wholesale,KAMIS public market search; monthly arithmetic mean of observed market records (https://kamis.kilimo.go.ke/site/market_search)
2022-10-01,Nairobi,Red Sorghum,64.889,Kg,Wholesale,KAMIS public market search; monthly arithmetic mean of observed market records (https://kamis.kilimo.go.ke/site/market_search)
2022-10-01,Nairobi,White Irish Potatoes,52.885333,Kg,Wholesale,KAMIS public market search; monthly arithmetic mean of observed market records (https://kamis.kilimo.go.ke/site/market_search)
2022-10-01,Nakuru,Beans (Mwezi Moja),100.0,Kg,Wholesale,KAMIS public market search; monthly arithmetic mean of observed market records (https://kamis.kilimo.go.ke/site/market_search)
2022-10-01,Nakuru,Beans (Mwitemania),110.0,Kg,Wholesale,KAMIS public market search; monthly arithmetic mean of observed market records (https://kamis.kilimo.go.ke/site/market_search)
2022-10-01,Nakuru,Beans (Yellow-Green),133.076923,Kg,Wholesale,KAMIS public market search; monthly arithmetic mean of observed market records (https://kamis.kilimo.go.ke/site/market_search)
2022-10-01,Nakuru,Beans Red Haricot (Wairimu),107.658571,Kg,Wholesale,KAMIS public market search; monthly arithmetic mean of observed market records (https://kamis.kilimo.go.ke/site/market_search)
2022-10-01,Nakuru,Beans Rosecoco,123.49,Kg,Wholesale,KAMIS public market search; monthly arithmetic mean of observed market records (https://kamis.kilimo.go.ke/site/market_search)
2022-10-01,Nakuru,Dry Maize,70.7108,Kg,Wholesale,KAMIS public market search; monthly arithmetic mean of observed market records (https://kamis.kilimo.go.ke/site/market_search)
2022-10-01,Nakuru,Red Sorghum,61.935714,Kg,Wholesale,KAMIS public market search; monthly arithmetic mean of observed market records (https://kamis.kilimo.go.ke/site/market_search)
2022-10-01,Nakuru,White Irish Potatoes,97.166667,Kg,Wholesale,KAMIS public market search; monthly arithmetic mean of observed market records (https://kamis.kilimo.go.ke/site/market_search)
2022-10-01,Nakuru,White Sorghum,66.561818,kg,Wholesale,KAMIS public market search; monthly arithmetic mean of observed market records (https://kamis.kilimo.go.ke/site/market_search)
2022-10-31,Eldoret,Beans (Rosecoco),8100.0,90_kg,Wholesale,FEWS NET Kenya wholesale API (https://fdw.fews.net/api/marketpricefacts.csv?country=KE&price_type=Wholesale)
2022-10-31,Eldoret,Maize Grain (White),5625.0,90_kg,Wholesale,FEWS NET Kenya wholesale API (https://fdw.fews.net/api/marketpricefacts.csv?country=KE&price_type=Wholesale)
2022-10-31,Eldoret,Potato (White),4066.666667,110_kg,Wholesale,FEWS NET Kenya wholesale API (https://fdw.fews.net/api/marketpricefacts.csv?country=KE&price_type=Wholesale)
2022-10-31,Kisumu,Beans (Rosecoco),11196.0,90_kg,Wholesale,FEWS NET Kenya wholesale API (https://fdw.fews.net/api/marketpricefacts.csv?country=KE&price_type=Wholesale)
2022-10-31,Kisumu,Maize Grain (White),6399.0,90_kg,Wholesale,FEWS NET Kenya wholesale API (https://fdw.fews.net/api/marketpricefacts.csv?country=KE&price_type=Wholesale)
2022-10-31,Kisumu,Potato (White),4500.0,110_kg,Wholesale,FEWS NET Kenya wholesale API (https://fdw.fews.net/api/marketpricefacts.csv?country=KE&price_type=Wholesale)
2022-10-31,Mombasa,Maize Grain (White),6003.0,90_kg,Wholesale,FEWS NET Kenya wholesale API (https://fdw.fews.net/api/marketpricefacts.csv?country=KE&price_type=Wholesale)
2022-10-31,Nairobi,Beans (Rosecoco),12501.0,90_kg,Wholesale,FEWS NET Kenya wholesale API (https://fdw.fews.net/api/marketpricefacts.csv?country=KE&price_type=Wholesale)
2022-10-31,Nairobi,Maize Grain (White),6003.0,90_kg,Wholesale,FEWS NET Kenya wholesale API (https://fdw.fews.net/api/marketpricefacts.csv?country=KE&price_type=Wholesale)
2022-10-31,Nairobi,Potato (White),2550.0,110_kg,Wholesale,FEWS NET Kenya wholesale API (https://fdw.fews.net/api/marketpricefacts.csv?country=KE&price_type=Wholesale)
2022-11-01,Eldoret,Beans (Mwezi Moja),115.555556,Kg,Wholesale,KAMIS public market search; monthly arithmetic mean of observed market records (https://kamis.kilimo.go.ke/site/market_search)
2022-11-01,Eldoret,Beans (Mwitemania),128.75,Kg,Wholesale,KAMIS public market search; monthly arithmetic mean of observed market records (https://kamis.kilimo.go.ke/site/market_search)
2022-11-01,Eldoret,Beans (Yellow-Green),138.75,Kg,Wholesale,KAMIS public market search; monthly arithmetic mean of observed market records (https://kamis.kilimo.go.ke/site/market_search)
2022-11-01,Eldoret,Beans Red Haricot (Wairimu),102.0,Kg,Wholesale,KAMIS public market search; monthly arithmetic mean of observed market records (https://kamis.kilimo.go.ke/site/market_search)
2022-11-01,Eldoret,Beans Rosecoco,116.875,Kg,Wholesale,KAMIS public market search; monthly arithmetic mean of observed market records (https://kamis.kilimo.go.ke/site/market_search)
2022-11-01,Eldoret,Dry Maize,59.575862,Kg,Wholesale,KAMIS public market search; monthly arithmetic mean of observed market records (https://kamis.kilimo.go.ke/site/market_search)
2022-11-01,Eldoret,Red Irish potato,52.952667,Kg,Wholesale,KAMIS public market search; monthly arithmetic mean of observed market records (https://kamis.kilimo.go.ke/site/market_search)
2022-11-01,Eldoret,Red Sorghum,89.6665,Kg,Wholesale,KAMIS public market search; monthly arithmetic mean of observed market records (https://kamis.kilimo.go.ke/site/market_search)
2022-11-01,Eldoret,White Irish Potatoes,65.561613,Kg,Wholesale,KAMIS public market search; monthly arithmetic mean of observed market records (https://kamis.kilimo.go.ke/site/market_search)
2022-11-01,Kisumu,Beans (Canadian wonder),111.11,Kg,Wholesale,KAMIS public market search; monthly arithmetic mean of observed market records (https://kamis.kilimo.go.ke/site/market_search)
2022-11-01,Kisumu,Beans (Mwezi Moja),125.2775,Kg,Wholesale,KAMIS public market search; monthly arithmetic mean of observed market records (https://kamis.kilimo.go.ke/site/market_search)
2022-11-01,Kisumu,Beans (Mwitemania),122.963333,Kg,Wholesale,KAMIS public market search; monthly arithmetic mean of observed market records (https://kamis.kilimo.go.ke/site/market_search)
2022-11-01,Kisumu,Beans (Yellow-Green),173.650714,Kg,Wholesale,KAMIS public market search; monthly arithmetic mean of observed market records (https://kamis.kilimo.go.ke/site/market_search)
2022-11-01,Kisumu,Beans Red Haricot (Wairimu),128.254286,Kg,Wholesale,KAMIS public market search; monthly arithmetic mean of observed market records (https://kamis.kilimo.go.ke/site/market_search)
2022-11-01,Kisumu,Beans Rosecoco,149.197778,Kg,Wholesale,KAMIS public market search; monthly arithmetic mean of observed market records (https://kamis.kilimo.go.ke/site/market_search)
2022-11-01,Kisumu,Dry Maize,73.712273,Kg,Wholesale,KAMIS public market search; monthly arithmetic mean of observed market records (https://kamis.kilimo.go.ke/site/market_search)
2022-11-01,Kisumu,Red Irish potato,43.428571,Kg,Wholesale,KAMIS public market search; monthly arithmetic mean of observed market records (https://kamis.kilimo.go.ke/site/market_search)
2022-11-01,Kisumu,Red Sorghum,67.857143,Kg,Wholesale,KAMIS public market search; monthly arithmetic mean of observed market records (https://kamis.kilimo.go.ke/site/market_search)
2022-11-01,Kisumu,White Irish Potatoes,85.886,Kg,Wholesale,KAMIS public market search; monthly arithmetic mean of observed market records (https://kamis.kilimo.go.ke/site/market_search)
2022-11-01,Kisumu,White Sorghum,80.0,kg,Wholesale,KAMIS public market search; monthly arithmetic mean of observed market records (https://kamis.kilimo.go.ke/site/market_search)
2022-11-01,Mombasa,Red Irish potato,30.91,Kg,Wholesale,KAMIS public market search; monthly arithmetic mean of observed market records (https://kamis.kilimo.go.ke/site/market_search)
2022-11-01,Nairobi,Beans (Canadian wonder),220.456364,Kg,Wholesale,KAMIS public market search; monthly arithmetic mean of observed market records (https://kamis.kilimo.go.ke/site/market_search)
2022-11-01,Nairobi,Beans (Mwezi Moja),708.22,Kg,Wholesale,KAMIS public market search; monthly arithmetic mean of observed market records (https://kamis.kilimo.go.ke/site/market_search)
2022-11-01,Nairobi,Beans (Mwitemania),162.22125,Kg,Wholesale,KAMIS public market search; monthly arithmetic mean of observed market records (https://kamis.kilimo.go.ke/site/market_search)
2022-11-01,Nairobi,Beans (Yellow-Green),142.428627,Kg,Wholesale,KAMIS public market search; monthly arithmetic mean of observed market records (https://kamis.kilimo.go.ke/site/market_search)
2022-11-01,Nairobi,Beans Red Haricot (Wairimu),408.389655,Kg,Wholesale,KAMIS public market search; monthly arithmetic mean of observed market records (https://kamis.kilimo.go.ke/site/market_search)
2022-11-01,Nairobi,Beans Rosecoco,134.034783,Kg,Wholesale,KAMIS public market search; monthly arithmetic mean of observed market records (https://kamis.kilimo.go.ke/site/market_search)
2022-11-01,Nairobi,Dry Maize,107.630189,Kg,Wholesale,KAMIS public market search; monthly arithmetic mean of observed market records (https://kamis.kilimo.go.ke/site/market_search)
2022-11-01,Nairobi,Red Irish potato,36.0,Kg,Wholesale,KAMIS public market search; monthly arithmetic mean of observed market records (https://kamis.kilimo.go.ke/site/market_search)
2022-11-01,Nairobi,Red Sorghum,78.863636,Kg,Wholesale,KAMIS public market search; monthly arithmetic mean of observed market records (https://kamis.kilimo.go.ke/site/market_search)
2022-11-01,Nairobi,White Irish Potatoes,47.461538,Kg,Wholesale,KAMIS public market search; monthly arithmetic mean of observed market records (https://kamis.kilimo.go.ke/site/market_search)
2022-11-01,Nairobi,White Sorghum,80.0,kg,Wholesale,KAMIS public market search; monthly arithmetic mean of observed market records (https://kamis.kilimo.go.ke/site/market_search)
2022-11-01,Nakuru,Beans (Mwezi Moja),110.0,Kg,Wholesale,KAMIS public market search; monthly arithmetic mean of observed market records (https://kamis.kilimo.go.ke/site/market_search)
2022-11-01,Nakuru,Beans (Mwitemania),130.769231,Kg,Wholesale,KAMIS public market search; monthly arithmetic mean of observed market records (https://kamis.kilimo.go.ke/site/market_search)
2022-11-01,Nakuru,Beans (Yellow-Green),140.0,Kg,Wholesale,KAMIS public market search; monthly arithmetic mean of observed market records (https://kamis.kilimo.go.ke/site/market_search)
2022-11-01,Nakuru,Beans Red Haricot (Wairimu),93.408,Kg,Wholesale,KAMIS public market search; monthly arithmetic mean of observed market records (https://kamis.kilimo.go.ke/site/market_search)
2022-11-01,Nakuru,Beans Rosecoco,92.148,Kg,Wholesale,KAMIS public market search; monthly arithmetic mean of observed market records (https://kamis.kilimo.go.ke/site/market_search)
2022-11-01,Nakuru,Dry Maize,68.468621,Kg,Wholesale,KAMIS public market search; monthly arithmetic mean of observed market records (https://kamis.kilimo.go.ke/site/market_search)
2022-11-01,Nakuru,Red Sorghum,60.0,Kg,Wholesale,KAMIS public market search; monthly arithmetic mean of observed market records (https://kamis.kilimo.go.ke/site/market_search)
2022-11-01,Nakuru,White Irish Potatoes,99.733333,Kg,Wholesale,KAMIS public market search; monthly arithmetic mean of observed market records (https://kamis.kilimo.go.ke/site/market_search)
2022-11-01,Nakuru,White Sorghum,64.996429,kg,Wholesale,KAMIS public market search; monthly arithmetic mean of observed market records (https://kamis.kilimo.go.ke/site/market_search)
2022-11-30,Eldoret,Beans (Rosecoco),11925.0,90_kg,Wholesale,FEWS NET Kenya wholesale API (https://fdw.fews.net/api/marketpricefacts.csv?country=KE&price_type=Wholesale)
2022-11-30,Eldoret,Maize Grain (White),5160.0,90_kg,Wholesale,FEWS NET Kenya wholesale API (https://fdw.fews.net/api/marketpricefacts.csv?country=KE&price_type=Wholesale)
2022-11-30,Eldoret,Potato (White),3301.35,110_kg,Wholesale,FEWS NET Kenya wholesale API (https://fdw.fews.net/api/marketpricefacts.csv?country=KE&price_type=Wholesale)
2022-11-30,Kisumu,Beans (Rosecoco),16002.0,90_kg,Wholesale,FEWS NET Kenya wholesale API (https://fdw.fews.net/api/marketpricefacts.csv?country=KE&price_type=Wholesale)
2022-11-30,Kisumu,Maize Grain (White),7200.0,90_kg,Wholesale,FEWS NET Kenya wholesale API (https://fdw.fews.net/api/marketpricefacts.csv?country=KE&price_type=Wholesale)
2022-11-30,Kisumu,Potato (White),4475.0,110_kg,Wholesale,FEWS NET Kenya wholesale API (https://fdw.fews.net/api/marketpricefacts.csv?country=KE&price_type=Wholesale)
2022-11-30,Nairobi,Beans (Rosecoco),10725.0,90_kg,Wholesale,FEWS NET Kenya wholesale API (https://fdw.fews.net/api/marketpricefacts.csv?country=KE&price_type=Wholesale)
2022-11-30,Nairobi,Maize Grain (White),6023.0,90_kg,Wholesale,FEWS NET Kenya wholesale API (https://fdw.fews.net/api/marketpricefacts.csv?country=KE&price_type=Wholesale)
2022-11-30,Nairobi,Potato (White),2475.75,110_kg,Wholesale,FEWS NET Kenya wholesale API (https://fdw.fews.net/api/marketpricefacts.csv?country=KE&price_type=Wholesale)
2022-11-30,Nairobi,Sorghum (Red),7200.0,90_kg,Wholesale,FEWS NET Kenya wholesale API (https://fdw.fews.net/api/marketpricefacts.csv?country=KE&price_type=Wholesale)
2022-12-01,Eldoret,Beans (Mwezi Moja),113.0,Kg,Wholesale,KAMIS public market search; monthly arithmetic mean of observed market records (https://kamis.kilimo.go.ke/site/market_search)
2022-12-01,Eldoret,Beans (Mwitemania),137.5,Kg,Wholesale,KAMIS public market search; monthly arithmetic mean of observed market records (https://kamis.kilimo.go.ke/site/market_search)
2022-12-01,Eldoret,Beans (Yellow-Green),158.235294,Kg,Wholesale,KAMIS public market search; monthly arithmetic mean of observed market records (https://kamis.kilimo.go.ke/site/market_search)
2022-12-01,Eldoret,Beans Red Haricot (Wairimu),112.0,Kg,Wholesale,KAMIS public market search; monthly arithmetic mean of observed market records (https://kamis.kilimo.go.ke/site/market_search)
2022-12-01,Eldoret,Beans Rosecoco,133.8,Kg,Wholesale,KAMIS public market search; monthly arithmetic mean of observed market records (https://kamis.kilimo.go.ke/site/market_search)
2022-12-01,Eldoret,Dry Maize,61.464545,Kg,Wholesale,KAMIS public market search; monthly arithmetic mean of observed market records (https://kamis.kilimo.go.ke/site/market_search)
2022-12-01,Eldoret,Red Irish potato,48.672857,Kg,Wholesale,KAMIS public market search; monthly arithmetic mean of observed market records (https://kamis.kilimo.go.ke/site/market_search)
2022-12-01,Eldoret,Red Sorghum,108.125,Kg,Wholesale,KAMIS public market search; monthly arithmetic mean of observed market records (https://kamis.kilimo.go.ke/site/market_search)
2022-12-01,Eldoret,White Irish Potatoes,41.456562,Kg,Wholesale,KAMIS public market search; monthly arithmetic mean of observed market records (https://kamis.kilimo.go.ke/site/market_search)
2022-12-01,Eldoret,White Sorghum,143.333333,kg,Wholesale,KAMIS public market search; monthly arithmetic mean of observed market records (https://kamis.kilimo.go.ke/site/market_search)
2022-12-01,Kisumu,Beans (Canadian wonder),128.89,Kg,Wholesale,KAMIS public market search; monthly arithmetic mean of observed market records (https://kamis.kilimo.go.ke/site/market_search)
2022-12-01,Kisumu,Beans (Mwezi Moja),127.828182,Kg,Wholesale,KAMIS public market search; monthly arithmetic mean of observed market records (https://kamis.kilimo.go.ke/site/market_search)
2022-12-01,Kisumu,Beans (Mwitemania),117.5,Kg,Wholesale,KAMIS public market search; monthly arithmetic mean of observed market records (https://kamis.kilimo.go.ke/site/market_search)
2022-12-01,Kisumu,Beans (Yellow-Green),176.071429,Kg,Wholesale,KAMIS public market search; monthly arithmetic mean of observed market records (https://kamis.kilimo.go.ke/site/market_search)
2022-12-01,Kisumu,Beans Red Haricot (Wairimu),121.945,Kg,Wholesale,KAMIS public market search; monthly arithmetic mean of observed market records (https://kamis.kilimo.go.ke/site/market_search)
2022-12-01,Kisumu,Beans Rosecoco,146.818182,Kg,Wholesale,KAMIS public market search; monthly arithmetic mean of observed market records (https://kamis.kilimo.go.ke/site/market_search)
2022-12-01,Kisumu,Dry Maize,74.907222,Kg,Wholesale,KAMIS public market search; monthly arithmetic mean of observed market records (https://kamis.kilimo.go.ke/site/market_search)
2022-12-01,Kisumu,Red Irish potato,47.571429,Kg,Wholesale,KAMIS public market search; monthly arithmetic mean of observed market records (https://kamis.kilimo.go.ke/site/market_search)
2022-12-01,Kisumu,Red Sorghum,65.629333,Kg,Wholesale,KAMIS public market search; monthly arithmetic mean of observed market records (https://kamis.kilimo.go.ke/site/market_search)
2022-12-01,Kisumu,White Irish Potatoes,70.805,Kg,Wholesale,KAMIS public market search; monthly arithmetic mean of observed market records (https://kamis.kilimo.go.ke/site/market_search)
2022-12-01,Kisumu,White Sorghum,76.666667,kg,Wholesale,KAMIS public market search; monthly arithmetic mean of observed market records (https://kamis.kilimo.go.ke/site/market_search)
2022-12-01,Mombasa,Beans (Mwitemania),166.67,Kg,Wholesale,KAMIS public market search; monthly arithmetic mean of observed market records (https://kamis.kilimo.go.ke/site/market_search)
2022-12-01,Mombasa,Beans (Yellow-Green),161.115,Kg,Wholesale,KAMIS public market search; monthly arithmetic mean of observed market records (https://kamis.kilimo.go.ke/site/market_search)
2022-12-01,Mombasa,Beans Rosecoco,166.67,Kg,Wholesale,KAMIS public market search; monthly arithmetic mean of observed market records (https://kamis.kilimo.go.ke/site/market_search)
2022-12-01,Mombasa,Dry Maize,66.67,Kg,Wholesale,KAMIS public market search; monthly arithmetic mean of observed market records (https://kamis.kilimo.go.ke/site/market_search)
2022-12-01,Mombasa,Red Irish potato,49.41,Kg,Wholesale,KAMIS public market search; monthly arithmetic mean of observed market records (https://kamis.kilimo.go.ke/site/market_search)
2022-12-01,Mombasa,White Irish Potatoes,53.724,Kg,Wholesale,KAMIS public market search; monthly arithmetic mean of observed market records (https://kamis.kilimo.go.ke/site/market_search)
2022-12-01,Nairobi,Beans (Canadian wonder),141.323846,Kg,Wholesale,KAMIS public market search; monthly arithmetic mean of observed market records (https://kamis.kilimo.go.ke/site/market_search)
2022-12-01,Nairobi,Beans (Mwezi Moja),135.963333,Kg,Wholesale,KAMIS public market search; monthly arithmetic mean of observed market records (https://kamis.kilimo.go.ke/site/market_search)
2022-12-01,Nairobi,Beans (Mwitemania),145.185333,Kg,Wholesale,KAMIS public market search; monthly arithmetic mean of observed market records (https://kamis.kilimo.go.ke/site/market_search)
2022-12-01,Nairobi,Beans (Yellow-Green),136.617805,Kg,Wholesale,KAMIS public market search; monthly arithmetic mean of observed market records (https://kamis.kilimo.go.ke/site/market_search)
2022-12-01,Nairobi,Beans Red Haricot (Wairimu),101.977812,Kg,Wholesale,KAMIS public market search; monthly arithmetic mean of observed market records (https://kamis.kilimo.go.ke/site/market_search)
2022-12-01,Nairobi,Beans Rosecoco,134.315333,Kg,Wholesale,KAMIS public market search; monthly arithmetic mean of observed market records (https://kamis.kilimo.go.ke/site/market_search)
2022-12-01,Nairobi,Dry Maize,88.697941,Kg,Wholesale,KAMIS public market search; monthly arithmetic mean of observed market records (https://kamis.kilimo.go.ke/site/market_search)
2022-12-01,Nairobi,Red Irish potato,28.0,Kg,Wholesale,KAMIS public market search; monthly arithmetic mean of observed market records (https://kamis.kilimo.go.ke/site/market_search)
2022-12-01,Nairobi,Red Sorghum,84.705882,Kg,Wholesale,KAMIS public market search; monthly arithmetic mean of observed market records (https://kamis.kilimo.go.ke/site/market_search)
2022-12-01,Nairobi,White Irish Potatoes,52.0,Kg,Wholesale,KAMIS public market search; monthly arithmetic mean of observed market records (https://kamis.kilimo.go.ke/site/market_search)
2022-12-01,Nairobi,White Sorghum,81.666667,kg,Wholesale,KAMIS public market search; monthly arithmetic mean of observed market records (https://kamis.kilimo.go.ke/site/market_search)
2022-12-01,Nakuru,Beans (Mwezi Moja),92.86,Kg,Wholesale,KAMIS public market search; monthly arithmetic mean of observed market records (https://kamis.kilimo.go.ke/site/market_search)
2022-12-01,Nakuru,Beans (Mwitemania),121.875625,Kg,Wholesale,KAMIS public market search; monthly arithmetic mean of observed market records (https://kamis.kilimo.go.ke/site/market_search)
2022-12-01,Nakuru,Beans (Yellow-Green),147.619048,Kg,Wholesale,KAMIS public market search; monthly arithmetic mean of observed market records (https://kamis.kilimo.go.ke/site/market_search)
2022-12-01,Nakuru,Beans Red Haricot (Wairimu),485.8345,Kg,Wholesale,KAMIS public market search; monthly arithmetic mean of observed market records (https://kamis.kilimo.go.ke/site/market_search)
2022-12-01,Nakuru,Beans Rosecoco,114.0,Kg,Wholesale,KAMIS public market search; monthly arithmetic mean of observed market records (https://kamis.kilimo.go.ke/site/market_search)
2022-12-01,Nakuru,Dry Maize,65.104375,Kg,Wholesale,KAMIS public market search; monthly arithmetic mean of observed market records (https://kamis.kilimo.go.ke/site/market_search)
2022-12-01,Nakuru,Red Sorghum,60.0,Kg,Wholesale,KAMIS public market search; monthly arithmetic mean of observed market records (https://kamis.kilimo.go.ke/site/market_search)
2022-12-01,Nakuru,White Irish Potatoes,79.411765,Kg,Wholesale,KAMIS public market search; monthly arithmetic mean of observed market records (https://kamis.kilimo.go.ke/site/market_search)
2022-12-01,Nakuru,White Sorghum,70.444667,kg,Wholesale,KAMIS public market search; monthly arithmetic mean of observed market records (https://kamis.kilimo.go.ke/site/market_search)
2022-12-31,Eldoret,Maize Grain (White),5625.0,90_kg,Wholesale,FEWS NET Kenya wholesale API (https://fdw.fews.net/api/marketpricefacts.csv?country=KE&price_type=Wholesale)
2022-12-31,Eldoret,Potato (White),2500.0,110_kg,Wholesale,FEWS NET Kenya wholesale API (https://fdw.fews.net/api/marketpricefacts.csv?country=KE&price_type=Wholesale)
2022-12-31,Kisumu,Maize Grain (White),5301.0,90_kg,Wholesale,FEWS NET Kenya wholesale API (https://fdw.fews.net/api/marketpricefacts.csv?country=KE&price_type=Wholesale)
2022-12-31,Kisumu,Potato (White),4000.0,110_kg,Wholesale,FEWS NET Kenya wholesale API (https://fdw.fews.net/api/marketpricefacts.csv?country=KE&price_type=Wholesale)
2022-12-31,Mombasa,Beans (Rosecoco),15003.0,90_kg,Wholesale,FEWS NET Kenya wholesale API (https://fdw.fews.net/api/marketpricefacts.csv?country=KE&price_type=Wholesale)
2022-12-31,Mombasa,Maize Grain (White),6003.0,90_kg,Wholesale,FEWS NET Kenya wholesale API (https://fdw.fews.net/api/marketpricefacts.csv?country=KE&price_type=Wholesale)
2022-12-31,Nairobi,Beans (Rosecoco),12501.0,90_kg,Wholesale,FEWS NET Kenya wholesale API (https://fdw.fews.net/api/marketpricefacts.csv?country=KE&price_type=Wholesale)
2022-12-31,Nairobi,Maize Grain (White),5736.6,90_kg,Wholesale,FEWS NET Kenya wholesale API (https://fdw.fews.net/api/marketpricefacts.csv?country=KE&price_type=Wholesale)
2022-12-31,Nairobi,Potato (White),2780.0,110_kg,Wholesale,FEWS NET Kenya wholesale API (https://fdw.fews.net/api/marketpricefacts.csv?country=KE&price_type=Wholesale)
2023-01-01,Eldoret,Beans (Mwezi Moja),124.0,Kg,Wholesale,KAMIS public market search; monthly arithmetic mean of observed market records (https://kamis.kilimo.go.ke/site/market_search)
2023-01-01,Eldoret,Beans (Mwitemania),149.545455,Kg,Wholesale,KAMIS public market search; monthly arithmetic mean of observed market records (https://kamis.kilimo.go.ke/site/market_search)
2023-01-01,Eldoret,Beans (Yellow-Green),157.777778,Kg,Wholesale,KAMIS public market search; monthly arithmetic mean of observed market records (https://kamis.kilimo.go.ke/site/market_search)
2023-01-01,Eldoret,Beans Red Haricot (Wairimu),95.0,Kg,Wholesale,KAMIS public market search; monthly arithmetic mean of observed market records (https://kamis.kilimo.go.ke/site/market_search)
2023-01-01,Eldoret,Beans Rosecoco,121.6,Kg,Wholesale,KAMIS public market search; monthly arithmetic mean of observed market records (https://kamis.kilimo.go.ke/site/market_search)
2023-01-01,Eldoret,Dry Maize,60.957931,Kg,Wholesale,KAMIS public market search; monthly arithmetic mean of observed market records (https://kamis.kilimo.go.ke/site/market_search)
2023-01-01,Eldoret,Red Irish potato,41.875,Kg,Wholesale,KAMIS public market search; monthly arithmetic mean of observed market records (https://kamis.kilimo.go.ke/site/market_search)
2023-01-01,Eldoret,Red Sorghum,89.333333,Kg,Wholesale,KAMIS public market search; monthly arithmetic mean of observed market records (https://kamis.kilimo.go.ke/site/market_search)
2023-01-01,Eldoret,White Irish Potatoes,41.383548,Kg,Wholesale,KAMIS public market search; monthly arithmetic mean of observed market records (https://kamis.kilimo.go.ke/site/market_search)
2023-01-01,Eldoret,White Sorghum,125.0,kg,Wholesale,KAMIS public market search; monthly arithmetic mean of observed market records (https://kamis.kilimo.go.ke/site/market_search)
2023-01-01,Kisumu,Beans (Mwezi Moja),131.428571,Kg,Wholesale,KAMIS public market search; monthly arithmetic mean of observed market records (https://kamis.kilimo.go.ke/site/market_search)
2023-01-01,Kisumu,Beans (Yellow-Green),191.25,Kg,Wholesale,KAMIS public market search; monthly arithmetic mean of observed market records (https://kamis.kilimo.go.ke/site/market_search)
2023-01-01,Kisumu,Beans Red Haricot (Wairimu),125.833333,Kg,Wholesale,KAMIS public market search; monthly arithmetic mean of observed market records (https://kamis.kilimo.go.ke/site/market_search)
2023-01-01,Kisumu,Beans Rosecoco,145.463333,Kg,Wholesale,KAMIS public market search; monthly arithmetic mean of observed market records (https://kamis.kilimo.go.ke/site/market_search)
2023-01-01,Kisumu,Dry Maize,74.86125,Kg,Wholesale,KAMIS public market search; monthly arithmetic mean of observed market records (https://kamis.kilimo.go.ke/site/market_search)
2023-01-01,Kisumu,Red Irish potato,70.0,Kg,Wholesale,KAMIS public market search; monthly arithmetic mean of observed market records (https://kamis.kilimo.go.ke/site/market_search)
2023-01-01,Kisumu,Red Sorghum,70.0,Kg,Wholesale,KAMIS public market search; monthly arithmetic mean of observed market records (https://kamis.kilimo.go.ke/site/market_search)
2023-01-01,Kisumu,White Irish Potatoes,72.571667,Kg,Wholesale,KAMIS public market search; monthly arithmetic mean of observed market records (https://kamis.kilimo.go.ke/site/market_search)
2023-01-01,Mombasa,Beans (Mwitemania),100.156667,Kg,Wholesale,KAMIS public market search; monthly arithmetic mean of observed market records (https://kamis.kilimo.go.ke/site/market_search)
2023-01-01,Mombasa,Beans (Yellow-Green),169.445,Kg,Wholesale,KAMIS public market search; monthly arithmetic mean of observed market records (https://kamis.kilimo.go.ke/site/market_search)
2023-01-01,Mombasa,Beans Red Haricot (Wairimu),117.0,Kg,Wholesale,KAMIS public market search; monthly arithmetic mean of observed market records (https://kamis.kilimo.go.ke/site/market_search)
2023-01-01,Mombasa,Dry Maize,59.335,Kg,Wholesale,KAMIS public market search; monthly arithmetic mean of observed market records (https://kamis.kilimo.go.ke/site/market_search)
2023-01-01,Mombasa,Red Irish potato,43.0,Kg,Wholesale,KAMIS public market search; monthly arithmetic mean of observed market records (https://kamis.kilimo.go.ke/site/market_search)
2023-01-01,Mombasa,White Irish Potatoes,50.114286,Kg,Wholesale,KAMIS public market search; monthly arithmetic mean of observed market records (https://kamis.kilimo.go.ke/site/market_search)
2023-01-01,Nairobi,Beans (Canadian wonder),160.555,Kg,Wholesale,KAMIS public market search; monthly arithmetic mean of observed market records (https://kamis.kilimo.go.ke/site/market_search)
2023-01-01,Nairobi,Beans (Mwezi Moja),153.667,Kg,Wholesale,KAMIS public market search; monthly arithmetic mean of observed market records (https://kamis.kilimo.go.ke/site/market_search)
2023-01-01,Nairobi,Beans (Mwitemania),156.718182,Kg,Wholesale,KAMIS public market search; monthly arithmetic mean of observed market records (https://kamis.kilimo.go.ke/site/market_search)
2023-01-01,Nairobi,Beans (Yellow-Green),152.015345,Kg,Wholesale,KAMIS public market search; monthly arithmetic mean of observed market records (https://kamis.kilimo.go.ke/site/market_search)
2023-01-01,Nairobi,Beans Red Haricot (Wairimu),110.824194,Kg,Wholesale,KAMIS public market search; monthly arithmetic mean of observed market records (https://kamis.kilimo.go.ke/site/market_search)
2023-01-01,Nairobi,Beans Rosecoco,141.122885,Kg,Wholesale,KAMIS public market search; monthly arithmetic mean of observed market records (https://kamis.kilimo.go.ke/site/market_search)
2023-01-01,Nairobi,Dry Maize,70.272791,Kg,Wholesale,KAMIS public market search; monthly arithmetic mean of observed market records (https://kamis.kilimo.go.ke/site/market_search)
2023-01-01,Nairobi,Red Irish potato,45.0,Kg,Wholesale,KAMIS public market search; monthly arithmetic mean of observed market records (https://kamis.kilimo.go.ke/site/market_search)
2023-01-01,Nairobi,Red Sorghum,72.2312,Kg,Wholesale,KAMIS public market search; monthly arithmetic mean of observed market records (https://kamis.kilimo.go.ke/site/market_search)
2023-01-01,Nairobi,White Irish Potatoes,57.764706,Kg,Wholesale,KAMIS public market search; monthly arithmetic mean of observed market records (https://kamis.kilimo.go.ke/site/market_search)
2023-01-01,Nairobi,White Sorghum,73.567368,kg,Wholesale,KAMIS public market search; monthly arithmetic mean of observed market records (https://kamis.kilimo.go.ke/site/market_search)
2023-01-01,Nakuru,Beans (Mwitemania),120.155714,Kg,Wholesale,KAMIS public market search; monthly arithmetic mean of observed market records (https://kamis.kilimo.go.ke/site/market_search)
2023-01-01,Nakuru,Beans (Yellow-Green),125.079286,Kg,Wholesale,KAMIS public market search; monthly arithmetic mean of observed market records (https://kamis.kilimo.go.ke/site/market_search)
2023-01-01,Nakuru,Beans Red Haricot (Wairimu),91.270714,Kg,Wholesale,KAMIS public market search; monthly arithmetic mean of observed market records (https://kamis.kilimo.go.ke/site/market_search)
2023-01-01,Nakuru,Beans Rosecoco,108.666667,Kg,Wholesale,KAMIS public market search; monthly arithmetic mean of observed market records (https://kamis.kilimo.go.ke/site/market_search)
2023-01-01,Nakuru,Dry Maize,61.587857,Kg,Wholesale,KAMIS public market search; monthly arithmetic mean of observed market records (https://kamis.kilimo.go.ke/site/market_search)
2023-01-01,Nakuru,Red Sorghum,60.0,Kg,Wholesale,KAMIS public market search; monthly arithmetic mean of observed market records (https://kamis.kilimo.go.ke/site/market_search)
2023-01-01,Nakuru,White Irish Potatoes,86.769231,Kg,Wholesale,KAMIS public market search; monthly arithmetic mean of observed market records (https://kamis.kilimo.go.ke/site/market_search)
2023-01-01,Nakuru,White Sorghum,73.185333,kg,Wholesale,KAMIS public market search; monthly arithmetic mean of observed market records (https://kamis.kilimo.go.ke/site/market_search)
2023-01-31,Eldoret,Beans (Rosecoco),13087.5,90_kg,Wholesale,FEWS NET Kenya wholesale API (https://fdw.fews.net/api/marketpricefacts.csv?country=KE&price_type=Wholesale)
2023-01-31,Eldoret,Maize Grain (White),5739.0,90_kg,Wholesale,FEWS NET Kenya wholesale API (https://fdw.fews.net/api/marketpricefacts.csv?country=KE&price_type=Wholesale)
2023-01-31,Eldoret,Potato (White),1942.75,110_kg,Wholesale,FEWS NET Kenya wholesale API (https://fdw.fews.net/api/marketpricefacts.csv?country=KE&price_type=Wholesale)
2023-01-31,Kisumu,Beans (Rosecoco),14004.0,90_kg,Wholesale,FEWS NET Kenya wholesale API (https://fdw.fews.net/api/marketpricefacts.csv?country=KE&price_type=Wholesale)
2023-01-31,Kisumu,Maize Grain (White),5350.5,90_kg,Wholesale,FEWS NET Kenya wholesale API (https://fdw.fews.net/api/marketpricefacts.csv?country=KE&price_type=Wholesale)
2023-01-31,Kisumu,Potato (White),4425.0,110_kg,Wholesale,FEWS NET Kenya wholesale API (https://fdw.fews.net/api/marketpricefacts.csv?country=KE&price_type=Wholesale)
2023-01-31,Mombasa,Beans (Rosecoco),15000.0,90_kg,Wholesale,FEWS NET Kenya wholesale API (https://fdw.fews.net/api/marketpricefacts.csv?country=KE&price_type=Wholesale)
2023-01-31,Mombasa,Maize Grain (White),4680.0,90_kg,Wholesale,FEWS NET Kenya wholesale API (https://fdw.fews.net/api/marketpricefacts.csv?country=KE&price_type=Wholesale)
2023-01-31,Nairobi,Beans (Rosecoco),12266.95,90_kg,Wholesale,FEWS NET Kenya wholesale API (https://fdw.fews.net/api/marketpricefacts.csv?country=KE&price_type=Wholesale)
2023-01-31,Nairobi,Maize Grain (White),5390.89,90_kg,Wholesale,FEWS NET Kenya wholesale API (https://fdw.fews.net/api/marketpricefacts.csv?country=KE&price_type=Wholesale)
2023-01-31,Nairobi,Potato (White),2951.333333,110_kg,Wholesale,FEWS NET Kenya wholesale API (https://fdw.fews.net/api/marketpricefacts.csv?country=KE&price_type=Wholesale)
2023-01-31,Nairobi,Sorghum (Red),6589.08,90_kg,Wholesale,FEWS NET Kenya wholesale API (https://fdw.fews.net/api/marketpricefacts.csv?country=KE&price_type=Wholesale)
2023-02-01,Eldoret,Beans (Mwezi Moja),120.0,Kg,Wholesale,KAMIS public market search; monthly arithmetic mean of observed market records (https://kamis.kilimo.go.ke/site/market_search)
2023-02-01,Eldoret,Beans (Mwitemania),157.083333,Kg,Wholesale,KAMIS public market search; monthly arithmetic mean of observed market records (https://kamis.kilimo.go.ke/site/market_search)
2023-02-01,Eldoret,Beans (Yellow-Green),169.2,Kg,Wholesale,KAMIS public market search; monthly arithmetic mean of observed market records (https://kamis.kilimo.go.ke/site/market_search)
2023-02-01,Eldoret,Beans Red Haricot (Wairimu),105.0,Kg,Wholesale,KAMIS public market search; monthly arithmetic mean of observed market records (https://kamis.kilimo.go.ke/site/market_search)
2023-02-01,Eldoret,Beans Rosecoco,144.347826,Kg,Wholesale,KAMIS public market search; monthly arithmetic mean of observed market records (https://kamis.kilimo.go.ke/site/market_search)
2023-02-01,Eldoret,Dry Maize,59.895938,Kg,Wholesale,KAMIS public market search; monthly arithmetic mean of observed market records (https://kamis.kilimo.go.ke/site/market_search)
2023-02-01,Eldoret,Red Irish potato,43.333333,Kg,Wholesale,KAMIS public market search; monthly arithmetic mean of observed market records (https://kamis.kilimo.go.ke/site/market_search)
2023-02-01,Eldoret,Red Sorghum,87.1875,Kg,Wholesale,KAMIS public market search; monthly arithmetic mean of observed market records (https://kamis.kilimo.go.ke/site/market_search)
2023-02-01,Eldoret,White Irish Potatoes,44.062188,Kg,Wholesale,KAMIS public market search; monthly arithmetic mean of observed market records (https://kamis.kilimo.go.ke/site/market_search)
2023-02-01,Eldoret,White Sorghum,90.0,kg,Wholesale,KAMIS public market search; monthly arithmetic mean of observed market records (https://kamis.kilimo.go.ke/site/market_search)
2023-02-01,Kisumu,Beans (Canadian wonder),106.67,Kg,Wholesale,KAMIS public market search; monthly arithmetic mean of observed market records (https://kamis.kilimo.go.ke/site/market_search)
2023-02-01,Kisumu,Beans (Mwezi Moja),122.888,Kg,Wholesale,KAMIS public market search; monthly arithmetic mean of observed market records (https://kamis.kilimo.go.ke/site/market_search)
2023-02-01,Kisumu,Beans (Mwitemania),133.333333,Kg,Wholesale,KAMIS public market search; monthly arithmetic mean of observed market records (https://kamis.kilimo.go.ke/site/market_search)
2023-02-01,Kisumu,Beans (Yellow-Green),188.888889,Kg,Wholesale,KAMIS public market search; monthly arithmetic mean of observed market records (https://kamis.kilimo.go.ke/site/market_search)
2023-02-01,Kisumu,Beans Red Haricot (Wairimu),125.0,Kg,Wholesale,KAMIS public market search; monthly arithmetic mean of observed market records (https://kamis.kilimo.go.ke/site/market_search)
2023-02-01,Kisumu,Beans Rosecoco,154.444444,Kg,Wholesale,KAMIS public market search; monthly arithmetic mean of observed market records (https://kamis.kilimo.go.ke/site/market_search)
2023-02-01,Kisumu,Dry Maize,71.388333,Kg,Wholesale,KAMIS public market search; monthly arithmetic mean of observed market records (https://kamis.kilimo.go.ke/site/market_search)
2023-02-01,Kisumu,Red Irish potato,80.0,Kg,Wholesale,KAMIS public market search; monthly arithmetic mean of observed market records (https://kamis.kilimo.go.ke/site/market_search)
2023-02-01,Kisumu,Red Sorghum,60.833333,Kg,Wholesale,KAMIS public market search; monthly arithmetic mean of observed market records (https://kamis.kilimo.go.ke/site/market_search)
2023-02-01,Kisumu,White Irish Potatoes,78.81,Kg,Wholesale,KAMIS public market search; monthly arithmetic mean of observed market records (https://kamis.kilimo.go.ke/site/market_search)
2023-02-01,Mombasa,Beans (Mwitemania),133.565,Kg,Wholesale,KAMIS public market search; monthly arithmetic mean of observed market records (https://kamis.kilimo.go.ke/site/market_search)
2023-02-01,Mombasa,Beans (Yellow-Green),173.4725,Kg,Wholesale,KAMIS public market search; monthly arithmetic mean of observed market records (https://kamis.kilimo.go.ke/site/market_search)
2023-02-01,Mombasa,Dry Maize,70.6375,Kg,Wholesale,KAMIS public market search; monthly arithmetic mean of observed market records (https://kamis.kilimo.go.ke/site/market_search)
2023-02-01,Mombasa,White Irish Potatoes,56.144615,Kg,Wholesale,KAMIS public market search; monthly arithmetic mean of observed market records (https://kamis.kilimo.go.ke/site/market_search)
2023-02-01,Nairobi,Beans (Canadian wonder),166.67,Kg,Wholesale,KAMIS public market search; monthly arithmetic mean of observed market records (https://kamis.kilimo.go.ke/site/market_search)
2023-02-01,Nairobi,Beans (Mwezi Moja),157.642727,Kg,Wholesale,KAMIS public market search; monthly arithmetic mean of observed market records (https://kamis.kilimo.go.ke/site/market_search)
2023-02-01,Nairobi,Beans (Mwitemania),165.277188,Kg,Wholesale,KAMIS public market search; monthly arithmetic mean of observed market records (https://kamis.kilimo.go.ke/site/market_search)
2023-02-01,Nairobi,Beans (Yellow-Green),166.103906,Kg,Wholesale,KAMIS public market search; monthly arithmetic mean of observed market records (https://kamis.kilimo.go.ke/site/market_search)
2023-02-01,Nairobi,Beans Red Haricot (Wairimu),114.473421,Kg,Wholesale,KAMIS public market search; monthly arithmetic mean of observed market records (https://kamis.kilimo.go.ke/site/market_search)
2023-02-01,Nairobi,Beans Rosecoco,145.860943,Kg,Wholesale,KAMIS public market search; monthly arithmetic mean of observed market records (https://kamis.kilimo.go.ke/site/market_search)
2023-02-01,Nairobi,Dry Maize,69.577609,Kg,Wholesale,KAMIS public market search; monthly arithmetic mean of observed market records (https://kamis.kilimo.go.ke/site/market_search)
2023-02-01,Nairobi,Red Irish potato,70.0,Kg,Wholesale,KAMIS public market search; monthly arithmetic mean of observed market records (https://kamis.kilimo.go.ke/site/market_search)
2023-02-01,Nairobi,Red Sorghum,84.090909,Kg,Wholesale,KAMIS public market search; monthly arithmetic mean of observed market records (https://kamis.kilimo.go.ke/site/market_search)
2023-02-01,Nairobi,White Irish Potatoes,68.625,Kg,Wholesale,KAMIS public market search; monthly arithmetic mean of observed market records (https://kamis.kilimo.go.ke/site/market_search)
2023-02-01,Nairobi,White Sorghum,83.314667,kg,Wholesale,KAMIS public market search; monthly arithmetic mean of observed market records (https://kamis.kilimo.go.ke/site/market_search)
2023-02-01,Nakuru,Beans (Canadian wonder),131.2525,Kg,Wholesale,KAMIS public market search; monthly arithmetic mean of observed market records (https://kamis.kilimo.go.ke/site/market_search)
2023-02-01,Nakuru,Beans (Mwitemania),135.502,Kg,Wholesale,KAMIS public market search; monthly arithmetic mean of observed market records (https://kamis.kilimo.go.ke/site/market_search)
2023-02-01,Nakuru,Beans (Yellow-Green),144.0,Kg,Wholesale,KAMIS public market search; monthly arithmetic mean of observed market records (https://kamis.kilimo.go.ke/site/market_search)
2023-02-01,Nakuru,Beans Red Haricot (Wairimu),110.668,Kg,Wholesale,KAMIS public market search; monthly arithmetic mean of observed market records (https://kamis.kilimo.go.ke/site/market_search)
2023-02-01,Nakuru,Beans Rosecoco,129.473684,Kg,Wholesale,KAMIS public market search; monthly arithmetic mean of observed market records (https://kamis.kilimo.go.ke/site/market_search)
2023-02-01,Nakuru,Dry Maize,64.721875,Kg,Wholesale,KAMIS public market search; monthly arithmetic mean of observed market records (https://kamis.kilimo.go.ke/site/market_search)
2023-02-01,Nakuru,Red Sorghum,62.50125,Kg,Wholesale,KAMIS public market search; monthly arithmetic mean of observed market records (https://kamis.kilimo.go.ke/site/market_search)
2023-02-01,Nakuru,White Irish Potatoes,84.111111,Kg,Wholesale,KAMIS public market search; monthly arithmetic mean of observed market records (https://kamis.kilimo.go.ke/site/market_search)
2023-02-01,Nakuru,White Sorghum,119.79375,kg,Wholesale,KAMIS public market search; monthly arithmetic mean of observed market records (https://kamis.kilimo.go.ke/site/market_search)
2023-02-28,Eldoret,Beans (Rosecoco),14962.5,90_kg,Wholesale,FEWS NET Kenya wholesale API (https://fdw.fews.net/api/marketpricefacts.csv?country=KE&price_type=Wholesale)
2023-02-28,Eldoret,Maize Grain (White),5950.0,90_kg,Wholesale,FEWS NET Kenya wholesale API (https://fdw.fews.net/api/marketpricefacts.csv?country=KE&price_type=Wholesale)
2023-02-28,Eldoret,Potato (White),1973.125,110_kg,Wholesale,FEWS NET Kenya wholesale API (https://fdw.fews.net/api/marketpricefacts.csv?country=KE&price_type=Wholesale)
2023-02-28,Kisumu,Maize Grain (White),5400.0,90_kg,Wholesale,FEWS NET Kenya wholesale API (https://fdw.fews.net/api/marketpricefacts.csv?country=KE&price_type=Wholesale)
2023-02-28,Kisumu,Potato (White),4166.666667,110_kg,Wholesale,FEWS NET Kenya wholesale API (https://fdw.fews.net/api/marketpricefacts.csv?country=KE&price_type=Wholesale)
2023-02-28,Mombasa,Maize Grain (White),5130.0,90_kg,Wholesale,FEWS NET Kenya wholesale API (https://fdw.fews.net/api/marketpricefacts.csv?country=KE&price_type=Wholesale)
2023-02-28,Nairobi,Beans (Rosecoco),12303.0,90_kg,Wholesale,FEWS NET Kenya wholesale API (https://fdw.fews.net/api/marketpricefacts.csv?country=KE&price_type=Wholesale)
2023-02-28,Nairobi,Maize Grain (White),5226.375,90_kg,Wholesale,FEWS NET Kenya wholesale API (https://fdw.fews.net/api/marketpricefacts.csv?country=KE&price_type=Wholesale)
2023-02-28,Nairobi,Potato (White),3437.5,110_kg,Wholesale,FEWS NET Kenya wholesale API (https://fdw.fews.net/api/marketpricefacts.csv?country=KE&price_type=Wholesale)
2023-03-01,Eldoret,Beans (Mwezi Moja),119.0,Kg,Wholesale,KAMIS public market search; monthly arithmetic mean of observed market records (https://kamis.kilimo.go.ke/site/market_search)
2023-03-01,Eldoret,Beans (Mwitemania),180.625,Kg,Wholesale,KAMIS public market search; monthly arithmetic mean of observed market records (https://kamis.kilimo.go.ke/site/market_search)
2023-03-01,Eldoret,Beans (Yellow-Green),165.211053,Kg,Wholesale,KAMIS public market search; monthly arithmetic mean of observed market records (https://kamis.kilimo.go.ke/site/market_search)
2023-03-01,Eldoret,Beans Red Haricot (Wairimu),125.0,Kg,Wholesale,KAMIS public market search; monthly arithmetic mean of observed market records (https://kamis.kilimo.go.ke/site/market_search)
2023-03-01,Eldoret,Beans Rosecoco,151.578947,Kg,Wholesale,KAMIS public market search; monthly arithmetic mean of observed market records (https://kamis.kilimo.go.ke/site/market_search)
2023-03-01,Eldoret,Dry Maize,68.157368,Kg,Wholesale,KAMIS public market search; monthly arithmetic mean of observed market records (https://kamis.kilimo.go.ke/site/market_search)
2023-03-01,Eldoret,Red Irish potato,40.0,Kg,Wholesale,KAMIS public market search; monthly arithmetic mean of observed market records (https://kamis.kilimo.go.ke/site/market_search)
2023-03-01,Eldoret,Red Sorghum,85.0,Kg,Wholesale,KAMIS public market search; monthly arithmetic mean of observed market records (https://kamis.kilimo.go.ke/site/market_search)
2023-03-01,Eldoret,White Irish Potatoes,50.9,Kg,Wholesale,KAMIS public market search; monthly arithmetic mean of observed market records (https://kamis.kilimo.go.ke/site/market_search)
2023-03-01,Kisumu,Beans (Canadian wonder),106.67,Kg,Wholesale,KAMIS public market search; monthly arithmetic mean of observed market records (https://kamis.kilimo.go.ke/site/market_search)
2023-03-01,Kisumu,Beans (Mwezi Moja),147.301429,Kg,Wholesale,KAMIS public market search; monthly arithmetic mean of observed market records (https://kamis.kilimo.go.ke/site/market_search)
2023-03-01,Kisumu,Beans (Mwitemania),125.0,Kg,Wholesale,KAMIS public market search; monthly arithmetic mean of observed market records (https://kamis.kilimo.go.ke/site/market_search)
2023-03-01,Kisumu,Beans (Yellow-Green),201.071429,Kg,Wholesale,KAMIS public market search; monthly arithmetic mean of observed market records (https://kamis.kilimo.go.ke/site/market_search)
2023-03-01,Kisumu,Beans Rosecoco,157.222222,Kg,Wholesale,KAMIS public market search; monthly arithmetic mean of observed market records (https://kamis.kilimo.go.ke/site/market_search)
2023-03-01,Kisumu,Dry Maize,71.988421,Kg,Wholesale,KAMIS public market search; monthly arithmetic mean of observed market records (https://kamis.kilimo.go.ke/site/market_search)
2023-03-01,Kisumu,Red Irish potato,100.0,Kg,Wholesale,KAMIS public market search; monthly arithmetic mean of observed market records (https://kamis.kilimo.go.ke/site/market_search)
2023-03-01,Kisumu,Red Sorghum,69.166667,Kg,Wholesale,KAMIS public market search; monthly arithmetic mean of observed market records (https://kamis.kilimo.go.ke/site/market_search)
2023-03-01,Kisumu,White Irish Potatoes,85.686923,Kg,Wholesale,KAMIS public market search; monthly arithmetic mean of observed market records (https://kamis.kilimo.go.ke/site/market_search)
2023-03-01,Kisumu,White Sorghum,85.0,kg,Wholesale,KAMIS public market search; monthly arithmetic mean of observed market records (https://kamis.kilimo.go.ke/site/market_search)
2023-03-01,Mombasa,Beans (Mwitemania),181.406667,Kg,Wholesale,KAMIS public market search; monthly arithmetic mean of observed market records (https://kamis.kilimo.go.ke/site/market_search)
2023-03-01,Mombasa,Beans (Yellow-Green),155.378,Kg,Wholesale,KAMIS public market search; monthly arithmetic mean of observed market records (https://kamis.kilimo.go.ke/site/market_search)
2023-03-01,Mombasa,Dry Maize,73.25,Kg,Wholesale,KAMIS public market search; monthly arithmetic mean of observed market records (https://kamis.kilimo.go.ke/site/market_search)
2023-03-01,Mombasa,White Irish Potatoes,63.323333,Kg,Wholesale,KAMIS public market search; monthly arithmetic mean of observed market records (https://kamis.kilimo.go.ke/site/market_search)
2023-03-01,Mombasa,White Sorghum,60.0,kg,Wholesale,KAMIS public market search; monthly arithmetic mean of observed market records (https://kamis.kilimo.go.ke/site/market_search)
2023-03-01,Nairobi,Beans (Canadian wonder),162.801111,Kg,Wholesale,KAMIS public market search; monthly arithmetic mean of observed market records (https://kamis.kilimo.go.ke/site/market_search)
2023-03-01,Nairobi,Beans (Mwezi Moja),137.037778,Kg,Wholesale,KAMIS public market search; monthly arithmetic mean of observed market records (https://kamis.kilimo.go.ke/site/market_search)
2023-03-01,Nairobi,Beans (Mwitemania),166.9784,Kg,Wholesale,KAMIS public market search; monthly arithmetic mean of observed market records (https://kamis.kilimo.go.ke/site/market_search)
2023-03-01,Nairobi,Beans (Yellow-Green),161.94058,Kg,Wholesale,KAMIS public market search; monthly arithmetic mean of observed market records (https://kamis.kilimo.go.ke/site/market_search)
2023-03-01,Nairobi,Beans Red Haricot (Wairimu),124.252571,Kg,Wholesale,KAMIS public market search; monthly arithmetic mean of observed market records (https://kamis.kilimo.go.ke/site/market_search)
2023-03-01,Nairobi,Beans Rosecoco,172.738246,Kg,Wholesale,KAMIS public market search; monthly arithmetic mean of observed market records (https://kamis.kilimo.go.ke/site/market_search)
2023-03-01,Nairobi,Dry Maize,137.903778,Kg,Wholesale,KAMIS public market search; monthly arithmetic mean of observed market records (https://kamis.kilimo.go.ke/site/market_search)
2023-03-01,Nairobi,Red Irish potato,60.0,Kg,Wholesale,KAMIS public market search; monthly arithmetic mean of observed market records (https://kamis.kilimo.go.ke/site/market_search)
2023-03-01,Nairobi,Red Sorghum,87.8,Kg,Wholesale,KAMIS public market search; monthly arithmetic mean of observed market records (https://kamis.kilimo.go.ke/site/market_search)
2023-03-01,Nairobi,White Irish Potatoes,59.757273,Kg,Wholesale,KAMIS public market search; monthly arithmetic mean of observed market records (https://kamis.kilimo.go.ke/site/market_search)
2023-03-01,Nairobi,White Sorghum,84.2,kg,Wholesale,KAMIS public market search; monthly arithmetic mean of observed market records (https://kamis.kilimo.go.ke/site/market_search)
2023-03-01,Nakuru,Beans (Canadian wonder),141.111111,Kg,Wholesale,KAMIS public market search; monthly arithmetic mean of observed market records (https://kamis.kilimo.go.ke/site/market_search)
2023-03-01,Nakuru,Beans (Mwezi Moja),133.888889,Kg,Wholesale,KAMIS public market search; monthly arithmetic mean of observed market records (https://kamis.kilimo.go.ke/site/market_search)
2023-03-01,Nakuru,Beans (Mwitemania),140.0,Kg,Wholesale,KAMIS public market search; monthly arithmetic mean of observed market records (https://kamis.kilimo.go.ke/site/market_search)
2023-03-01,Nakuru,Beans (Yellow-Green),168.861429,Kg,Wholesale,KAMIS public market search; monthly arithmetic mean of observed market records (https://kamis.kilimo.go.ke/site/market_search)
2023-03-01,Nakuru,Beans Red Haricot (Wairimu),128.571429,Kg,Wholesale,KAMIS public market search; monthly arithmetic mean of observed market records (https://kamis.kilimo.go.ke/site/market_search)
2023-03-01,Nakuru,Beans Rosecoco,148.389,Kg,Wholesale,KAMIS public market search; monthly arithmetic mean of observed market records (https://kamis.kilimo.go.ke/site/market_search)
2023-03-01,Nakuru,Dry Maize,70.74973,Kg,Wholesale,KAMIS public market search; monthly arithmetic mean of observed market records (https://kamis.kilimo.go.ke/site/market_search)
2023-03-01,Nakuru,Red Sorghum,64.914737,Kg,Wholesale,KAMIS public market search; monthly arithmetic mean of observed market records (https://kamis.kilimo.go.ke/site/market_search)
2023-03-01,Nakuru,White Irish Potatoes,108.761905,Kg,Wholesale,KAMIS public market search; monthly arithmetic mean of observed market records (https://kamis.kilimo.go.ke/site/market_search)
2023-03-01,Nakuru,White Sorghum,66.67,kg,Wholesale,KAMIS public market search; monthly arithmetic mean of observed market records (https://kamis.kilimo.go.ke/site/market_search)
2023-03-31,Eldoret,Beans (Rosecoco),15825.0,90_kg,Wholesale,FEWS NET Kenya wholesale API (https://fdw.fews.net/api/marketpricefacts.csv?country=KE&price_type=Wholesale)
2023-03-31,Eldoret,Maize Grain (White),6468.75,90_kg,Wholesale,FEWS NET Kenya wholesale API (https://fdw.fews.net/api/marketpricefacts.csv?country=KE&price_type=Wholesale)
2023-03-31,Eldoret,Potato (White),2694.4375,110_kg,Wholesale,FEWS NET Kenya wholesale API (https://fdw.fews.net/api/marketpricefacts.csv?country=KE&price_type=Wholesale)
2023-03-31,Kisumu,Maize Grain (White),5301.0,90_kg,Wholesale,FEWS NET Kenya wholesale API (https://fdw.fews.net/api/marketpricefacts.csv?country=KE&price_type=Wholesale)
2023-03-31,Kisumu,Potato (White),3875.0,110_kg,Wholesale,FEWS NET Kenya wholesale API (https://fdw.fews.net/api/marketpricefacts.csv?country=KE&price_type=Wholesale)
2023-03-31,Mombasa,Maize Grain (White),5670.0,90_kg,Wholesale,FEWS NET Kenya wholesale API (https://fdw.fews.net/api/marketpricefacts.csv?country=KE&price_type=Wholesale)
2023-03-31,Mombasa,Sorghum (Red),5400.0,90_kg,Wholesale,FEWS NET Kenya wholesale API (https://fdw.fews.net/api/marketpricefacts.csv?country=KE&price_type=Wholesale)
2023-03-31,Nairobi,Beans (Rosecoco),14202.0,90_kg,Wholesale,FEWS NET Kenya wholesale API (https://fdw.fews.net/api/marketpricefacts.csv?country=KE&price_type=Wholesale)
2023-03-31,Nairobi,Maize Grain (White),5986.875,90_kg,Wholesale,FEWS NET Kenya wholesale API (https://fdw.fews.net/api/marketpricefacts.csv?country=KE&price_type=Wholesale)
2023-03-31,Nairobi,Potato (White),2966.25,110_kg,Wholesale,FEWS NET Kenya wholesale API (https://fdw.fews.net/api/marketpricefacts.csv?country=KE&price_type=Wholesale)
2023-03-31,Nairobi,Sorghum (Red),7554.375,90_kg,Wholesale,FEWS NET Kenya wholesale API (https://fdw.fews.net/api/marketpricefacts.csv?country=KE&price_type=Wholesale)
2023-04-01,Eldoret,Beans (Mwezi Moja),116.87625,Kg,Wholesale,KAMIS public market search; monthly arithmetic mean of observed market records (https://kamis.kilimo.go.ke/site/market_search)
2023-04-01,Eldoret,Beans (Mwitemania),186.428571,Kg,Wholesale,KAMIS public market search; monthly arithmetic mean of observed market records (https://kamis.kilimo.go.ke/site/market_search)
2023-04-01,Eldoret,Beans (Yellow-Green),178.636364,Kg,Wholesale,KAMIS public market search; monthly arithmetic mean of observed market records (https://kamis.kilimo.go.ke/site/market_search)
2023-04-01,Eldoret,Beans Red Haricot (Wairimu),146.0,Kg,Wholesale,KAMIS public market search; monthly arithmetic mean of observed market records (https://kamis.kilimo.go.ke/site/market_search)
2023-04-01,Eldoret,Beans Rosecoco,161.0,Kg,Wholesale,KAMIS public market search; monthly arithmetic mean of observed market records (https://kamis.kilimo.go.ke/site/market_search)
2023-04-01,Eldoret,Dry Maize,74.005263,Kg,Wholesale,KAMIS public market search; monthly arithmetic mean of observed market records (https://kamis.kilimo.go.ke/site/market_search)
2023-04-01,Eldoret,Red Irish potato,87.5,Kg,Wholesale,KAMIS public market search; monthly arithmetic mean of observed market records (https://kamis.kilimo.go.ke/site/market_search)
2023-04-01,Eldoret,Red Sorghum,87.5,Kg,Wholesale,KAMIS public market search; monthly arithmetic mean of observed market records (https://kamis.kilimo.go.ke/site/market_search)
2023-04-01,Eldoret,White Irish Potatoes,70.25,Kg,Wholesale,KAMIS public market search; monthly arithmetic mean of observed market records (https://kamis.kilimo.go.ke/site/market_search)
2023-04-01,Kisumu,Beans (Canadian wonder),133.33,Kg,Wholesale,KAMIS public market search; monthly arithmetic mean of observed market records (https://kamis.kilimo.go.ke/site/market_search)
2023-04-01,Kisumu,Beans (Mwezi Moja),182.142857,Kg,Wholesale,KAMIS public market search; monthly arithmetic mean of observed market records (https://kamis.kilimo.go.ke/site/market_search)
2023-04-01,Kisumu,Beans (Mwitemania),150.0,Kg,Wholesale,KAMIS public market search; monthly arithmetic mean of observed market records (https://kamis.kilimo.go.ke/site/market_search)
2023-04-01,Kisumu,Beans (Yellow-Green),216.666429,Kg,Wholesale,KAMIS public market search; monthly arithmetic mean of observed market records (https://kamis.kilimo.go.ke/site/market_search)
2023-04-01,Kisumu,Beans Red Haricot (Wairimu),250.0,Kg,Wholesale,KAMIS public market search; monthly arithmetic mean of observed market records (https://kamis.kilimo.go.ke/site/market_search)
2023-04-01,Kisumu,Beans Rosecoco,202.307692,Kg,Wholesale,KAMIS public market search; monthly arithmetic mean of observed market records (https://kamis.kilimo.go.ke/site/market_search)
2023-04-01,Kisumu,Dry Maize,76.355294,Kg,Wholesale,KAMIS public market search; monthly arithmetic mean of observed market records (https://kamis.kilimo.go.ke/site/market_search)
2023-04-01,Kisumu,Red Irish potato,137.5,Kg,Wholesale,KAMIS public market search; monthly arithmetic mean of observed market records (https://kamis.kilimo.go.ke/site/market_search)
2023-04-01,Kisumu,Red Sorghum,80.0,Kg,Wholesale,KAMIS public market search; monthly arithmetic mean of observed market records (https://kamis.kilimo.go.ke/site/market_search)
2023-04-01,Kisumu,White Irish Potatoes,112.1875,Kg,Wholesale,KAMIS public market search; monthly arithmetic mean of observed market records (https://kamis.kilimo.go.ke/site/market_search)
2023-04-01,Mombasa,Beans (Mwitemania),195.0,Kg,Wholesale,KAMIS public market search; monthly arithmetic mean of observed market records (https://kamis.kilimo.go.ke/site/market_search)
2023-04-01,Mombasa,Beans (Yellow-Green),124.9,Kg,Wholesale,KAMIS public market search; monthly arithmetic mean of observed market records (https://kamis.kilimo.go.ke/site/market_search)
2023-04-01,Mombasa,Dry Maize,70.333333,Kg,Wholesale,KAMIS public market search; monthly arithmetic mean of observed market records (https://kamis.kilimo.go.ke/site/market_search)
2023-04-01,Mombasa,Red Irish potato,66.11,Kg,Wholesale,KAMIS public market search; monthly arithmetic mean of observed market records (https://kamis.kilimo.go.ke/site/market_search)
2023-04-01,Mombasa,Red Sorghum,30.0,Kg,Wholesale,KAMIS public market search; monthly arithmetic mean of observed market records (https://kamis.kilimo.go.ke/site/market_search)
2023-04-01,Mombasa,White Irish Potatoes,61.841429,Kg,Wholesale,KAMIS public market search; monthly arithmetic mean of observed market records (https://kamis.kilimo.go.ke/site/market_search)
2023-04-01,Mombasa,White Sorghum,29.0,kg,Wholesale,KAMIS public market search; monthly arithmetic mean of observed market records (https://kamis.kilimo.go.ke/site/market_search)
2023-04-01,Nairobi,Beans (Canadian wonder),144.647273,Kg,Wholesale,KAMIS public market search; monthly arithmetic mean of observed market records (https://kamis.kilimo.go.ke/site/market_search)
2023-04-01,Nairobi,Beans (Mwezi Moja),150.257692,Kg,Wholesale,KAMIS public market search; monthly arithmetic mean of observed market records (https://kamis.kilimo.go.ke/site/market_search)
2023-04-01,Nairobi,Beans (Mwitemania),186.67,Kg,Wholesale,KAMIS public market search; monthly arithmetic mean of observed market records (https://kamis.kilimo.go.ke/site/market_search)
2023-04-01,Nairobi,Beans (Yellow-Green),159.247059,Kg,Wholesale,KAMIS public market search; monthly arithmetic mean of observed market records (https://kamis.kilimo.go.ke/site/market_search)
2023-04-01,Nairobi,Beans Red Haricot (Wairimu),130.157857,Kg,Wholesale,KAMIS public market search; monthly arithmetic mean of observed market records (https://kamis.kilimo.go.ke/site/market_search)
2023-04-01,Nairobi,Beans Rosecoco,155.785926,Kg,Wholesale,KAMIS public market search; monthly arithmetic mean of observed market records (https://kamis.kilimo.go.ke/site/market_search)
2023-04-01,Nairobi,Dry Maize,63.629118,Kg,Wholesale,KAMIS public market search; monthly arithmetic mean of observed market records (https://kamis.kilimo.go.ke/site/market_search)
2023-04-01,Nairobi,Red Sorghum,82.5,Kg,Wholesale,KAMIS public market search; monthly arithmetic mean of observed market records (https://kamis.kilimo.go.ke/site/market_search)
2023-04-01,Nairobi,White Irish Potatoes,56.555556,Kg,Wholesale,KAMIS public market search; monthly arithmetic mean of observed market records (https://kamis.kilimo.go.ke/site/market_search)
2023-04-01,Nairobi,White Sorghum,80.0,kg,Wholesale,KAMIS public market search; monthly arithmetic mean of observed market records (https://kamis.kilimo.go.ke/site/market_search)
2023-04-01,Nakuru,Beans (Canadian wonder),154.79,Kg,Wholesale,KAMIS public market search; monthly arithmetic mean of observed market records (https://kamis.kilimo.go.ke/site/market_search)
2023-04-01,Nakuru,Beans (Mwezi Moja),147.575455,Kg,Wholesale,KAMIS public market search; monthly arithmetic mean of observed market records (https://kamis.kilimo.go.ke/site/market_search)
2023-04-01,Nakuru,Beans (Mwitemania),145.714286,Kg,Wholesale,KAMIS public market search; monthly arithmetic mean of observed market records (https://kamis.kilimo.go.ke/site/market_search)
2023-04-01,Nakuru,Beans (Yellow-Green),159.303125,Kg,Wholesale,KAMIS public market search; monthly arithmetic mean of observed market records (https://kamis.kilimo.go.ke/site/market_search)
2023-04-01,Nakuru,Beans Red Haricot (Wairimu),143.125,Kg,Wholesale,KAMIS public market search; monthly arithmetic mean of observed market records (https://kamis.kilimo.go.ke/site/market_search)
2023-04-01,Nakuru,Beans Rosecoco,162.581176,Kg,Wholesale,KAMIS public market search; monthly arithmetic mean of observed market records (https://kamis.kilimo.go.ke/site/market_search)
2023-04-01,Nakuru,Dry Maize,70.034375,Kg,Wholesale,KAMIS public market search; monthly arithmetic mean of observed market records (https://kamis.kilimo.go.ke/site/market_search)
2023-04-01,Nakuru,Red Irish potato,135.0,Kg,Wholesale,KAMIS public market search; monthly arithmetic mean of observed market records (https://kamis.kilimo.go.ke/site/market_search)
2023-04-01,Nakuru,Red Sorghum,71.46,Kg,Wholesale,KAMIS public market search; monthly arithmetic mean of observed market records (https://kamis.kilimo.go.ke/site/market_search)
2023-04-01,Nakuru,White Irish Potatoes,129.142857,Kg,Wholesale,KAMIS public market search; monthly arithmetic mean of observed market records (https://kamis.kilimo.go.ke/site/market_search)
2023-04-01,Nakuru,White Sorghum,66.67,kg,Wholesale,KAMIS public market search; monthly arithmetic mean of observed market records (https://kamis.kilimo.go.ke/site/market_search)
2023-04-30,Eldoret,Beans (Rosecoco),15525.0,90_kg,Wholesale,FEWS NET Kenya wholesale API (https://fdw.fews.net/api/marketpricefacts.csv?country=KE&price_type=Wholesale)
2023-04-30,Eldoret,Maize Grain (White),7005.0,90_kg,Wholesale,FEWS NET Kenya wholesale API (https://fdw.fews.net/api/marketpricefacts.csv?country=KE&price_type=Wholesale)
2023-04-30,Eldoret,Potato (White),3147.916667,110_kg,Wholesale,FEWS NET Kenya wholesale API (https://fdw.fews.net/api/marketpricefacts.csv?country=KE&price_type=Wholesale)
2023-04-30,Kisumu,Beans (Rosecoco),14004.0,90_kg,Wholesale,FEWS NET Kenya wholesale API (https://fdw.fews.net/api/marketpricefacts.csv?country=KE&price_type=Wholesale)
2023-04-30,Kisumu,Maize Grain (White),5400.0,90_kg,Wholesale,FEWS NET Kenya wholesale API (https://fdw.fews.net/api/marketpricefacts.csv?country=KE&price_type=Wholesale)
2023-04-30,Kisumu,Potato (White),4500.0,110_kg,Wholesale,FEWS NET Kenya wholesale API (https://fdw.fews.net/api/marketpricefacts.csv?country=KE&price_type=Wholesale)
2023-04-30,Mombasa,Beans (Rosecoco),15300.0,90_kg,Wholesale,FEWS NET Kenya wholesale API (https://fdw.fews.net/api/marketpricefacts.csv?country=KE&price_type=Wholesale)
2023-04-30,Mombasa,Maize Grain (White),5895.0,90_kg,Wholesale,FEWS NET Kenya wholesale API (https://fdw.fews.net/api/marketpricefacts.csv?country=KE&price_type=Wholesale)
2023-04-30,Nairobi,Beans (Rosecoco),13923.0,90_kg,Wholesale,FEWS NET Kenya wholesale API (https://fdw.fews.net/api/marketpricefacts.csv?country=KE&price_type=Wholesale)
2023-04-30,Nairobi,Maize Grain (White),6084.3,90_kg,Wholesale,FEWS NET Kenya wholesale API (https://fdw.fews.net/api/marketpricefacts.csv?country=KE&price_type=Wholesale)
2023-04-30,Nairobi,Potato (White),3181.25,110_kg,Wholesale,FEWS NET Kenya wholesale API (https://fdw.fews.net/api/marketpricefacts.csv?country=KE&price_type=Wholesale)
2023-05-01,Eldoret,Beans (Mwezi Moja),194.166667,Kg,Wholesale,KAMIS public market search; monthly arithmetic mean of observed market records (https://kamis.kilimo.go.ke/site/market_search)
2023-05-01,Eldoret,Beans (Mwitemania),207.0,Kg,Wholesale,KAMIS public market search; monthly arithmetic mean of observed market records (https://kamis.kilimo.go.ke/site/market_search)
2023-05-01,Eldoret,Beans (Yellow-Green),207.631579,Kg,Wholesale,KAMIS public market search; monthly arithmetic mean of observed market records (https://kamis.kilimo.go.ke/site/market_search)
2023-05-01,Eldoret,Beans Red Haricot (Wairimu),200.0,Kg,Wholesale,KAMIS public market search; monthly arithmetic mean of observed market records (https://kamis.kilimo.go.ke/site/market_search)
2023-05-01,Eldoret,Beans Rosecoco,185.923077,Kg,Wholesale,KAMIS public market search; monthly arithmetic mean of observed market records (https://kamis.kilimo.go.ke/site/market_search)
2023-05-01,Eldoret,Dry Maize,79.343636,Kg,Wholesale,KAMIS public market search; monthly arithmetic mean of observed market records (https://kamis.kilimo.go.ke/site/market_search)
2023-05-01,Eldoret,Red Irish potato,94.0,Kg,Wholesale,KAMIS public market search; monthly arithmetic mean of observed market records (https://kamis.kilimo.go.ke/site/market_search)
2023-05-01,Eldoret,Red Sorghum,84.75,Kg,Wholesale,KAMIS public market search; monthly arithmetic mean of observed market records (https://kamis.kilimo.go.ke/site/market_search)
2023-05-01,Eldoret,White Irish Potatoes,67.960357,Kg,Wholesale,KAMIS public market search; monthly arithmetic mean of observed market records (https://kamis.kilimo.go.ke/site/market_search)
2023-05-01,Kisumu,Beans (Mwezi Moja),170.833333,Kg,Wholesale,KAMIS public market search; monthly arithmetic mean of observed market records (https://kamis.kilimo.go.ke/site/market_search)
2023-05-01,Kisumu,Beans (Mwitemania),125.0,Kg,Wholesale,KAMIS public market search; monthly arithmetic mean of observed market records (https://kamis.kilimo.go.ke/site/market_search)
2023-05-01,Kisumu,Beans (Yellow-Green),223.333333,Kg,Wholesale,KAMIS public market search; monthly arithmetic mean of observed market records (https://kamis.kilimo.go.ke/site/market_search)
2023-05-01,Kisumu,Beans Red Haricot (Wairimu),175.0,Kg,Wholesale,KAMIS public market search; monthly arithmetic mean of observed market records (https://kamis.kilimo.go.ke/site/market_search)
2023-05-01,Kisumu,Beans Rosecoco,195.0,Kg,Wholesale,KAMIS public market search; monthly arithmetic mean of observed market records (https://kamis.kilimo.go.ke/site/market_search)
2023-05-01,Kisumu,Dry Maize,77.543684,Kg,Wholesale,KAMIS public market search; monthly arithmetic mean of observed market records (https://kamis.kilimo.go.ke/site/market_search)
2023-05-01,Kisumu,Red Irish potato,150.0,Kg,Wholesale,KAMIS public market search; monthly arithmetic mean of observed market records (https://kamis.kilimo.go.ke/site/market_search)
2023-05-01,Kisumu,Red Sorghum,78.282727,Kg,Wholesale,KAMIS public market search; monthly arithmetic mean of observed market records (https://kamis.kilimo.go.ke/site/market_search)
2023-05-01,Kisumu,White Irish Potatoes,81.458333,Kg,Wholesale,KAMIS public market search; monthly arithmetic mean of observed market records (https://kamis.kilimo.go.ke/site/market_search)
2023-05-01,Kisumu,White Sorghum,85.0,kg,Wholesale,KAMIS public market search; monthly arithmetic mean of observed market records (https://kamis.kilimo.go.ke/site/market_search)
2023-05-01,Mombasa,Beans (Mwitemania),171.25,Kg,Wholesale,KAMIS public market search; monthly arithmetic mean of observed market records (https://kamis.kilimo.go.ke/site/market_search)
2023-05-01,Mombasa,Beans (Yellow-Green),168.714286,Kg,Wholesale,KAMIS public market search; monthly arithmetic mean of observed market records (https://kamis.kilimo.go.ke/site/market_search)
2023-05-01,Mombasa,Beans Rosecoco,185.0,Kg,Wholesale,KAMIS public market search; monthly arithmetic mean of observed market records (https://kamis.kilimo.go.ke/site/market_search)
2023-05-01,Mombasa,Dry Maize,85.571429,Kg,Wholesale,KAMIS public market search; monthly arithmetic mean of observed market records (https://kamis.kilimo.go.ke/site/market_search)
2023-05-01,Mombasa,Red Irish potato,55.685,Kg,Wholesale,KAMIS public market search; monthly arithmetic mean of observed market records (https://kamis.kilimo.go.ke/site/market_search)
2023-05-01,Mombasa,Red Sorghum,66.0,Kg,Wholesale,KAMIS public market search; monthly arithmetic mean of observed market records (https://kamis.kilimo.go.ke/site/market_search)
2023-05-01,Mombasa,White Irish Potatoes,68.78,Kg,Wholesale,KAMIS public market search; monthly arithmetic mean of observed market records (https://kamis.kilimo.go.ke/site/market_search)
2023-05-01,Mombasa,White Sorghum,68.75,kg,Wholesale,KAMIS public market search; monthly arithmetic mean of observed market records (https://kamis.kilimo.go.ke/site/market_search)
2023-05-01,Nairobi,Beans (Canadian wonder),145.714286,Kg,Wholesale,KAMIS public market search; monthly arithmetic mean of observed market records (https://kamis.kilimo.go.ke/site/market_search)
2023-05-01,Nairobi,Beans (Mwezi Moja),155.003,Kg,Wholesale,KAMIS public market search; monthly arithmetic mean of observed market records (https://kamis.kilimo.go.ke/site/market_search)
2023-05-01,Nairobi,Beans (Mwitemania),167.68,Kg,Wholesale,KAMIS public market search; monthly arithmetic mean of observed market records (https://kamis.kilimo.go.ke/site/market_search)
2023-05-01,Nairobi,Beans (Yellow-Green),169.598507,Kg,Wholesale,KAMIS public market search; monthly arithmetic mean of observed market records (https://kamis.kilimo.go.ke/site/market_search)
2023-05-01,Nairobi,Beans Red Haricot (Wairimu),149.941842,Kg,Wholesale,KAMIS public market search; monthly arithmetic mean of observed market records (https://kamis.kilimo.go.ke/site/market_search)
2023-05-01,Nairobi,Beans Rosecoco,161.5342,Kg,Wholesale,KAMIS public market search; monthly arithmetic mean of observed market records (https://kamis.kilimo.go.ke/site/market_search)
2023-05-01,Nairobi,Dry Maize,70.721429,Kg,Wholesale,KAMIS public market search; monthly arithmetic mean of observed market records (https://kamis.kilimo.go.ke/site/market_search)
2023-05-01,Nairobi,Red Sorghum,66.25,Kg,Wholesale,KAMIS public market search; monthly arithmetic mean of observed market records (https://kamis.kilimo.go.ke/site/market_search)
2023-05-01,Nairobi,White Irish Potatoes,93.730714,Kg,Wholesale,KAMIS public market search; monthly arithmetic mean of observed market records (https://kamis.kilimo.go.ke/site/market_search)
2023-05-01,Nakuru,Beans (Canadian wonder),141.520526,Kg,Wholesale,KAMIS public market search; monthly arithmetic mean of observed market records (https://kamis.kilimo.go.ke/site/market_search)
2023-05-01,Nakuru,Beans (Mwezi Moja),176.111111,Kg,Wholesale,KAMIS public market search; monthly arithmetic mean of observed market records (https://kamis.kilimo.go.ke/site/market_search)
2023-05-01,Nakuru,Beans (Mwitemania),156.785714,Kg,Wholesale,KAMIS public market search; monthly arithmetic mean of observed market records (https://kamis.kilimo.go.ke/site/market_search)
2023-05-01,Nakuru,Beans (Yellow-Green),171.377586,Kg,Wholesale,KAMIS public market search; monthly arithmetic mean of observed market records (https://kamis.kilimo.go.ke/site/market_search)
2023-05-01,Nakuru,Beans Red Haricot (Wairimu),131.182258,Kg,Wholesale,KAMIS public market search; monthly arithmetic mean of observed market records (https://kamis.kilimo.go.ke/site/market_search)
2023-05-01,Nakuru,Beans Rosecoco,153.813636,Kg,Wholesale,KAMIS public market search; monthly arithmetic mean of observed market records (https://kamis.kilimo.go.ke/site/market_search)
2023-05-01,Nakuru,Dry Maize,212.971739,Kg,Wholesale,KAMIS public market search; monthly arithmetic mean of observed market records (https://kamis.kilimo.go.ke/site/market_search)
2023-05-01,Nakuru,Red Sorghum,68.262609,Kg,Wholesale,KAMIS public market search; monthly arithmetic mean of observed market records (https://kamis.kilimo.go.ke/site/market_search)
2023-05-01,Nakuru,White Irish Potatoes,115.806452,Kg,Wholesale,KAMIS public market search; monthly arithmetic mean of observed market records (https://kamis.kilimo.go.ke/site/market_search)
2023-05-01,Nakuru,White Sorghum,68.831579,kg,Wholesale,KAMIS public market search; monthly arithmetic mean of observed market records (https://kamis.kilimo.go.ke/site/market_search)
2023-05-31,Eldoret,Beans (Rosecoco),16500.0,90_kg,Wholesale,FEWS NET Kenya wholesale API (https://fdw.fews.net/api/marketpricefacts.csv?country=KE&price_type=Wholesale)
2023-05-31,Eldoret,Maize Grain (White),7605.0,90_kg,Wholesale,FEWS NET Kenya wholesale API (https://fdw.fews.net/api/marketpricefacts.csv?country=KE&price_type=Wholesale)
2023-05-31,Eldoret,Potato (White),3118.616667,110_kg,Wholesale,FEWS NET Kenya wholesale API (https://fdw.fews.net/api/marketpricefacts.csv?country=KE&price_type=Wholesale)
2023-05-31,Eldoret,Sorghum (Red),7950.0,90_kg,Wholesale,FEWS NET Kenya wholesale API (https://fdw.fews.net/api/marketpricefacts.csv?country=KE&price_type=Wholesale)
2023-05-31,Kisumu,Beans (Rosecoco),17100.0,90_kg,Wholesale,FEWS NET Kenya wholesale API (https://fdw.fews.net/api/marketpricefacts.csv?country=KE&price_type=Wholesale)
2023-05-31,Kisumu,Maize Grain (White),6366.0,90_kg,Wholesale,FEWS NET Kenya wholesale API (https://fdw.fews.net/api/marketpricefacts.csv?country=KE&price_type=Wholesale)
2023-05-31,Kisumu,Potato (White),4500.0,110_kg,Wholesale,FEWS NET Kenya wholesale API (https://fdw.fews.net/api/marketpricefacts.csv?country=KE&price_type=Wholesale)
2023-05-31,Mombasa,Beans (Rosecoco),17100.0,90_kg,Wholesale,FEWS NET Kenya wholesale API (https://fdw.fews.net/api/marketpricefacts.csv?country=KE&price_type=Wholesale)
2023-05-31,Mombasa,Maize Grain (White),5670.0,90_kg,Wholesale,FEWS NET Kenya wholesale API (https://fdw.fews.net/api/marketpricefacts.csv?country=KE&price_type=Wholesale)
2023-05-31,Mombasa,Sorghum (Red),4950.0,90_kg,Wholesale,FEWS NET Kenya wholesale API (https://fdw.fews.net/api/marketpricefacts.csv?country=KE&price_type=Wholesale)
2023-05-31,Nairobi,Beans (Rosecoco),14268.0,90_kg,Wholesale,FEWS NET Kenya wholesale API (https://fdw.fews.net/api/marketpricefacts.csv?country=KE&price_type=Wholesale)
2023-05-31,Nairobi,Maize Grain (White),6328.05,90_kg,Wholesale,FEWS NET Kenya wholesale API (https://fdw.fews.net/api/marketpricefacts.csv?country=KE&price_type=Wholesale)
2023-05-31,Nairobi,Potato (White),3250.0,110_kg,Wholesale,FEWS NET Kenya wholesale API (https://fdw.fews.net/api/marketpricefacts.csv?country=KE&price_type=Wholesale)
2023-06-01,Eldoret,Beans (Mwezi Moja),183.0,Kg,Wholesale,KAMIS public market search; monthly arithmetic mean of observed market records (https://kamis.kilimo.go.ke/site/market_search)
2023-06-01,Eldoret,Beans (Mwitemania),210.0,Kg,Wholesale,KAMIS public market search; monthly arithmetic mean of observed market records (https://kamis.kilimo.go.ke/site/market_search)
2023-06-01,Eldoret,Beans (Yellow-Green),202.941176,Kg,Wholesale,KAMIS public market search; monthly arithmetic mean of observed market records (https://kamis.kilimo.go.ke/site/market_search)
2023-06-01,Eldoret,Beans Red Haricot (Wairimu),205.0,Kg,Wholesale,KAMIS public market search; monthly arithmetic mean of observed market records (https://kamis.kilimo.go.ke/site/market_search)
2023-06-01,Eldoret,Beans Rosecoco,188.166667,Kg,Wholesale,KAMIS public market search; monthly arithmetic mean of observed market records (https://kamis.kilimo.go.ke/site/market_search)
2023-06-01,Eldoret,Dry Maize,81.799048,Kg,Wholesale,KAMIS public market search; monthly arithmetic mean of observed market records (https://kamis.kilimo.go.ke/site/market_search)
2023-06-01,Eldoret,Red Irish potato,47.4,Kg,Wholesale,KAMIS public market search; monthly arithmetic mean of observed market records (https://kamis.kilimo.go.ke/site/market_search)
2023-06-01,Eldoret,Red Sorghum,103.333333,Kg,Wholesale,KAMIS public market search; monthly arithmetic mean of observed market records (https://kamis.kilimo.go.ke/site/market_search)
2023-06-01,Eldoret,White Irish Potatoes,41.626154,Kg,Wholesale,KAMIS public market search; monthly arithmetic mean of observed market records (https://kamis.kilimo.go.ke/site/market_search)
2023-06-01,Kisumu,Beans (Canadian wonder),150.0,Kg,Wholesale,KAMIS public market search; monthly arithmetic mean of observed market records (https://kamis.kilimo.go.ke/site/market_search)
2023-06-01,Kisumu,Beans (Mwezi Moja),161.0,Kg,Wholesale,KAMIS public market search; monthly arithmetic mean of observed market records (https://kamis.kilimo.go.ke/site/market_search)
2023-06-01,Kisumu,Beans (Mwitemania),150.0,Kg,Wholesale,KAMIS public market search; monthly arithmetic mean of observed market records (https://kamis.kilimo.go.ke/site/market_search)
2023-06-01,Kisumu,Beans (Yellow-Green),224.545455,Kg,Wholesale,KAMIS public market search; monthly arithmetic mean of observed market records (https://kamis.kilimo.go.ke/site/market_search)
2023-06-01,Kisumu,Beans Red Haricot (Wairimu),190.0,Kg,Wholesale,KAMIS public market search; monthly arithmetic mean of observed market records (https://kamis.kilimo.go.ke/site/market_search)
2023-06-01,Kisumu,Beans Rosecoco,189.444444,Kg,Wholesale,KAMIS public market search; monthly arithmetic mean of observed market records (https://kamis.kilimo.go.ke/site/market_search)
2023-06-01,Kisumu,Dry Maize,84.083529,Kg,Wholesale,KAMIS public market search; monthly arithmetic mean of observed market records (https://kamis.kilimo.go.ke/site/market_search)
2023-06-01,Kisumu,Red Irish potato,200.0,Kg,Wholesale,KAMIS public market search; monthly arithmetic mean of observed market records (https://kamis.kilimo.go.ke/site/market_search)
2023-06-01,Kisumu,Red Sorghum,79.444,Kg,Wholesale,KAMIS public market search; monthly arithmetic mean of observed market records (https://kamis.kilimo.go.ke/site/market_search)
2023-06-01,Kisumu,White Irish Potatoes,85.111111,Kg,Wholesale,KAMIS public market search; monthly arithmetic mean of observed market records (https://kamis.kilimo.go.ke/site/market_search)
2023-06-01,Mombasa,Beans (Mwitemania),195.0,Kg,Wholesale,KAMIS public market search; monthly arithmetic mean of observed market records (https://kamis.kilimo.go.ke/site/market_search)
2023-06-01,Mombasa,Beans (Yellow-Green),167.8375,Kg,Wholesale,KAMIS public market search; monthly arithmetic mean of observed market records (https://kamis.kilimo.go.ke/site/market_search)
2023-06-01,Mombasa,Dry Maize,73.5,Kg,Wholesale,KAMIS public market search; monthly arithmetic mean of observed market records (https://kamis.kilimo.go.ke/site/market_search)
2023-06-01,Mombasa,Red Irish potato,45.45,Kg,Wholesale,KAMIS public market search; monthly arithmetic mean of observed market records (https://kamis.kilimo.go.ke/site/market_search)
2023-06-01,Mombasa,Red Sorghum,29.0,Kg,Wholesale,KAMIS public market search; monthly arithmetic mean of observed market records (https://kamis.kilimo.go.ke/site/market_search)
2023-06-01,Mombasa,White Irish Potatoes,68.207143,Kg,Wholesale,KAMIS public market search; monthly arithmetic mean of observed market records (https://kamis.kilimo.go.ke/site/market_search)
2023-06-01,Mombasa,White Sorghum,30.0,kg,Wholesale,KAMIS public market search; monthly arithmetic mean of observed market records (https://kamis.kilimo.go.ke/site/market_search)
2023-06-01,Nairobi,Beans (Mwezi Moja),150.373333,Kg,Wholesale,KAMIS public market search; monthly arithmetic mean of observed market records (https://kamis.kilimo.go.ke/site/market_search)
2023-06-01,Nairobi,Beans (Mwitemania),163.161053,Kg,Wholesale,KAMIS public market search; monthly arithmetic mean of observed market records (https://kamis.kilimo.go.ke/site/market_search)
2023-06-01,Nairobi,Beans (Yellow-Green),176.17,Kg,Wholesale,KAMIS public market search; monthly arithmetic mean of observed market records (https://kamis.kilimo.go.ke/site/market_search)
2023-06-01,Nairobi,Beans Red Haricot (Wairimu),145.450192,Kg,Wholesale,KAMIS public market search; monthly arithmetic mean of observed market records (https://kamis.kilimo.go.ke/site/market_search)
2023-06-01,Nairobi,Beans Rosecoco,159.342812,Kg,Wholesale,KAMIS public market search; monthly arithmetic mean of observed market records (https://kamis.kilimo.go.ke/site/market_search)
2023-06-01,Nairobi,Dry Maize,79.615278,Kg,Wholesale,KAMIS public market search; monthly arithmetic mean of observed market records (https://kamis.kilimo.go.ke/site/market_search)
2023-06-01,Nairobi,Red Irish potato,86.0,Kg,Wholesale,KAMIS public market search; monthly arithmetic mean of observed market records (https://kamis.kilimo.go.ke/site/market_search)
2023-06-01,Nairobi,Red Sorghum,75.555238,Kg,Wholesale,KAMIS public market search; monthly arithmetic mean of observed market records (https://kamis.kilimo.go.ke/site/market_search)
2023-06-01,Nairobi,White Irish Potatoes,91.5504,Kg,Wholesale,KAMIS public market search; monthly arithmetic mean of observed market records (https://kamis.kilimo.go.ke/site/market_search)
2023-06-01,Nakuru,Beans (Canadian wonder),150.0,Kg,Wholesale,KAMIS public market search; monthly arithmetic mean of observed market records (https://kamis.kilimo.go.ke/site/market_search)
2023-06-01,Nakuru,Beans (Mwezi Moja),148.343636,Kg,Wholesale,KAMIS public market search; monthly arithmetic mean of observed market records (https://kamis.kilimo.go.ke/site/market_search)
2023-06-01,Nakuru,Beans (Mwitemania),152.857143,Kg,Wholesale,KAMIS public market search; monthly arithmetic mean of observed market records (https://kamis.kilimo.go.ke/site/market_search)
2023-06-01,Nakuru,Beans (Yellow-Green),183.491429,Kg,Wholesale,KAMIS public market search; monthly arithmetic mean of observed market records (https://kamis.kilimo.go.ke/site/market_search)
2023-06-01,Nakuru,Beans Red Haricot (Wairimu),142.961905,Kg,Wholesale,KAMIS public market search; monthly arithmetic mean of observed market records (https://kamis.kilimo.go.ke/site/market_search)
2023-06-01,Nakuru,Beans Rosecoco,155.55619,Kg,Wholesale,KAMIS public market search; monthly arithmetic mean of observed market records (https://kamis.kilimo.go.ke/site/market_search)
2023-06-01,Nakuru,Dry Maize,74.932195,Kg,Wholesale,KAMIS public market search; monthly arithmetic mean of observed market records (https://kamis.kilimo.go.ke/site/market_search)
2023-06-01,Nakuru,Red Irish potato,120.0,Kg,Wholesale,KAMIS public market search; monthly arithmetic mean of observed market records (https://kamis.kilimo.go.ke/site/market_search)
2023-06-01,Nakuru,Red Sorghum,69.934118,Kg,Wholesale,KAMIS public market search; monthly arithmetic mean of observed market records (https://kamis.kilimo.go.ke/site/market_search)
2023-06-01,Nakuru,White Irish Potatoes,68.95,Kg,Wholesale,KAMIS public market search; monthly arithmetic mean of observed market records (https://kamis.kilimo.go.ke/site/market_search)
2023-06-01,Nakuru,White Sorghum,118.887333,kg,Wholesale,KAMIS public market search; monthly arithmetic mean of observed market records (https://kamis.kilimo.go.ke/site/market_search)
2023-06-30,Eldoret,Beans (Rosecoco),16556.25,90_kg,Wholesale,FEWS NET Kenya wholesale API (https://fdw.fews.net/api/marketpricefacts.csv?country=KE&price_type=Wholesale)
2023-06-30,Eldoret,Maize Grain (White),8137.5,90_kg,Wholesale,FEWS NET Kenya wholesale API (https://fdw.fews.net/api/marketpricefacts.csv?country=KE&price_type=Wholesale)
2023-06-30,Eldoret,Potato (White),2013.3125,110_kg,Wholesale,FEWS NET Kenya wholesale API (https://fdw.fews.net/api/marketpricefacts.csv?country=KE&price_type=Wholesale)
2023-06-30,Kisumu,Beans (Rosecoco),17100.0,90_kg,Wholesale,FEWS NET Kenya wholesale API (https://fdw.fews.net/api/marketpricefacts.csv?country=KE&price_type=Wholesale)
2023-06-30,Kisumu,Maize Grain (White),7531.5,90_kg,Wholesale,FEWS NET Kenya wholesale API (https://fdw.fews.net/api/marketpricefacts.csv?country=KE&price_type=Wholesale)
2023-06-30,Kisumu,Potato (White),4050.0,110_kg,Wholesale,FEWS NET Kenya wholesale API (https://fdw.fews.net/api/marketpricefacts.csv?country=KE&price_type=Wholesale)
2023-06-30,Mombasa,Beans (Rosecoco),17100.0,90_kg,Wholesale,FEWS NET Kenya wholesale API (https://fdw.fews.net/api/marketpricefacts.csv?country=KE&price_type=Wholesale)
2023-06-30,Mombasa,Maize Grain (White),5760.0,90_kg,Wholesale,FEWS NET Kenya wholesale API (https://fdw.fews.net/api/marketpricefacts.csv?country=KE&price_type=Wholesale)
2023-06-30,Nairobi,Beans (Rosecoco),14409.75,90_kg,Wholesale,FEWS NET Kenya wholesale API (https://fdw.fews.net/api/marketpricefacts.csv?country=KE&price_type=Wholesale)
2023-06-30,Nairobi,Maize Grain (White),6783.5625,90_kg,Wholesale,FEWS NET Kenya wholesale API (https://fdw.fews.net/api/marketpricefacts.csv?country=KE&price_type=Wholesale)
2023-06-30,Nairobi,Potato (White),4197.222222,110_kg,Wholesale,FEWS NET Kenya wholesale API (https://fdw.fews.net/api/marketpricefacts.csv?country=KE&price_type=Wholesale)
2023-07-01,Eldoret,Beans (Canadian wonder),175.0,Kg,Wholesale,KAMIS public market search; monthly arithmetic mean of observed market records (https://kamis.kilimo.go.ke/site/market_search)
2023-07-01,Eldoret,Beans (Mwezi Moja),141.666667,Kg,Wholesale,KAMIS public market search; monthly arithmetic mean of observed market records (https://kamis.kilimo.go.ke/site/market_search)
2023-07-01,Eldoret,Beans (Mwitemania),199.375,Kg,Wholesale,KAMIS public market search; monthly arithmetic mean of observed market records (https://kamis.kilimo.go.ke/site/market_search)
2023-07-01,Eldoret,Beans (Yellow-Green),183.611111,Kg,Wholesale,KAMIS public market search; monthly arithmetic mean of observed market records (https://kamis.kilimo.go.ke/site/market_search)
2023-07-01,Eldoret,Beans Red Haricot (Wairimu),160.0,Kg,Wholesale,KAMIS public market search; monthly arithmetic mean of observed market records (https://kamis.kilimo.go.ke/site/market_search)
2023-07-01,Eldoret,Beans Rosecoco,148.5,Kg,Wholesale,KAMIS public market search; monthly arithmetic mean of observed market records (https://kamis.kilimo.go.ke/site/market_search)
2023-07-01,Eldoret,Dry Maize,83.227619,Kg,Wholesale,KAMIS public market search; monthly arithmetic mean of observed market records (https://kamis.kilimo.go.ke/site/market_search)
2023-07-01,Eldoret,Red Irish potato,36.5,Kg,Wholesale,KAMIS public market search; monthly arithmetic mean of observed market records (https://kamis.kilimo.go.ke/site/market_search)
2023-07-01,Eldoret,Red Sorghum,69.375,Kg,Wholesale,KAMIS public market search; monthly arithmetic mean of observed market records (https://kamis.kilimo.go.ke/site/market_search)
2023-07-01,Eldoret,White Irish Potatoes,37.6175,Kg,Wholesale,KAMIS public market search; monthly arithmetic mean of observed market records (https://kamis.kilimo.go.ke/site/market_search)
2023-07-01,Kisumu,Beans (Mwezi Moja),141.25,Kg,Wholesale,KAMIS public market search; monthly arithmetic mean of observed market records (https://kamis.kilimo.go.ke/site/market_search)
2023-07-01,Kisumu,Beans (Mwitemania),125.0,Kg,Wholesale,KAMIS public market search; monthly arithmetic mean of observed market records (https://kamis.kilimo.go.ke/site/market_search)
2023-07-01,Kisumu,Beans (Yellow-Green),185.0,Kg,Wholesale,KAMIS public market search; monthly arithmetic mean of observed market records (https://kamis.kilimo.go.ke/site/market_search)
2023-07-01,Kisumu,Beans Red Haricot (Wairimu),170.0,Kg,Wholesale,KAMIS public market search; monthly arithmetic mean of observed market records (https://kamis.kilimo.go.ke/site/market_search)
2023-07-01,Kisumu,Beans Rosecoco,160.0,Kg,Wholesale,KAMIS public market search; monthly arithmetic mean of observed market records (https://kamis.kilimo.go.ke/site/market_search)
2023-07-01,Kisumu,Dry Maize,79.494545,Kg,Wholesale,KAMIS public market search; monthly arithmetic mean of observed market records (https://kamis.kilimo.go.ke/site/market_search)
2023-07-01,Kisumu,Red Sorghum,75.158571,Kg,Wholesale,KAMIS public market search; monthly arithmetic mean of observed market records (https://kamis.kilimo.go.ke/site/market_search)
2023-07-01,Kisumu,White Irish Potatoes,70.875,Kg,Wholesale,KAMIS public market search; monthly arithmetic mean of observed market records (https://kamis.kilimo.go.ke/site/market_search)
2023-07-01,Mombasa,Beans (Yellow-Green),156.0,Kg,Wholesale,KAMIS public market search; monthly arithmetic mean of observed market records (https://kamis.kilimo.go.ke/site/market_search)
2023-07-01,Mombasa,Dry Maize,58.25,Kg,Wholesale,KAMIS public market search; monthly arithmetic mean of observed market records (https://kamis.kilimo.go.ke/site/market_search)
2023-07-01,Mombasa,White Irish Potatoes,33.8875,Kg,Wholesale,KAMIS public market search; monthly arithmetic mean of observed market records (https://kamis.kilimo.go.ke/site/market_search)
2023-07-01,Nairobi,Beans (Canadian wonder),133.335,Kg,Wholesale,KAMIS public market search; monthly arithmetic mean of observed market records (https://kamis.kilimo.go.ke/site/market_search)
2023-07-01,Nairobi,Beans (Mwezi Moja),150.0,Kg,Wholesale,KAMIS public market search; monthly arithmetic mean of observed market records (https://kamis.kilimo.go.ke/site/market_search)
2023-07-01,Nairobi,Beans (Mwitemania),143.135294,Kg,Wholesale,KAMIS public market search; monthly arithmetic mean of observed market records (https://kamis.kilimo.go.ke/site/market_search)
2023-07-01,Nairobi,Beans (Yellow-Green),168.182373,Kg,Wholesale,KAMIS public market search; monthly arithmetic mean of observed market records (https://kamis.kilimo.go.ke/site/market_search)
2023-07-01,Nairobi,Beans Red Haricot (Wairimu),133.896889,Kg,Wholesale,KAMIS public market search; monthly arithmetic mean of observed market records (https://kamis.kilimo.go.ke/site/market_search)
2023-07-01,Nairobi,Beans Rosecoco,157.873696,Kg,Wholesale,KAMIS public market search; monthly arithmetic mean of observed market records (https://kamis.kilimo.go.ke/site/market_search)
2023-07-01,Nairobi,Dry Maize,273.817273,Kg,Wholesale,KAMIS public market search; monthly arithmetic mean of observed market records (https://kamis.kilimo.go.ke/site/market_search)
2023-07-01,Nairobi,Red Irish potato,67.212941,Kg,Wholesale,KAMIS public market search; monthly arithmetic mean of observed market records (https://kamis.kilimo.go.ke/site/market_search)
2023-07-01,Nairobi,Red Sorghum,74.268421,Kg,Wholesale,KAMIS public market search; monthly arithmetic mean of observed market records (https://kamis.kilimo.go.ke/site/market_search)
2023-07-01,Nairobi,White Irish Potatoes,55.567647,Kg,Wholesale,KAMIS public market search; monthly arithmetic mean of observed market records (https://kamis.kilimo.go.ke/site/market_search)
2023-07-01,Nairobi,White Sorghum,70.0,kg,Wholesale,KAMIS public market search; monthly arithmetic mean of observed market records (https://kamis.kilimo.go.ke/site/market_search)
2023-07-01,Nakuru,Beans (Canadian wonder),130.004,Kg,Wholesale,KAMIS public market search; monthly arithmetic mean of observed market records (https://kamis.kilimo.go.ke/site/market_search)
2023-07-01,Nakuru,Beans (Mwitemania),105.383846,Kg,Wholesale,KAMIS public market search; monthly arithmetic mean of observed market records (https://kamis.kilimo.go.ke/site/market_search)
2023-07-01,Nakuru,Beans (Yellow-Green),152.435769,Kg,Wholesale,KAMIS public market search; monthly arithmetic mean of observed market records (https://kamis.kilimo.go.ke/site/market_search)
2023-07-01,Nakuru,Beans Red Haricot (Wairimu),119.6,Kg,Wholesale,KAMIS public market search; monthly arithmetic mean of observed market records (https://kamis.kilimo.go.ke/site/market_search)
2023-07-01,Nakuru,Beans Rosecoco,156.8,Kg,Wholesale,KAMIS public market search; monthly arithmetic mean of observed market records (https://kamis.kilimo.go.ke/site/market_search)
2023-07-01,Nakuru,Dry Maize,71.92,Kg,Wholesale,KAMIS public market search; monthly arithmetic mean of observed market records (https://kamis.kilimo.go.ke/site/market_search)
2023-07-01,Nakuru,Red Sorghum,318.890476,Kg,Wholesale,KAMIS public market search; monthly arithmetic mean of observed market records (https://kamis.kilimo.go.ke/site/market_search)
2023-07-01,Nakuru,White Irish Potatoes,52.333333,Kg,Wholesale,KAMIS public market search; monthly arithmetic mean of observed market records (https://kamis.kilimo.go.ke/site/market_search)
2023-07-01,Nakuru,White Sorghum,69.668,kg,Wholesale,KAMIS public market search; monthly arithmetic mean of observed market records (https://kamis.kilimo.go.ke/site/market_search)
2023-07-31,Eldoret,Beans (Rosecoco),16087.5,90_kg,Wholesale,FEWS NET Kenya wholesale API (https://fdw.fews.net/api/marketpricefacts.csv?country=KE&price_type=Wholesale)
2023-07-31,Eldoret,Maize Grain (White),8100.0,90_kg,Wholesale,FEWS NET Kenya wholesale API (https://fdw.fews.net/api/marketpricefacts.csv?country=KE&price_type=Wholesale)
2023-07-31,Eldoret,Potato (White),2081.25,110_kg,Wholesale,FEWS NET Kenya wholesale API (https://fdw.fews.net/api/marketpricefacts.csv?country=KE&price_type=Wholesale)
2023-07-31,Kisumu,Beans (Rosecoco),14700.0,90_kg,Wholesale,FEWS NET Kenya wholesale API (https://fdw.fews.net/api/marketpricefacts.csv?country=KE&price_type=Wholesale)
2023-07-31,Kisumu,Maize Grain (White),7833.0,90_kg,Wholesale,FEWS NET Kenya wholesale API (https://fdw.fews.net/api/marketpricefacts.csv?country=KE&price_type=Wholesale)
2023-07-31,Kisumu,Potato (White),4100.0,110_kg,Wholesale,FEWS NET Kenya wholesale API (https://fdw.fews.net/api/marketpricefacts.csv?country=KE&price_type=Wholesale)
2023-07-31,Mombasa,Maize Grain (White),5242.5,90_kg,Wholesale,FEWS NET Kenya wholesale API (https://fdw.fews.net/api/marketpricefacts.csv?country=KE&price_type=Wholesale)
2023-07-31,Nairobi,Beans (Rosecoco),14708.085,90_kg,Wholesale,FEWS NET Kenya wholesale API (https://fdw.fews.net/api/marketpricefacts.csv?country=KE&price_type=Wholesale)
2023-07-31,Nairobi,Maize Grain (White),6765.65625,90_kg,Wholesale,FEWS NET Kenya wholesale API (https://fdw.fews.net/api/marketpricefacts.csv?country=KE&price_type=Wholesale)
2023-07-31,Nairobi,Potato (White),2668.958333,110_kg,Wholesale,FEWS NET Kenya wholesale API (https://fdw.fews.net/api/marketpricefacts.csv?country=KE&price_type=Wholesale)
2023-07-31,Nairobi,Sorghum (Red),6300.0,90_kg,Wholesale,FEWS NET Kenya wholesale API (https://fdw.fews.net/api/marketpricefacts.csv?country=KE&price_type=Wholesale)
2023-08-01,Eldoret,Beans (Mwezi Moja),140.0,Kg,Wholesale,KAMIS public market search; monthly arithmetic mean of observed market records (https://kamis.kilimo.go.ke/site/market_search)
2023-08-01,Eldoret,Beans (Mwitemania),148.333333,Kg,Wholesale,KAMIS public market search; monthly arithmetic mean of observed market records (https://kamis.kilimo.go.ke/site/market_search)
2023-08-01,Eldoret,Beans (Yellow-Green),180.714286,Kg,Wholesale,KAMIS public market search; monthly arithmetic mean of observed market records (https://kamis.kilimo.go.ke/site/market_search)
2023-08-01,Eldoret,Beans Red Haricot (Wairimu),130.0,Kg,Wholesale,KAMIS public market search; monthly arithmetic mean of observed market records (https://kamis.kilimo.go.ke/site/market_search)
2023-08-01,Eldoret,Beans Rosecoco,149.937778,Kg,Wholesale,KAMIS public market search; monthly arithmetic mean of observed market records (https://kamis.kilimo.go.ke/site/market_search)
2023-08-01,Eldoret,Dry Maize,68.642222,Kg,Wholesale,KAMIS public market search; monthly arithmetic mean of observed market records (https://kamis.kilimo.go.ke/site/market_search)
2023-08-01,Eldoret,Red Irish potato,37.5,Kg,Wholesale,KAMIS public market search; monthly arithmetic mean of observed market records (https://kamis.kilimo.go.ke/site/market_search)
2023-08-01,Eldoret,Red Sorghum,96.666667,Kg,Wholesale,KAMIS public market search; monthly arithmetic mean of observed market records (https://kamis.kilimo.go.ke/site/market_search)
2023-08-01,Eldoret,White Irish Potatoes,36.298182,Kg,Wholesale,KAMIS public market search; monthly arithmetic mean of observed market records (https://kamis.kilimo.go.ke/site/market_search)
2023-08-01,Kisumu,Beans (Mwezi Moja),156.875,Kg,Wholesale,KAMIS public market search; monthly arithmetic mean of observed market records (https://kamis.kilimo.go.ke/site/market_search)
2023-08-01,Kisumu,Beans (Mwitemania),162.5,Kg,Wholesale,KAMIS public market search; monthly arithmetic mean of observed market records (https://kamis.kilimo.go.ke/site/market_search)
2023-08-01,Kisumu,Beans (Yellow-Green),212.272727,Kg,Wholesale,KAMIS public market search; monthly arithmetic mean of observed market records (https://kamis.kilimo.go.ke/site/market_search)
2023-08-01,Kisumu,Beans Red Haricot (Wairimu),165.0,Kg,Wholesale,KAMIS public market search; monthly arithmetic mean of observed market records (https://kamis.kilimo.go.ke/site/market_search)
2023-08-01,Kisumu,Beans Rosecoco,146.875,Kg,Wholesale,KAMIS public market search; monthly arithmetic mean of observed market records (https://kamis.kilimo.go.ke/site/market_search)
2023-08-01,Kisumu,Dry Maize,66.507857,Kg,Wholesale,KAMIS public market search; monthly arithmetic mean of observed market records (https://kamis.kilimo.go.ke/site/market_search)
2023-08-01,Kisumu,Red Irish potato,144.615385,Kg,Wholesale,KAMIS public market search; monthly arithmetic mean of observed market records (https://kamis.kilimo.go.ke/site/market_search)
2023-08-01,Kisumu,Red Sorghum,64.5,Kg,Wholesale,KAMIS public market search; monthly arithmetic mean of observed market records (https://kamis.kilimo.go.ke/site/market_search)
2023-08-01,Kisumu,White Irish Potatoes,67.5,Kg,Wholesale,KAMIS public market search; monthly arithmetic mean of observed market records (https://kamis.kilimo.go.ke/site/market_search)
2023-08-01,Kisumu,White Sorghum,70.0,kg,Wholesale,KAMIS public market search; monthly arithmetic mean of observed market records (https://kamis.kilimo.go.ke/site/market_search)
2023-08-01,Mombasa,Beans (Mwitemania),130.0,Kg,Wholesale,KAMIS public market search; monthly arithmetic mean of observed market records (https://kamis.kilimo.go.ke/site/market_search)
2023-08-01,Mombasa,Beans (Yellow-Green),180.0,Kg,Wholesale,KAMIS public market search; monthly arithmetic mean of observed market records (https://kamis.kilimo.go.ke/site/market_search)
2023-08-01,Mombasa,Dry Maize,75.0,Kg,Wholesale,KAMIS public market search; monthly arithmetic mean of observed market records (https://kamis.kilimo.go.ke/site/market_search)
2023-08-01,Mombasa,Red Sorghum,70.0,Kg,Wholesale,KAMIS public market search; monthly arithmetic mean of observed market records (https://kamis.kilimo.go.ke/site/market_search)
2023-08-01,Mombasa,White Irish Potatoes,29.518,Kg,Wholesale,KAMIS public market search; monthly arithmetic mean of observed market records (https://kamis.kilimo.go.ke/site/market_search)
2023-08-01,Mombasa,White Sorghum,70.0,kg,Wholesale,KAMIS public market search; monthly arithmetic mean of observed market records (https://kamis.kilimo.go.ke/site/market_search)
2023-08-01,Nairobi,Beans (Canadian wonder),122.225,Kg,Wholesale,KAMIS public market search; monthly arithmetic mean of observed market records (https://kamis.kilimo.go.ke/site/market_search)
2023-08-01,Nairobi,Beans (Mwezi Moja),150.0,Kg,Wholesale,KAMIS public market search; monthly arithmetic mean of observed market records (https://kamis.kilimo.go.ke/site/market_search)
2023-08-01,Nairobi,Beans (Mwitemania),141.628857,Kg,Wholesale,KAMIS public market search; monthly arithmetic mean of observed market records (https://kamis.kilimo.go.ke/site/market_search)
2023-08-01,Nairobi,Beans (Yellow-Green),157.539524,Kg,Wholesale,KAMIS public market search; monthly arithmetic mean of observed market records (https://kamis.kilimo.go.ke/site/market_search)
2023-08-01,Nairobi,Beans Red Haricot (Wairimu),122.961129,Kg,Wholesale,KAMIS public market search; monthly arithmetic mean of observed market records (https://kamis.kilimo.go.ke/site/market_search)
2023-08-01,Nairobi,Beans Rosecoco,154.90125,Kg,Wholesale,KAMIS public market search; monthly arithmetic mean of observed market records (https://kamis.kilimo.go.ke/site/market_search)
2023-08-01,Nairobi,Dry Maize,76.262118,Kg,Wholesale,KAMIS public market search; monthly arithmetic mean of observed market records (https://kamis.kilimo.go.ke/site/market_search)
2023-08-01,Nairobi,Red Irish potato,70.393478,Kg,Wholesale,KAMIS public market search; monthly arithmetic mean of observed market records (https://kamis.kilimo.go.ke/site/market_search)
2023-08-01,Nairobi,Red Sorghum,78.083333,Kg,Wholesale,KAMIS public market search; monthly arithmetic mean of observed market records (https://kamis.kilimo.go.ke/site/market_search)
2023-08-01,Nairobi,White Irish Potatoes,62.753846,Kg,Wholesale,KAMIS public market search; monthly arithmetic mean of observed market records (https://kamis.kilimo.go.ke/site/market_search)
2023-08-01,Nairobi,White Sorghum,70.0,kg,Wholesale,KAMIS public market search; monthly arithmetic mean of observed market records (https://kamis.kilimo.go.ke/site/market_search)
2023-08-01,Nakuru,Beans (Canadian wonder),124.948636,Kg,Wholesale,KAMIS public market search; monthly arithmetic mean of observed market records (https://kamis.kilimo.go.ke/site/market_search)
2023-08-01,Nakuru,Beans (Mwezi Moja),0.01,Kg,Wholesale,KAMIS public market search; monthly arithmetic mean of observed market records (https://kamis.kilimo.go.ke/site/market_search)
2023-08-01,Nakuru,Beans (Mwitemania),105.001923,Kg,Wholesale,KAMIS public market search; monthly arithmetic mean of observed market records (https://kamis.kilimo.go.ke/site/market_search)
2023-08-01,Nakuru,Beans (Yellow-Green),146.850625,Kg,Wholesale,KAMIS public market search; monthly arithmetic mean of observed market records (https://kamis.kilimo.go.ke/site/market_search)
2023-08-01,Nakuru,Beans Red Haricot (Wairimu),110.344828,Kg,Wholesale,KAMIS public market search; monthly arithmetic mean of observed market records (https://kamis.kilimo.go.ke/site/market_search)
2023-08-01,Nakuru,Beans Rosecoco,144.643214,Kg,Wholesale,KAMIS public market search; monthly arithmetic mean of observed market records (https://kamis.kilimo.go.ke/site/market_search)
2023-08-01,Nakuru,Dry Maize,62.579245,Kg,Wholesale,KAMIS public market search; monthly arithmetic mean of observed market records (https://kamis.kilimo.go.ke/site/market_search)
2023-08-01,Nakuru,Red Irish potato,62.0,Kg,Wholesale,KAMIS public market search; monthly arithmetic mean of observed market records (https://kamis.kilimo.go.ke/site/market_search)
2023-08-01,Nakuru,Red Sorghum,60.0,Kg,Wholesale,KAMIS public market search; monthly arithmetic mean of observed market records (https://kamis.kilimo.go.ke/site/market_search)
2023-08-01,Nakuru,White Irish Potatoes,61.030303,Kg,Wholesale,KAMIS public market search; monthly arithmetic mean of observed market records (https://kamis.kilimo.go.ke/site/market_search)
2023-08-01,Nakuru,White Sorghum,68.263478,kg,Wholesale,KAMIS public market search; monthly arithmetic mean of observed market records (https://kamis.kilimo.go.ke/site/market_search)
2023-08-31,Eldoret,Beans (Rosecoco),16000.0,90_kg,Wholesale,FEWS NET Kenya wholesale API (https://fdw.fews.net/api/marketpricefacts.csv?country=KE&price_type=Wholesale)
2023-08-31,Eldoret,Maize Grain (White),4500.0,90_kg,Wholesale,FEWS NET Kenya wholesale API (https://fdw.fews.net/api/marketpricefacts.csv?country=KE&price_type=Wholesale)
2023-08-31,Kisumu,Beans (Rosecoco),17200.0,90_kg,Wholesale,FEWS NET Kenya wholesale API (https://fdw.fews.net/api/marketpricefacts.csv?country=KE&price_type=Wholesale)
2023-08-31,Kisumu,Maize Grain (White),5200.0,90_kg,Wholesale,FEWS NET Kenya wholesale API (https://fdw.fews.net/api/marketpricefacts.csv?country=KE&price_type=Wholesale)
2023-08-31,Nairobi,Beans (Rosecoco),13648.5,90_kg,Wholesale,FEWS NET Kenya wholesale API (https://fdw.fews.net/api/marketpricefacts.csv?country=KE&price_type=Wholesale)
2023-08-31,Nairobi,Maize Grain (White),5000.0,90_kg,Wholesale,FEWS NET Kenya wholesale API (https://fdw.fews.net/api/marketpricefacts.csv?country=KE&price_type=Wholesale)
2023-08-31,Nairobi,Potato (White),3000.0,110_kg,Wholesale,FEWS NET Kenya wholesale API (https://fdw.fews.net/api/marketpricefacts.csv?country=KE&price_type=Wholesale)
2023-09-01,Eldoret,Beans (Mwezi Moja),150.0,Kg,Wholesale,KAMIS public market search; monthly arithmetic mean of observed market records (https://kamis.kilimo.go.ke/site/market_search)
2023-09-01,Eldoret,Beans (Mwitemania),172.222222,Kg,Wholesale,KAMIS public market search; monthly arithmetic mean of observed market records (https://kamis.kilimo.go.ke/site/market_search)
2023-09-01,Eldoret,Beans (Yellow-Green),177.500833,Kg,Wholesale,KAMIS public market search; monthly arithmetic mean of observed market records (https://kamis.kilimo.go.ke/site/market_search)
2023-09-01,Eldoret,Beans Red Haricot (Wairimu),156.0,Kg,Wholesale,KAMIS public market search; monthly arithmetic mean of observed market records (https://kamis.kilimo.go.ke/site/market_search)
2023-09-01,Eldoret,Beans Rosecoco,180.555556,Kg,Wholesale,KAMIS public market search; monthly arithmetic mean of observed market records (https://kamis.kilimo.go.ke/site/market_search)
2023-09-01,Eldoret,Dry Maize,55.0,Kg,Wholesale,KAMIS public market search; monthly arithmetic mean of observed market records (https://kamis.kilimo.go.ke/site/market_search)
2023-09-01,Eldoret,Red Irish potato,43.75,Kg,Wholesale,KAMIS public market search; monthly arithmetic mean of observed market records (https://kamis.kilimo.go.ke/site/market_search)
2023-09-01,Eldoret,Red Sorghum,91.25,Kg,Wholesale,KAMIS public market search; monthly arithmetic mean of observed market records (https://kamis.kilimo.go.ke/site/market_search)
2023-09-01,Eldoret,White Irish Potatoes,57.666667,Kg,Wholesale,KAMIS public market search; monthly arithmetic mean of observed market records (https://kamis.kilimo.go.ke/site/market_search)
2023-09-01,Kisumu,Beans (Mwezi Moja),160.0,Kg,Wholesale,KAMIS public market search; monthly arithmetic mean of observed market records (https://kamis.kilimo.go.ke/site/market_search)
2023-09-01,Kisumu,Beans (Yellow-Green),216.0,Kg,Wholesale,KAMIS public market search; monthly arithmetic mean of observed market records (https://kamis.kilimo.go.ke/site/market_search)
2023-09-01,Kisumu,Beans Red Haricot (Wairimu),165.0,Kg,Wholesale,KAMIS public market search; monthly arithmetic mean of observed market records (https://kamis.kilimo.go.ke/site/market_search)
2023-09-01,Kisumu,Beans Rosecoco,175.0,Kg,Wholesale,KAMIS public market search; monthly arithmetic mean of observed market records (https://kamis.kilimo.go.ke/site/market_search)
2023-09-01,Kisumu,Dry Maize,61.25,Kg,Wholesale,KAMIS public market search; monthly arithmetic mean of observed market records (https://kamis.kilimo.go.ke/site/market_search)
2023-09-01,Kisumu,Red Sorghum,66.25,Kg,Wholesale,KAMIS public market search; monthly arithmetic mean of observed market records (https://kamis.kilimo.go.ke/site/market_search)
2023-09-01,Kisumu,White Irish Potatoes,115.0,Kg,Wholesale,KAMIS public market search; monthly arithmetic mean of observed market records (https://kamis.kilimo.go.ke/site/market_search)
2023-09-01,Mombasa,Beans (Mwitemania),92.0,Kg,Wholesale,KAMIS public market search; monthly arithmetic mean of observed market records (https://kamis.kilimo.go.ke/site/market_search)
2023-09-01,Mombasa,White Irish Potatoes,51.67,Kg,Wholesale,KAMIS public market search; monthly arithmetic mean of observed market records (https://kamis.kilimo.go.ke/site/market_search)
2023-09-01,Nairobi,Beans (Canadian wonder),123.89,Kg,Wholesale,KAMIS public market search; monthly arithmetic mean of observed market records (https://kamis.kilimo.go.ke/site/market_search)
2023-09-01,Nairobi,Beans (Mwitemania),139.754375,Kg,Wholesale,KAMIS public market search; monthly arithmetic mean of observed market records (https://kamis.kilimo.go.ke/site/market_search)
2023-09-01,Nairobi,Beans (Yellow-Green),153.353898,Kg,Wholesale,KAMIS public market search; monthly arithmetic mean of observed market records (https://kamis.kilimo.go.ke/site/market_search)
2023-09-01,Nairobi,Beans Red Haricot (Wairimu),121.939804,Kg,Wholesale,KAMIS public market search; monthly arithmetic mean of observed market records (https://kamis.kilimo.go.ke/site/market_search)
2023-09-01,Nairobi,Beans Rosecoco,153.430652,Kg,Wholesale,KAMIS public market search; monthly arithmetic mean of observed market records (https://kamis.kilimo.go.ke/site/market_search)
2023-09-01,Nairobi,Dry Maize,74.408919,Kg,Wholesale,KAMIS public market search; monthly arithmetic mean of observed market records (https://kamis.kilimo.go.ke/site/market_search)
2023-09-01,Nairobi,Red Irish potato,79.425652,Kg,Wholesale,KAMIS public market search; monthly arithmetic mean of observed market records (https://kamis.kilimo.go.ke/site/market_search)
2023-09-01,Nairobi,Red Sorghum,72.669737,Kg,Wholesale,KAMIS public market search; monthly arithmetic mean of observed market records (https://kamis.kilimo.go.ke/site/market_search)
2023-09-01,Nairobi,White Irish Potatoes,66.774444,Kg,Wholesale,KAMIS public market search; monthly arithmetic mean of observed market records (https://kamis.kilimo.go.ke/site/market_search)
2023-09-01,Nairobi,White Sorghum,72.0,kg,Wholesale,KAMIS public market search; monthly arithmetic mean of observed market records (https://kamis.kilimo.go.ke/site/market_search)
2023-09-01,Nakuru,Beans (Canadian wonder),138.819375,Kg,Wholesale,KAMIS public market search; monthly arithmetic mean of observed market records (https://kamis.kilimo.go.ke/site/market_search)
2023-09-01,Nakuru,Beans (Mwitemania),104.265806,Kg,Wholesale,KAMIS public market search; monthly arithmetic mean of observed market records (https://kamis.kilimo.go.ke/site/market_search)
2023-09-01,Nakuru,Beans (Yellow-Green),146.774194,Kg,Wholesale,KAMIS public market search; monthly arithmetic mean of observed market records (https://kamis.kilimo.go.ke/site/market_search)
2023-09-01,Nakuru,Beans Red Haricot (Wairimu),106.206897,Kg,Wholesale,KAMIS public market search; monthly arithmetic mean of observed market records (https://kamis.kilimo.go.ke/site/market_search)
2023-09-01,Nakuru,Beans Rosecoco,148.333462,Kg,Wholesale,KAMIS public market search; monthly arithmetic mean of observed market records (https://kamis.kilimo.go.ke/site/market_search)
2023-09-01,Nakuru,Dry Maize,136.845714,Kg,Wholesale,KAMIS public market search; monthly arithmetic mean of observed market records (https://kamis.kilimo.go.ke/site/market_search)
2023-09-01,Nakuru,Red Irish potato,61.666667,Kg,Wholesale,KAMIS public market search; monthly arithmetic mean of observed market records (https://kamis.kilimo.go.ke/site/market_search)
2023-09-01,Nakuru,Red Sorghum,82.708333,Kg,Wholesale,KAMIS public market search; monthly arithmetic mean of observed market records (https://kamis.kilimo.go.ke/site/market_search)
2023-09-01,Nakuru,White Irish Potatoes,74.689655,Kg,Wholesale,KAMIS public market search; monthly arithmetic mean of observed market records (https://kamis.kilimo.go.ke/site/market_search)
2023-09-01,Nakuru,White Sorghum,68.151333,kg,Wholesale,KAMIS public market search; monthly arithmetic mean of observed market records (https://kamis.kilimo.go.ke/site/market_search)
2023-09-30,Eldoret,Potato (White),3000.0,110_kg,Wholesale,FEWS NET Kenya wholesale API (https://fdw.fews.net/api/marketpricefacts.csv?country=KE&price_type=Wholesale)
2023-09-30,Nairobi,Beans (Rosecoco),13950.0,90_kg,Wholesale,FEWS NET Kenya wholesale API (https://fdw.fews.net/api/marketpricefacts.csv?country=KE&price_type=Wholesale)
2023-09-30,Nairobi,Maize Grain (White),5200.0,90_kg,Wholesale,FEWS NET Kenya wholesale API (https://fdw.fews.net/api/marketpricefacts.csv?country=KE&price_type=Wholesale)
2023-09-30,Nairobi,Potato (White),2042.5,110_kg,Wholesale,FEWS NET Kenya wholesale API (https://fdw.fews.net/api/marketpricefacts.csv?country=KE&price_type=Wholesale)
2023-10-01,Eldoret,Beans (Mwezi Moja),153.333333,Kg,Wholesale,KAMIS public market search; monthly arithmetic mean of observed market records (https://kamis.kilimo.go.ke/site/market_search)
2023-10-01,Eldoret,Beans (Mwitemania),175.0,Kg,Wholesale,KAMIS public market search; monthly arithmetic mean of observed market records (https://kamis.kilimo.go.ke/site/market_search)
2023-10-01,Eldoret,Beans (Yellow-Green),202.307692,Kg,Wholesale,KAMIS public market search; monthly arithmetic mean of observed market records (https://kamis.kilimo.go.ke/site/market_search)
2023-10-01,Eldoret,Beans Red Haricot (Wairimu),150.0,Kg,Wholesale,KAMIS public market search; monthly arithmetic mean of observed market records (https://kamis.kilimo.go.ke/site/market_search)
2023-10-01,Eldoret,Beans Rosecoco,178.571429,Kg,Wholesale,KAMIS public market search; monthly arithmetic mean of observed market records (https://kamis.kilimo.go.ke/site/market_search)
2023-10-01,Eldoret,Dry Maize,47.307692,Kg,Wholesale,KAMIS public market search; monthly arithmetic mean of observed market records (https://kamis.kilimo.go.ke/site/market_search)
2023-10-01,Eldoret,Red Irish potato,62.5,Kg,Wholesale,KAMIS public market search; monthly arithmetic mean of observed market records (https://kamis.kilimo.go.ke/site/market_search)
2023-10-01,Eldoret,Red Sorghum,102.5,Kg,Wholesale,KAMIS public market search; monthly arithmetic mean of observed market records (https://kamis.kilimo.go.ke/site/market_search)
2023-10-01,Eldoret,White Irish Potatoes,71.944444,Kg,Wholesale,KAMIS public market search; monthly arithmetic mean of observed market records (https://kamis.kilimo.go.ke/site/market_search)
2023-10-01,Kisumu,Beans (Mwezi Moja),165.0,Kg,Wholesale,KAMIS public market search; monthly arithmetic mean of observed market records (https://kamis.kilimo.go.ke/site/market_search)
2023-10-01,Kisumu,Beans (Yellow-Green),249.285714,Kg,Wholesale,KAMIS public market search; monthly arithmetic mean of observed market records (https://kamis.kilimo.go.ke/site/market_search)
2023-10-01,Kisumu,Beans Red Haricot (Wairimu),165.0,Kg,Wholesale,KAMIS public market search; monthly arithmetic mean of observed market records (https://kamis.kilimo.go.ke/site/market_search)
2023-10-01,Kisumu,Beans Rosecoco,201.666667,Kg,Wholesale,KAMIS public market search; monthly arithmetic mean of observed market records (https://kamis.kilimo.go.ke/site/market_search)
2023-10-01,Kisumu,Dry Maize,61.348571,Kg,Wholesale,KAMIS public market search; monthly arithmetic mean of observed market records (https://kamis.kilimo.go.ke/site/market_search)
2023-10-01,Kisumu,Red Irish potato,100.0,Kg,Wholesale,KAMIS public market search; monthly arithmetic mean of observed market records (https://kamis.kilimo.go.ke/site/market_search)
2023-10-01,Kisumu,Red Sorghum,66.25,Kg,Wholesale,KAMIS public market search; monthly arithmetic mean of observed market records (https://kamis.kilimo.go.ke/site/market_search)
2023-10-01,Kisumu,White Irish Potatoes,103.125,Kg,Wholesale,KAMIS public market search; monthly arithmetic mean of observed market records (https://kamis.kilimo.go.ke/site/market_search)
2023-10-01,Mombasa,Beans (Mwitemania),101.11,Kg,Wholesale,KAMIS public market search; monthly arithmetic mean of observed market records (https://kamis.kilimo.go.ke/site/market_search)
2023-10-01,Mombasa,White Irish Potatoes,58.89,Kg,Wholesale,KAMIS public market search; monthly arithmetic mean of observed market records (https://kamis.kilimo.go.ke/site/market_search)
2023-10-01,Nairobi,Beans (Canadian wonder),3824.073333,Kg,Wholesale,KAMIS public market search; monthly arithmetic mean of observed market records (https://kamis.kilimo.go.ke/site/market_search)
2023-10-01,Nairobi,Beans (Mwezi Moja),134.446667,Kg,Wholesale,KAMIS public market search; monthly arithmetic mean of observed market records (https://kamis.kilimo.go.ke/site/market_search)
2023-10-01,Nairobi,Beans (Mwitemania),137.992581,Kg,Wholesale,KAMIS public market search; monthly arithmetic mean of observed market records (https://kamis.kilimo.go.ke/site/market_search)
2023-10-01,Nairobi,Beans (Yellow-Green),158.72,Kg,Wholesale,KAMIS public market search; monthly arithmetic mean of observed market records (https://kamis.kilimo.go.ke/site/market_search)
2023-10-01,Nairobi,Beans Red Haricot (Wairimu),124.4175,Kg,Wholesale,KAMIS public market search; monthly arithmetic mean of observed market records (https://kamis.kilimo.go.ke/site/market_search)
2023-10-01,Nairobi,Beans Rosecoco,155.737742,Kg,Wholesale,KAMIS public market search; monthly arithmetic mean of observed market records (https://kamis.kilimo.go.ke/site/market_search)
2023-10-01,Nairobi,Dry Maize,70.490465,Kg,Wholesale,KAMIS public market search; monthly arithmetic mean of observed market records (https://kamis.kilimo.go.ke/site/market_search)
2023-10-01,Nairobi,Red Irish potato,115.333333,Kg,Wholesale,KAMIS public market search; monthly arithmetic mean of observed market records (https://kamis.kilimo.go.ke/site/market_search)
2023-10-01,Nairobi,Red Sorghum,72.2816,Kg,Wholesale,KAMIS public market search; monthly arithmetic mean of observed market records (https://kamis.kilimo.go.ke/site/market_search)
2023-10-01,Nairobi,White Irish Potatoes,148.348077,Kg,Wholesale,KAMIS public market search; monthly arithmetic mean of observed market records (https://kamis.kilimo.go.ke/site/market_search)
2023-10-01,Nakuru,Beans (Canadian wonder),144.736842,Kg,Wholesale,KAMIS public market search; monthly arithmetic mean of observed market records (https://kamis.kilimo.go.ke/site/market_search)
2023-10-01,Nakuru,Beans (Mwezi Moja),195.0,Kg,Wholesale,KAMIS public market search; monthly arithmetic mean of observed market records (https://kamis.kilimo.go.ke/site/market_search)
2023-10-01,Nakuru,Beans (Mwitemania),117.916667,Kg,Wholesale,KAMIS public market search; monthly arithmetic mean of observed market records (https://kamis.kilimo.go.ke/site/market_search)
2023-10-01,Nakuru,Beans (Yellow-Green),147.592593,Kg,Wholesale,KAMIS public market search; monthly arithmetic mean of observed market records (https://kamis.kilimo.go.ke/site/market_search)
2023-10-01,Nakuru,Beans Red Haricot (Wairimu),115.2,Kg,Wholesale,KAMIS public market search; monthly arithmetic mean of observed market records (https://kamis.kilimo.go.ke/site/market_search)
2023-10-01,Nakuru,Beans Rosecoco,153.166667,Kg,Wholesale,KAMIS public market search; monthly arithmetic mean of observed market records (https://kamis.kilimo.go.ke/site/market_search)
2023-10-01,Nakuru,Dry Maize,57.786897,Kg,Wholesale,KAMIS public market search; monthly arithmetic mean of observed market records (https://kamis.kilimo.go.ke/site/market_search)
2023-10-01,Nakuru,Red Irish potato,65.0,Kg,Wholesale,KAMIS public market search; monthly arithmetic mean of observed market records (https://kamis.kilimo.go.ke/site/market_search)
2023-10-01,Nakuru,Red Sorghum,102.685,Kg,Wholesale,KAMIS public market search; monthly arithmetic mean of observed market records (https://kamis.kilimo.go.ke/site/market_search)
2023-10-01,Nakuru,White Irish Potatoes,80.123077,Kg,Wholesale,KAMIS public market search; monthly arithmetic mean of observed market records (https://kamis.kilimo.go.ke/site/market_search)
2023-10-01,Nakuru,White Sorghum,94.375,kg,Wholesale,KAMIS public market search; monthly arithmetic mean of observed market records (https://kamis.kilimo.go.ke/site/market_search)
2023-10-31,Eldoret,Beans (Rosecoco),18000.0,90_kg,Wholesale,FEWS NET Kenya wholesale API (https://fdw.fews.net/api/marketpricefacts.csv?country=KE&price_type=Wholesale)
2023-10-31,Eldoret,Maize Grain (White),3700.0,90_kg,Wholesale,FEWS NET Kenya wholesale API (https://fdw.fews.net/api/marketpricefacts.csv?country=KE&price_type=Wholesale)
2023-10-31,Kisumu,Beans (Rosecoco),18000.0,90_kg,Wholesale,FEWS NET Kenya wholesale API (https://fdw.fews.net/api/marketpricefacts.csv?country=KE&price_type=Wholesale)
2023-10-31,Kisumu,Maize Grain (White),4500.0,90_kg,Wholesale,FEWS NET Kenya wholesale API (https://fdw.fews.net/api/marketpricefacts.csv?country=KE&price_type=Wholesale)
2023-10-31,Mombasa,Beans (Rosecoco),17000.0,90_kg,Wholesale,FEWS NET Kenya wholesale API (https://fdw.fews.net/api/marketpricefacts.csv?country=KE&price_type=Wholesale)
2023-10-31,Mombasa,Maize Grain (White),4100.0,90_kg,Wholesale,FEWS NET Kenya wholesale API (https://fdw.fews.net/api/marketpricefacts.csv?country=KE&price_type=Wholesale)
2023-10-31,Nairobi,Beans (Rosecoco),13932.333333,90_kg,Wholesale,FEWS NET Kenya wholesale API (https://fdw.fews.net/api/marketpricefacts.csv?country=KE&price_type=Wholesale)
2023-10-31,Nairobi,Maize Grain (White),4866.666667,90_kg,Wholesale,FEWS NET Kenya wholesale API (https://fdw.fews.net/api/marketpricefacts.csv?country=KE&price_type=Wholesale)
2023-10-31,Nairobi,Potato (White),2600.0,110_kg,Wholesale,FEWS NET Kenya wholesale API (https://fdw.fews.net/api/marketpricefacts.csv?country=KE&price_type=Wholesale)
2023-11-01,Eldoret,Beans (Mwezi Moja),170.0,Kg,Wholesale,KAMIS public market search; monthly arithmetic mean of observed market records (https://kamis.kilimo.go.ke/site/market_search)
2023-11-01,Eldoret,Beans (Mwitemania),200.0,Kg,Wholesale,KAMIS public market search; monthly arithmetic mean of observed market records (https://kamis.kilimo.go.ke/site/market_search)
2023-11-01,Eldoret,Beans (Yellow-Green),195.714286,Kg,Wholesale,KAMIS public market search; monthly arithmetic mean of observed market records (https://kamis.kilimo.go.ke/site/market_search)
2023-11-01,Eldoret,Beans Red Haricot (Wairimu),170.0,Kg,Wholesale,KAMIS public market search; monthly arithmetic mean of observed market records (https://kamis.kilimo.go.ke/site/market_search)
2023-11-01,Eldoret,Beans Rosecoco,178.75,Kg,Wholesale,KAMIS public market search; monthly arithmetic mean of observed market records (https://kamis.kilimo.go.ke/site/market_search)
2023-11-01,Eldoret,Dry Maize,46.666667,Kg,Wholesale,KAMIS public market search; monthly arithmetic mean of observed market records (https://kamis.kilimo.go.ke/site/market_search)
2023-11-01,Eldoret,Red Sorghum,100.0,Kg,Wholesale,KAMIS public market search; monthly arithmetic mean of observed market records (https://kamis.kilimo.go.ke/site/market_search)
2023-11-01,Eldoret,White Irish Potatoes,56.666667,Kg,Wholesale,KAMIS public market search; monthly arithmetic mean of observed market records (https://kamis.kilimo.go.ke/site/market_search)
2023-11-01,Kisumu,Beans (Mwezi Moja),177.5,Kg,Wholesale,KAMIS public market search; monthly arithmetic mean of observed market records (https://kamis.kilimo.go.ke/site/market_search)
2023-11-01,Kisumu,Beans (Yellow-Green),265.625,Kg,Wholesale,KAMIS public market search; monthly arithmetic mean of observed market records (https://kamis.kilimo.go.ke/site/market_search)
2023-11-01,Kisumu,Beans Red Haricot (Wairimu),175.0,Kg,Wholesale,KAMIS public market search; monthly arithmetic mean of observed market records (https://kamis.kilimo.go.ke/site/market_search)
2023-11-01,Kisumu,Beans Rosecoco,185.0,Kg,Wholesale,KAMIS public market search; monthly arithmetic mean of observed market records (https://kamis.kilimo.go.ke/site/market_search)
2023-11-01,Kisumu,Dry Maize,58.8875,Kg,Wholesale,KAMIS public market search; monthly arithmetic mean of observed market records (https://kamis.kilimo.go.ke/site/market_search)
2023-11-01,Kisumu,Red Irish potato,120.0,Kg,Wholesale,KAMIS public market search; monthly arithmetic mean of observed market records (https://kamis.kilimo.go.ke/site/market_search)
2023-11-01,Kisumu,Red Sorghum,69.375,Kg,Wholesale,KAMIS public market search; monthly arithmetic mean of observed market records (https://kamis.kilimo.go.ke/site/market_search)
2023-11-01,Kisumu,White Irish Potatoes,150.0,Kg,Wholesale,KAMIS public market search; monthly arithmetic mean of observed market records (https://kamis.kilimo.go.ke/site/market_search)
2023-11-01,Nairobi,Beans (Canadian wonder),135.56,Kg,Wholesale,KAMIS public market search; monthly arithmetic mean of observed market records (https://kamis.kilimo.go.ke/site/market_search)
2023-11-01,Nairobi,Beans (Mwitemania),133.526087,Kg,Wholesale,KAMIS public market search; monthly arithmetic mean of observed market records (https://kamis.kilimo.go.ke/site/market_search)
2023-11-01,Nairobi,Beans (Yellow-Green),151.633947,Kg,Wholesale,KAMIS public market search; monthly arithmetic mean of observed market records (https://kamis.kilimo.go.ke/site/market_search)
2023-11-01,Nairobi,Beans Red Haricot (Wairimu),115.257368,Kg,Wholesale,KAMIS public market search; monthly arithmetic mean of observed market records (https://kamis.kilimo.go.ke/site/market_search)
2023-11-01,Nairobi,Beans Rosecoco,148.884138,Kg,Wholesale,KAMIS public market search; monthly arithmetic mean of observed market records (https://kamis.kilimo.go.ke/site/market_search)
2023-11-01,Nairobi,Dry Maize,63.308293,Kg,Wholesale,KAMIS public market search; monthly arithmetic mean of observed market records (https://kamis.kilimo.go.ke/site/market_search)
2023-11-01,Nairobi,Red Irish potato,88.769231,Kg,Wholesale,KAMIS public market search; monthly arithmetic mean of observed market records (https://kamis.kilimo.go.ke/site/market_search)
2023-11-01,Nairobi,Red Sorghum,68.725652,Kg,Wholesale,KAMIS public market search; monthly arithmetic mean of observed market records (https://kamis.kilimo.go.ke/site/market_search)
2023-11-01,Nairobi,White Irish Potatoes,96.375,Kg,Wholesale,KAMIS public market search; monthly arithmetic mean of observed market records (https://kamis.kilimo.go.ke/site/market_search)
2023-11-01,Nakuru,Beans (Canadian wonder),140.526316,Kg,Wholesale,KAMIS public market search; monthly arithmetic mean of observed market records (https://kamis.kilimo.go.ke/site/market_search)
2023-11-01,Nakuru,Beans (Mwezi Moja),155.0,Kg,Wholesale,KAMIS public market search; monthly arithmetic mean of observed market records (https://kamis.kilimo.go.ke/site/market_search)
2023-11-01,Nakuru,Beans (Mwitemania),113.181818,Kg,Wholesale,KAMIS public market search; monthly arithmetic mean of observed market records (https://kamis.kilimo.go.ke/site/market_search)
2023-11-01,Nakuru,Beans (Yellow-Green),155.185185,Kg,Wholesale,KAMIS public market search; monthly arithmetic mean of observed market records (https://kamis.kilimo.go.ke/site/market_search)
2023-11-01,Nakuru,Beans Red Haricot (Wairimu),101.389167,Kg,Wholesale,KAMIS public market search; monthly arithmetic mean of observed market records (https://kamis.kilimo.go.ke/site/market_search)
2023-11-01,Nakuru,Beans Rosecoco,131.018333,Kg,Wholesale,KAMIS public market search; monthly arithmetic mean of observed market records (https://kamis.kilimo.go.ke/site/market_search)
2023-11-01,Nakuru,Dry Maize,58.874186,Kg,Wholesale,KAMIS public market search; monthly arithmetic mean of observed market records (https://kamis.kilimo.go.ke/site/market_search)
2023-11-01,Nakuru,Red Irish potato,50.0,Kg,Wholesale,KAMIS public market search; monthly arithmetic mean of observed market records (https://kamis.kilimo.go.ke/site/market_search)
2023-11-01,Nakuru,Red Sorghum,75.361,Kg,Wholesale,KAMIS public market search; monthly arithmetic mean of observed market records (https://kamis.kilimo.go.ke/site/market_search)
2023-11-01,Nakuru,White Irish Potatoes,71.916667,Kg,Wholesale,KAMIS public market search; monthly arithmetic mean of observed market records (https://kamis.kilimo.go.ke/site/market_search)
2023-11-01,Nakuru,White Sorghum,60.0,kg,Wholesale,KAMIS public market search; monthly arithmetic mean of observed market records (https://kamis.kilimo.go.ke/site/market_search)
2023-11-30,Eldoret,Beans (Rosecoco),14400.0,90_kg,Wholesale,FEWS NET Kenya wholesale API (https://fdw.fews.net/api/marketpricefacts.csv?country=KE&price_type=Wholesale)
2023-11-30,Eldoret,Maize Grain (White),4500.0,90_kg,Wholesale,FEWS NET Kenya wholesale API (https://fdw.fews.net/api/marketpricefacts.csv?country=KE&price_type=Wholesale)
2023-11-30,Eldoret,Potato (White),3000.0,110_kg,Wholesale,FEWS NET Kenya wholesale API (https://fdw.fews.net/api/marketpricefacts.csv?country=KE&price_type=Wholesale)
2023-11-30,Kisumu,Beans (Rosecoco),14400.0,90_kg,Wholesale,FEWS NET Kenya wholesale API (https://fdw.fews.net/api/marketpricefacts.csv?country=KE&price_type=Wholesale)
2023-11-30,Kisumu,Maize Grain (White),4500.0,90_kg,Wholesale,FEWS NET Kenya wholesale API (https://fdw.fews.net/api/marketpricefacts.csv?country=KE&price_type=Wholesale)
2023-11-30,Mombasa,Maize Grain (White),4500.0,90_kg,Wholesale,FEWS NET Kenya wholesale API (https://fdw.fews.net/api/marketpricefacts.csv?country=KE&price_type=Wholesale)
2023-11-30,Nairobi,Beans (Rosecoco),13195.5,90_kg,Wholesale,FEWS NET Kenya wholesale API (https://fdw.fews.net/api/marketpricefacts.csv?country=KE&price_type=Wholesale)
2023-11-30,Nairobi,Maize Grain (White),5069.5,90_kg,Wholesale,FEWS NET Kenya wholesale API (https://fdw.fews.net/api/marketpricefacts.csv?country=KE&price_type=Wholesale)
2023-11-30,Nairobi,Potato (White),5250.0,110_kg,Wholesale,FEWS NET Kenya wholesale API (https://fdw.fews.net/api/marketpricefacts.csv?country=KE&price_type=Wholesale)
2023-12-01,Kisumu,Beans (Mwezi Moja),170.0,Kg,Wholesale,KAMIS public market search; monthly arithmetic mean of observed market records (https://kamis.kilimo.go.ke/site/market_search)
2023-12-01,Kisumu,Beans (Yellow-Green),206.25,Kg,Wholesale,KAMIS public market search; monthly arithmetic mean of observed market records (https://kamis.kilimo.go.ke/site/market_search)
2023-12-01,Kisumu,Beans Red Haricot (Wairimu),175.0,Kg,Wholesale,KAMIS public market search; monthly arithmetic mean of observed market records (https://kamis.kilimo.go.ke/site/market_search)
2023-12-01,Kisumu,Beans Rosecoco,175.0,Kg,Wholesale,KAMIS public market search; monthly arithmetic mean of observed market records (https://kamis.kilimo.go.ke/site/market_search)
2023-12-01,Kisumu,Dry Maize,59.721667,Kg,Wholesale,KAMIS public market search; monthly arithmetic mean of observed market records (https://kamis.kilimo.go.ke/site/market_search)
2023-12-01,Kisumu,Red Irish potato,66.666667,Kg,Wholesale,KAMIS public market search; monthly arithmetic mean of observed market records (https://kamis.kilimo.go.ke/site/market_search)
2023-12-01,Kisumu,Red Sorghum,65.0,Kg,Wholesale,KAMIS public market search; monthly arithmetic mean of observed market records (https://kamis.kilimo.go.ke/site/market_search)
2023-12-01,Nairobi,Beans (Canadian wonder),135.56,Kg,Wholesale,KAMIS public market search; monthly arithmetic mean of observed market records (https://kamis.kilimo.go.ke/site/market_search)
2023-12-01,Nairobi,Beans (Mwitemania),144.92,Kg,Wholesale,KAMIS public market search; monthly arithmetic mean of observed market records (https://kamis.kilimo.go.ke/site/market_search)
2023-12-01,Nairobi,Beans (Yellow-Green),155.253684,Kg,Wholesale,KAMIS public market search; monthly arithmetic mean of observed market records (https://kamis.kilimo.go.ke/site/market_search)
2023-12-01,Nairobi,Beans Red Haricot (Wairimu),110.52,Kg,Wholesale,KAMIS public market search; monthly arithmetic mean of observed market records (https://kamis.kilimo.go.ke/site/market_search)
2023-12-01,Nairobi,Beans Rosecoco,149.561053,Kg,Wholesale,KAMIS public market search; monthly arithmetic mean of observed market records (https://kamis.kilimo.go.ke/site/market_search)
2023-12-01,Nairobi,Dry Maize,257.055652,Kg,Wholesale,KAMIS public market search; monthly arithmetic mean of observed market records (https://kamis.kilimo.go.ke/site/market_search)
2023-12-01,Nairobi,Red Irish potato,105.0,Kg,Wholesale,KAMIS public market search; monthly arithmetic mean of observed market records (https://kamis.kilimo.go.ke/site/market_search)
2023-12-01,Nairobi,Red Sorghum,70.064167,Kg,Wholesale,KAMIS public market search; monthly arithmetic mean of observed market records (https://kamis.kilimo.go.ke/site/market_search)
2023-12-01,Nairobi,White Irish Potatoes,80.555556,Kg,Wholesale,KAMIS public market search; monthly arithmetic mean of observed market records (https://kamis.kilimo.go.ke/site/market_search)
2023-12-01,Nakuru,Beans (Canadian wonder),140.0,Kg,Wholesale,KAMIS public market search; monthly arithmetic mean of observed market records (https://kamis.kilimo.go.ke/site/market_search)
2023-12-01,Nakuru,Beans (Mwitemania),106.315789,Kg,Wholesale,KAMIS public market search; monthly arithmetic mean of observed market records (https://kamis.kilimo.go.ke/site/market_search)
2023-12-01,Nakuru,Beans (Yellow-Green),157.894737,Kg,Wholesale,KAMIS public market search; monthly arithmetic mean of observed market records (https://kamis.kilimo.go.ke/site/market_search)
2023-12-01,Nakuru,Beans Red Haricot (Wairimu),97.894737,Kg,Wholesale,KAMIS public market search; monthly arithmetic mean of observed market records (https://kamis.kilimo.go.ke/site/market_search)
2023-12-01,Nakuru,Beans Rosecoco,135.263158,Kg,Wholesale,KAMIS public market search; monthly arithmetic mean of observed market records (https://kamis.kilimo.go.ke/site/market_search)
2023-12-01,Nakuru,Dry Maize,54.999412,Kg,Wholesale,KAMIS public market search; monthly arithmetic mean of observed market records (https://kamis.kilimo.go.ke/site/market_search)
2023-12-01,Nakuru,Red Sorghum,69.444444,Kg,Wholesale,KAMIS public market search; monthly arithmetic mean of observed market records (https://kamis.kilimo.go.ke/site/market_search)
2023-12-01,Nakuru,White Irish Potatoes,63.9,Kg,Wholesale,KAMIS public market search; monthly arithmetic mean of observed market records (https://kamis.kilimo.go.ke/site/market_search)
2023-12-01,Nakuru,White Sorghum,72.564615,kg,Wholesale,KAMIS public market search; monthly arithmetic mean of observed market records (https://kamis.kilimo.go.ke/site/market_search)
2023-12-31,Nairobi,Beans (Rosecoco),13518.0,90_kg,Wholesale,FEWS NET Kenya wholesale API (https://fdw.fews.net/api/marketpricefacts.csv?country=KE&price_type=Wholesale)
2023-12-31,Nairobi,Maize Grain (White),5127.75,90_kg,Wholesale,FEWS NET Kenya wholesale API (https://fdw.fews.net/api/marketpricefacts.csv?country=KE&price_type=Wholesale)
2023-12-31,Nairobi,Potato (White),6000.0,110_kg,Wholesale,FEWS NET Kenya wholesale API (https://fdw.fews.net/api/marketpricefacts.csv?country=KE&price_type=Wholesale)
2024-01-01,Kisumu,Beans (Mwezi Moja),156.25,Kg,Wholesale,KAMIS public market search; monthly arithmetic mean of observed market records (https://kamis.kilimo.go.ke/site/market_search)
2024-01-01,Kisumu,Beans (Yellow-Green),208.0,Kg,Wholesale,KAMIS public market search; monthly arithmetic mean of observed market records (https://kamis.kilimo.go.ke/site/market_search)
2024-01-01,Kisumu,Beans Red Haricot (Wairimu),166.666667,Kg,Wholesale,KAMIS public market search; monthly arithmetic mean of observed market records (https://kamis.kilimo.go.ke/site/market_search)
2024-01-01,Kisumu,Beans Rosecoco,156.25,Kg,Wholesale,KAMIS public market search; monthly arithmetic mean of observed market records (https://kamis.kilimo.go.ke/site/market_search)
2024-01-01,Kisumu,Dry Maize,54.7225,Kg,Wholesale,KAMIS public market search; monthly arithmetic mean of observed market records (https://kamis.kilimo.go.ke/site/market_search)
2024-01-01,Kisumu,Red Irish potato,50.0,Kg,Wholesale,KAMIS public market search; monthly arithmetic mean of observed market records (https://kamis.kilimo.go.ke/site/market_search)
2024-01-01,Kisumu,Red Sorghum,58.75,Kg,Wholesale,KAMIS public market search; monthly arithmetic mean of observed market records (https://kamis.kilimo.go.ke/site/market_search)
2024-01-01,Nairobi,Beans (Mwitemania),129.348529,Kg,Wholesale,KAMIS public market search; monthly arithmetic mean of observed market records (https://kamis.kilimo.go.ke/site/market_search)
2024-01-01,Nairobi,Beans (Yellow-Green),181.333721,Kg,Wholesale,KAMIS public market search; monthly arithmetic mean of observed market records (https://kamis.kilimo.go.ke/site/market_search)
2024-01-01,Nairobi,Beans Red Haricot (Wairimu),109.483421,Kg,Wholesale,KAMIS public market search; monthly arithmetic mean of observed market records (https://kamis.kilimo.go.ke/site/market_search)
2024-01-01,Nairobi,Beans Rosecoco,148.398667,Kg,Wholesale,KAMIS public market search; monthly arithmetic mean of observed market records (https://kamis.kilimo.go.ke/site/market_search)
2024-01-01,Nairobi,Dry Maize,65.655263,Kg,Wholesale,KAMIS public market search; monthly arithmetic mean of observed market records (https://kamis.kilimo.go.ke/site/market_search)
2024-01-01,Nairobi,Red Irish potato,86.307692,Kg,Wholesale,KAMIS public market search; monthly arithmetic mean of observed market records (https://kamis.kilimo.go.ke/site/market_search)
2024-01-01,Nairobi,Red Sorghum,64.315,Kg,Wholesale,KAMIS public market search; monthly arithmetic mean of observed market records (https://kamis.kilimo.go.ke/site/market_search)
2024-01-01,Nairobi,White Irish Potatoes,80.238095,Kg,Wholesale,KAMIS public market search; monthly arithmetic mean of observed market records (https://kamis.kilimo.go.ke/site/market_search)
2024-01-01,Nairobi,White Sorghum,55.56,kg,Wholesale,KAMIS public market search; monthly arithmetic mean of observed market records (https://kamis.kilimo.go.ke/site/market_search)
2024-01-01,Nakuru,Beans (Canadian wonder),135.238095,Kg,Wholesale,KAMIS public market search; monthly arithmetic mean of observed market records (https://kamis.kilimo.go.ke/site/market_search)
2024-01-01,Nakuru,Beans (Mwitemania),95.714286,Kg,Wholesale,KAMIS public market search; monthly arithmetic mean of observed market records (https://kamis.kilimo.go.ke/site/market_search)
2024-01-01,Nakuru,Beans (Yellow-Green),126.496154,Kg,Wholesale,KAMIS public market search; monthly arithmetic mean of observed market records (https://kamis.kilimo.go.ke/site/market_search)
2024-01-01,Nakuru,Beans Red Haricot (Wairimu),99.047619,Kg,Wholesale,KAMIS public market search; monthly arithmetic mean of observed market records (https://kamis.kilimo.go.ke/site/market_search)
2024-01-01,Nakuru,Beans Rosecoco,128.095238,Kg,Wholesale,KAMIS public market search; monthly arithmetic mean of observed market records (https://kamis.kilimo.go.ke/site/market_search)
2024-01-01,Nakuru,Dry Maize,55.023111,Kg,Wholesale,KAMIS public market search; monthly arithmetic mean of observed market records (https://kamis.kilimo.go.ke/site/market_search)
2024-01-01,Nakuru,Red Irish potato,10.0,Kg,Wholesale,KAMIS public market search; monthly arithmetic mean of observed market records (https://kamis.kilimo.go.ke/site/market_search)
2024-01-01,Nakuru,Red Sorghum,66.462857,Kg,Wholesale,KAMIS public market search; monthly arithmetic mean of observed market records (https://kamis.kilimo.go.ke/site/market_search)
2024-01-01,Nakuru,White Irish Potatoes,64.545455,Kg,Wholesale,KAMIS public market search; monthly arithmetic mean of observed market records (https://kamis.kilimo.go.ke/site/market_search)
2024-01-01,Nakuru,White Sorghum,71.25,kg,Wholesale,KAMIS public market search; monthly arithmetic mean of observed market records (https://kamis.kilimo.go.ke/site/market_search)
2024-01-31,Eldoret,Beans (Rosecoco),16000.0,90_kg,Wholesale,FEWS NET Kenya wholesale API (https://fdw.fews.net/api/marketpricefacts.csv?country=KE&price_type=Wholesale)
2024-01-31,Eldoret,Maize Grain (White),4500.0,90_kg,Wholesale,FEWS NET Kenya wholesale API (https://fdw.fews.net/api/marketpricefacts.csv?country=KE&price_type=Wholesale)
2024-01-31,Kisumu,Beans (Rosecoco),17200.0,90_kg,Wholesale,FEWS NET Kenya wholesale API (https://fdw.fews.net/api/marketpricefacts.csv?country=KE&price_type=Wholesale)
2024-01-31,Kisumu,Maize Grain (White),4000.0,90_kg,Wholesale,FEWS NET Kenya wholesale API (https://fdw.fews.net/api/marketpricefacts.csv?country=KE&price_type=Wholesale)
2024-01-31,Mombasa,Beans (Rosecoco),17100.0,90_kg,Wholesale,FEWS NET Kenya wholesale API (https://fdw.fews.net/api/marketpricefacts.csv?country=KE&price_type=Wholesale)
2024-01-31,Mombasa,Maize Grain (White),4500.0,90_kg,Wholesale,FEWS NET Kenya wholesale API (https://fdw.fews.net/api/marketpricefacts.csv?country=KE&price_type=Wholesale)
2024-01-31,Nairobi,Beans (Rosecoco),12600.0,90_kg,Wholesale,FEWS NET Kenya wholesale API (https://fdw.fews.net/api/marketpricefacts.csv?country=KE&price_type=Wholesale)
2024-01-31,Nairobi,Maize Grain (White),4661.047059,90_kg,Wholesale,FEWS NET Kenya wholesale API (https://fdw.fews.net/api/marketpricefacts.csv?country=KE&price_type=Wholesale)
2024-01-31,Nairobi,Potato (White),9900.0,110_kg,Wholesale,FEWS NET Kenya wholesale API (https://fdw.fews.net/api/marketpricefacts.csv?country=KE&price_type=Wholesale)
2024-02-01,Eldoret,Beans (Mwitemania),175.0,Kg,Wholesale,KAMIS public market search; monthly arithmetic mean of observed market records (https://kamis.kilimo.go.ke/site/market_search)
2024-02-01,Eldoret,Beans (Yellow-Green),187.5,Kg,Wholesale,KAMIS public market search; monthly arithmetic mean of observed market records (https://kamis.kilimo.go.ke/site/market_search)
2024-02-01,Eldoret,Dry Maize,45.0,Kg,Wholesale,KAMIS public market search; monthly arithmetic mean of observed market records (https://kamis.kilimo.go.ke/site/market_search)
2024-02-01,Eldoret,White Irish Potatoes,46.286,Kg,Wholesale,KAMIS public market search; monthly arithmetic mean of observed market records (https://kamis.kilimo.go.ke/site/market_search)
2024-02-01,Nairobi,Beans (Mwezi Moja),122.22,Kg,Wholesale,KAMIS public market search; monthly arithmetic mean of observed market records (https://kamis.kilimo.go.ke/site/market_search)
2024-02-01,Nairobi,Beans (Mwitemania),123.973636,Kg,Wholesale,KAMIS public market search; monthly arithmetic mean of observed market records (https://kamis.kilimo.go.ke/site/market_search)
2024-02-01,Nairobi,Beans (Yellow-Green),145.274688,Kg,Wholesale,KAMIS public market search; monthly arithmetic mean of observed market records (https://kamis.kilimo.go.ke/site/market_search)
2024-02-01,Nairobi,Beans Red Haricot (Wairimu),109.177826,Kg,Wholesale,KAMIS public market search; monthly arithmetic mean of observed market records (https://kamis.kilimo.go.ke/site/market_search)
2024-02-01,Nairobi,Beans Rosecoco,141.239688,Kg,Wholesale,KAMIS public market search; monthly arithmetic mean of observed market records (https://kamis.kilimo.go.ke/site/market_search)
2024-02-01,Nairobi,Dry Maize,60.035556,Kg,Wholesale,KAMIS public market search; monthly arithmetic mean of observed market records (https://kamis.kilimo.go.ke/site/market_search)
2024-02-01,Nairobi,Red Irish potato,79.5,Kg,Wholesale,KAMIS public market search; monthly arithmetic mean of observed market records (https://kamis.kilimo.go.ke/site/market_search)
2024-02-01,Nairobi,Red Sorghum,60.921579,Kg,Wholesale,KAMIS public market search; monthly arithmetic mean of observed market records (https://kamis.kilimo.go.ke/site/market_search)
2024-02-01,Nairobi,White Irish Potatoes,82.555556,Kg,Wholesale,KAMIS public market search; monthly arithmetic mean of observed market records (https://kamis.kilimo.go.ke/site/market_search)
2024-02-01,Nairobi,White Sorghum,73.0,kg,Wholesale,KAMIS public market search; monthly arithmetic mean of observed market records (https://kamis.kilimo.go.ke/site/market_search)
2024-02-01,Nakuru,Beans (Canadian wonder),120.0,Kg,Wholesale,KAMIS public market search; monthly arithmetic mean of observed market records (https://kamis.kilimo.go.ke/site/market_search)
2024-02-01,Nakuru,Beans (Mwitemania),82.857143,Kg,Wholesale,KAMIS public market search; monthly arithmetic mean of observed market records (https://kamis.kilimo.go.ke/site/market_search)
2024-02-01,Nakuru,Beans (Yellow-Green),110.625,Kg,Wholesale,KAMIS public market search; monthly arithmetic mean of observed market records (https://kamis.kilimo.go.ke/site/market_search)
2024-02-01,Nakuru,Beans Red Haricot (Wairimu),85.5,Kg,Wholesale,KAMIS public market search; monthly arithmetic mean of observed market records (https://kamis.kilimo.go.ke/site/market_search)
2024-02-01,Nakuru,Beans Rosecoco,153.809524,Kg,Wholesale,KAMIS public market search; monthly arithmetic mean of observed market records (https://kamis.kilimo.go.ke/site/market_search)
2024-02-01,Nakuru,Dry Maize,51.58619,Kg,Wholesale,KAMIS public market search; monthly arithmetic mean of observed market records (https://kamis.kilimo.go.ke/site/market_search)
2024-02-01,Nakuru,Red Irish potato,10.0,Kg,Wholesale,KAMIS public market search; monthly arithmetic mean of observed market records (https://kamis.kilimo.go.ke/site/market_search)
2024-02-01,Nakuru,Red Sorghum,60.0,Kg,Wholesale,KAMIS public market search; monthly arithmetic mean of observed market records (https://kamis.kilimo.go.ke/site/market_search)
2024-02-01,Nakuru,White Irish Potatoes,72.5,Kg,Wholesale,KAMIS public market search; monthly arithmetic mean of observed market records (https://kamis.kilimo.go.ke/site/market_search)
2024-02-01,Nakuru,White Sorghum,66.842105,kg,Wholesale,KAMIS public market search; monthly arithmetic mean of observed market records (https://kamis.kilimo.go.ke/site/market_search)
2024-02-29,Eldoret,Maize Grain (White),4050.0,90_kg,Wholesale,FEWS NET Kenya wholesale API (https://fdw.fews.net/api/marketpricefacts.csv?country=KE&price_type=Wholesale)
2024-02-29,Eldoret,Potato (White),5092.0,110_kg,Wholesale,FEWS NET Kenya wholesale API (https://fdw.fews.net/api/marketpricefacts.csv?country=KE&price_type=Wholesale)
2024-02-29,Kisumu,Beans (Rosecoco),14000.0,90_kg,Wholesale,FEWS NET Kenya wholesale API (https://fdw.fews.net/api/marketpricefacts.csv?country=KE&price_type=Wholesale)
2024-02-29,Kisumu,Maize Grain (White),3200.0,90_kg,Wholesale,FEWS NET Kenya wholesale API (https://fdw.fews.net/api/marketpricefacts.csv?country=KE&price_type=Wholesale)
2024-02-29,Nairobi,Beans (Rosecoco),12712.0,90_kg,Wholesale,FEWS NET Kenya wholesale API (https://fdw.fews.net/api/marketpricefacts.csv?country=KE&price_type=Wholesale)
2024-02-29,Nairobi,Maize Grain (White),4757.0,90_kg,Wholesale,FEWS NET Kenya wholesale API (https://fdw.fews.net/api/marketpricefacts.csv?country=KE&price_type=Wholesale)
2024-02-29,Nairobi,Potato (White),7430.0,110_kg,Wholesale,FEWS NET Kenya wholesale API (https://fdw.fews.net/api/marketpricefacts.csv?country=KE&price_type=Wholesale)
2024-02-29,Nairobi,Sorghum (Red),6570.0,90_kg,Wholesale,FEWS NET Kenya wholesale API (https://fdw.fews.net/api/marketpricefacts.csv?country=KE&price_type=Wholesale)
2024-03-01,Eldoret,Beans (Mwitemania),190.0,Kg,Wholesale,KAMIS public market search; monthly arithmetic mean of observed market records (https://kamis.kilimo.go.ke/site/market_search)
2024-03-01,Eldoret,Beans (Yellow-Green),183.333333,Kg,Wholesale,KAMIS public market search; monthly arithmetic mean of observed market records (https://kamis.kilimo.go.ke/site/market_search)
2024-03-01,Eldoret,Dry Maize,46.25,Kg,Wholesale,KAMIS public market search; monthly arithmetic mean of observed market records (https://kamis.kilimo.go.ke/site/market_search)
2024-03-01,Eldoret,Red Sorghum,100.0,Kg,Wholesale,KAMIS public market search; monthly arithmetic mean of observed market records (https://kamis.kilimo.go.ke/site/market_search)
2024-03-01,Eldoret,White Irish Potatoes,55.0,Kg,Wholesale,KAMIS public market search; monthly arithmetic mean of observed market records (https://kamis.kilimo.go.ke/site/market_search)
2024-03-01,Kisumu,Beans (Mwezi Moja),150.0,Kg,Wholesale,KAMIS public market search; monthly arithmetic mean of observed market records (https://kamis.kilimo.go.ke/site/market_search)
2024-03-01,Kisumu,Beans (Yellow-Green),220.0,Kg,Wholesale,KAMIS public market search; monthly arithmetic mean of observed market records (https://kamis.kilimo.go.ke/site/market_search)
2024-03-01,Kisumu,Beans Red Haricot (Wairimu),166.666667,Kg,Wholesale,KAMIS public market search; monthly arithmetic mean of observed market records (https://kamis.kilimo.go.ke/site/market_search)
2024-03-01,Kisumu,Beans Rosecoco,162.5,Kg,Wholesale,KAMIS public market search; monthly arithmetic mean of observed market records (https://kamis.kilimo.go.ke/site/market_search)
2024-03-01,Kisumu,Dry Maize,44.888,Kg,Wholesale,KAMIS public market search; monthly arithmetic mean of observed market records (https://kamis.kilimo.go.ke/site/market_search)
2024-03-01,Kisumu,Red Irish potato,75.0,Kg,Wholesale,KAMIS public market search; monthly arithmetic mean of observed market records (https://kamis.kilimo.go.ke/site/market_search)
2024-03-01,Kisumu,Red Sorghum,44.72,Kg,Wholesale,KAMIS public market search; monthly arithmetic mean of observed market records (https://kamis.kilimo.go.ke/site/market_search)
2024-03-01,Kisumu,White Sorghum,60.0,kg,Wholesale,KAMIS public market search; monthly arithmetic mean of observed market records (https://kamis.kilimo.go.ke/site/market_search)
2024-03-01,Nairobi,Beans (Mwitemania),128.108889,Kg,Wholesale,KAMIS public market search; monthly arithmetic mean of observed market records (https://kamis.kilimo.go.ke/site/market_search)
2024-03-01,Nairobi,Beans (Yellow-Green),138.438261,Kg,Wholesale,KAMIS public market search; monthly arithmetic mean of observed market records (https://kamis.kilimo.go.ke/site/market_search)
2024-03-01,Nairobi,Beans Red Haricot (Wairimu),104.988889,Kg,Wholesale,KAMIS public market search; monthly arithmetic mean of observed market records (https://kamis.kilimo.go.ke/site/market_search)
2024-03-01,Nairobi,Beans Rosecoco,136.1705,Kg,Wholesale,KAMIS public market search; monthly arithmetic mean of observed market records (https://kamis.kilimo.go.ke/site/market_search)
2024-03-01,Nairobi,Dry Maize,59.485,Kg,Wholesale,KAMIS public market search; monthly arithmetic mean of observed market records (https://kamis.kilimo.go.ke/site/market_search)
2024-03-01,Nairobi,Red Irish potato,90.0,Kg,Wholesale,KAMIS public market search; monthly arithmetic mean of observed market records (https://kamis.kilimo.go.ke/site/market_search)
2024-03-01,Nairobi,Red Sorghum,67.906154,Kg,Wholesale,KAMIS public market search; monthly arithmetic mean of observed market records (https://kamis.kilimo.go.ke/site/market_search)
2024-03-01,Nairobi,White Irish Potatoes,78.0,Kg,Wholesale,KAMIS public market search; monthly arithmetic mean of observed market records (https://kamis.kilimo.go.ke/site/market_search)
2024-03-01,Nakuru,Beans (Canadian wonder),118.75,Kg,Wholesale,KAMIS public market search; monthly arithmetic mean of observed market records (https://kamis.kilimo.go.ke/site/market_search)
2024-03-01,Nakuru,Beans (Mwitemania),93.0,Kg,Wholesale,KAMIS public market search; monthly arithmetic mean of observed market records (https://kamis.kilimo.go.ke/site/market_search)
2024-03-01,Nakuru,Beans (Yellow-Green),111.521739,Kg,Wholesale,KAMIS public market search; monthly arithmetic mean of observed market records (https://kamis.kilimo.go.ke/site/market_search)
2024-03-01,Nakuru,Beans Red Haricot (Wairimu),121.428571,Kg,Wholesale,KAMIS public market search; monthly arithmetic mean of observed market records (https://kamis.kilimo.go.ke/site/market_search)
2024-03-01,Nakuru,Beans Rosecoco,134.736842,Kg,Wholesale,KAMIS public market search; monthly arithmetic mean of observed market records (https://kamis.kilimo.go.ke/site/market_search)
2024-03-01,Nakuru,Dry Maize,50.236667,Kg,Wholesale,KAMIS public market search; monthly arithmetic mean of observed market records (https://kamis.kilimo.go.ke/site/market_search)
2024-03-01,Nakuru,Red Irish potato,10.0,Kg,Wholesale,KAMIS public market search; monthly arithmetic mean of observed market records (https://kamis.kilimo.go.ke/site/market_search)
2024-03-01,Nakuru,Red Sorghum,60.0,Kg,Wholesale,KAMIS public market search; monthly arithmetic mean of observed market records (https://kamis.kilimo.go.ke/site/market_search)
2024-03-01,Nakuru,White Irish Potatoes,94.555556,Kg,Wholesale,KAMIS public market search; monthly arithmetic mean of observed market records (https://kamis.kilimo.go.ke/site/market_search)
2024-03-01,Nakuru,White Sorghum,73.888889,kg,Wholesale,KAMIS public market search; monthly arithmetic mean of observed market records (https://kamis.kilimo.go.ke/site/market_search)
2024-03-31,Eldoret,Maize Grain (White),4140.0,90_kg,Wholesale,FEWS NET Kenya wholesale API (https://fdw.fews.net/api/marketpricefacts.csv?country=KE&price_type=Wholesale)
2024-03-31,Eldoret,Potato (White),6050.0,110_kg,Wholesale,FEWS NET Kenya wholesale API (https://fdw.fews.net/api/marketpricefacts.csv?country=KE&price_type=Wholesale)
2024-03-31,Nairobi,Beans (Rosecoco),12255.0,90_kg,Wholesale,FEWS NET Kenya wholesale API (https://fdw.fews.net/api/marketpricefacts.csv?country=KE&price_type=Wholesale)
2024-03-31,Nairobi,Maize Grain (White),4320.0,90_kg,Wholesale,FEWS NET Kenya wholesale API (https://fdw.fews.net/api/marketpricefacts.csv?country=KE&price_type=Wholesale)
2024-03-31,Nairobi,Potato (White),9900.0,110_kg,Wholesale,FEWS NET Kenya wholesale API (https://fdw.fews.net/api/marketpricefacts.csv?country=KE&price_type=Wholesale)
2024-03-31,Nairobi,Sorghum (Red),8460.0,90_kg,Wholesale,FEWS NET Kenya wholesale API (https://fdw.fews.net/api/marketpricefacts.csv?country=KE&price_type=Wholesale)
2024-04-01,Eldoret,Dry Maize,45.0,Kg,Wholesale,KAMIS public market search; monthly arithmetic mean of observed market records (https://kamis.kilimo.go.ke/site/market_search)
2024-04-01,Eldoret,Red Sorghum,90.0,Kg,Wholesale,KAMIS public market search; monthly arithmetic mean of observed market records (https://kamis.kilimo.go.ke/site/market_search)
2024-04-01,Eldoret,White Irish Potatoes,90.0,Kg,Wholesale,KAMIS public market search; monthly arithmetic mean of observed market records (https://kamis.kilimo.go.ke/site/market_search)
2024-04-01,Kisumu,Beans (Canadian wonder),175.0,Kg,Wholesale,KAMIS public market search; monthly arithmetic mean of observed market records (https://kamis.kilimo.go.ke/site/market_search)
2024-04-01,Kisumu,Beans (Mwezi Moja),172.5,Kg,Wholesale,KAMIS public market search; monthly arithmetic mean of observed market records (https://kamis.kilimo.go.ke/site/market_search)
2024-04-01,Kisumu,Beans (Yellow-Green),190.0,Kg,Wholesale,KAMIS public market search; monthly arithmetic mean of observed market records (https://kamis.kilimo.go.ke/site/market_search)
2024-04-01,Kisumu,Beans Red Haricot (Wairimu),172.5,Kg,Wholesale,KAMIS public market search; monthly arithmetic mean of observed market records (https://kamis.kilimo.go.ke/site/market_search)
2024-04-01,Kisumu,Beans Rosecoco,180.0,Kg,Wholesale,KAMIS public market search; monthly arithmetic mean of observed market records (https://kamis.kilimo.go.ke/site/market_search)
2024-04-01,Kisumu,Dry Maize,43.75,Kg,Wholesale,KAMIS public market search; monthly arithmetic mean of observed market records (https://kamis.kilimo.go.ke/site/market_search)
2024-04-01,Kisumu,Red Irish potato,110.0,Kg,Wholesale,KAMIS public market search; monthly arithmetic mean of observed market records (https://kamis.kilimo.go.ke/site/market_search)
2024-04-01,Kisumu,Red Sorghum,42.5,Kg,Wholesale,KAMIS public market search; monthly arithmetic mean of observed market records (https://kamis.kilimo.go.ke/site/market_search)
2024-04-01,Kisumu,White Irish Potatoes,80.0,Kg,Wholesale,KAMIS public market search; monthly arithmetic mean of observed market records (https://kamis.kilimo.go.ke/site/market_search)
2024-04-01,Nairobi,Beans (Canadian wonder),91.11,Kg,Wholesale,KAMIS public market search; monthly arithmetic mean of observed market records (https://kamis.kilimo.go.ke/site/market_search)
2024-04-01,Nairobi,Beans (Mwitemania),116.2475,Kg,Wholesale,KAMIS public market search; monthly arithmetic mean of observed market records (https://kamis.kilimo.go.ke/site/market_search)
2024-04-01,Nairobi,Beans (Yellow-Green),130.637838,Kg,Wholesale,KAMIS public market search; monthly arithmetic mean of observed market records (https://kamis.kilimo.go.ke/site/market_search)
2024-04-01,Nairobi,Beans Red Haricot (Wairimu),100.65625,Kg,Wholesale,KAMIS public market search; monthly arithmetic mean of observed market records (https://kamis.kilimo.go.ke/site/market_search)
2024-04-01,Nairobi,Beans Rosecoco,135.850278,Kg,Wholesale,KAMIS public market search; monthly arithmetic mean of observed market records (https://kamis.kilimo.go.ke/site/market_search)
2024-04-01,Nairobi,Dry Maize,54.83,Kg,Wholesale,KAMIS public market search; monthly arithmetic mean of observed market records (https://kamis.kilimo.go.ke/site/market_search)
2024-04-01,Nairobi,Red Irish potato,96.6,Kg,Wholesale,KAMIS public market search; monthly arithmetic mean of observed market records (https://kamis.kilimo.go.ke/site/market_search)
2024-04-01,Nairobi,Red Sorghum,71.894545,Kg,Wholesale,KAMIS public market search; monthly arithmetic mean of observed market records (https://kamis.kilimo.go.ke/site/market_search)
2024-04-01,Nairobi,White Irish Potatoes,59.758696,Kg,Wholesale,KAMIS public market search; monthly arithmetic mean of observed market records (https://kamis.kilimo.go.ke/site/market_search)
2024-04-01,Nairobi,White Sorghum,91.665,kg,Wholesale,KAMIS public market search; monthly arithmetic mean of observed market records (https://kamis.kilimo.go.ke/site/market_search)
2024-04-01,Nakuru,Beans (Canadian wonder),123.888889,Kg,Wholesale,KAMIS public market search; monthly arithmetic mean of observed market records (https://kamis.kilimo.go.ke/site/market_search)
2024-04-01,Nakuru,Beans (Mwitemania),97.894737,Kg,Wholesale,KAMIS public market search; monthly arithmetic mean of observed market records (https://kamis.kilimo.go.ke/site/market_search)
2024-04-01,Nakuru,Beans (Yellow-Green),125.555556,Kg,Wholesale,KAMIS public market search; monthly arithmetic mean of observed market records (https://kamis.kilimo.go.ke/site/market_search)
2024-04-01,Nakuru,Beans Red Haricot (Wairimu),98.333333,Kg,Wholesale,KAMIS public market search; monthly arithmetic mean of observed market records (https://kamis.kilimo.go.ke/site/market_search)
2024-04-01,Nakuru,Beans Rosecoco,145.555556,Kg,Wholesale,KAMIS public market search; monthly arithmetic mean of observed market records (https://kamis.kilimo.go.ke/site/market_search)
2024-04-01,Nakuru,Dry Maize,43.802941,Kg,Wholesale,KAMIS public market search; monthly arithmetic mean of observed market records (https://kamis.kilimo.go.ke/site/market_search)
2024-04-01,Nakuru,Red Sorghum,58.333333,Kg,Wholesale,KAMIS public market search; monthly arithmetic mean of observed market records (https://kamis.kilimo.go.ke/site/market_search)
2024-04-01,Nakuru,White Irish Potatoes,107.666667,Kg,Wholesale,KAMIS public market search; monthly arithmetic mean of observed market records (https://kamis.kilimo.go.ke/site/market_search)
2024-04-01,Nakuru,White Sorghum,69.444444,kg,Wholesale,KAMIS public market search; monthly arithmetic mean of observed market records (https://kamis.kilimo.go.ke/site/market_search)
2024-04-30,Eldoret,Maize Grain (White),4050.0,90_kg,Wholesale,FEWS NET Kenya wholesale API (https://fdw.fews.net/api/marketpricefacts.csv?country=KE&price_type=Wholesale)
2024-04-30,Eldoret,Potato (White),9900.0,110_kg,Wholesale,FEWS NET Kenya wholesale API (https://fdw.fews.net/api/marketpricefacts.csv?country=KE&price_type=Wholesale)
2024-04-30,Nairobi,Beans (Rosecoco),12240.0,90_kg,Wholesale,FEWS NET Kenya wholesale API (https://fdw.fews.net/api/marketpricefacts.csv?country=KE&price_type=Wholesale)
2024-04-30,Nairobi,Maize Grain (White),4230.0,90_kg,Wholesale,FEWS NET Kenya wholesale API (https://fdw.fews.net/api/marketpricefacts.csv?country=KE&price_type=Wholesale)
2024-04-30,Nairobi,Potato (White),6600.0,110_kg,Wholesale,FEWS NET Kenya wholesale API (https://fdw.fews.net/api/marketpricefacts.csv?country=KE&price_type=Wholesale)
2024-05-01,Eldoret,Beans (Yellow-Green),182.5,Kg,Wholesale,KAMIS public market search; monthly arithmetic mean of observed market records (https://kamis.kilimo.go.ke/site/market_search)
2024-05-01,Eldoret,Dry Maize,44.0,Kg,Wholesale,KAMIS public market search; monthly arithmetic mean of observed market records (https://kamis.kilimo.go.ke/site/market_search)
2024-05-01,Eldoret,Red Sorghum,90.0,Kg,Wholesale,KAMIS public market search; monthly arithmetic mean of observed market records (https://kamis.kilimo.go.ke/site/market_search)
2024-05-01,Eldoret,White Irish Potatoes,58.0,Kg,Wholesale,KAMIS public market search; monthly arithmetic mean of observed market records (https://kamis.kilimo.go.ke/site/market_search)
2024-05-01,Kisumu,Beans (Canadian wonder),155.56,Kg,Wholesale,KAMIS public market search; monthly arithmetic mean of observed market records (https://kamis.kilimo.go.ke/site/market_search)
2024-05-01,Kisumu,Beans (Mwezi Moja),152.5,Kg,Wholesale,KAMIS public market search; monthly arithmetic mean of observed market records (https://kamis.kilimo.go.ke/site/market_search)
2024-05-01,Kisumu,Beans (Mwitemania),180.0,Kg,Wholesale,KAMIS public market search; monthly arithmetic mean of observed market records (https://kamis.kilimo.go.ke/site/market_search)
2024-05-01,Kisumu,Beans (Yellow-Green),209.5825,Kg,Wholesale,KAMIS public market search; monthly arithmetic mean of observed market records (https://kamis.kilimo.go.ke/site/market_search)
2024-05-01,Kisumu,Beans Red Haricot (Wairimu),178.6125,Kg,Wholesale,KAMIS public market search; monthly arithmetic mean of observed market records (https://kamis.kilimo.go.ke/site/market_search)
2024-05-01,Kisumu,Beans Rosecoco,175.2775,Kg,Wholesale,KAMIS public market search; monthly arithmetic mean of observed market records (https://kamis.kilimo.go.ke/site/market_search)
2024-05-01,Kisumu,Dry Maize,44.72,Kg,Wholesale,KAMIS public market search; monthly arithmetic mean of observed market records (https://kamis.kilimo.go.ke/site/market_search)
2024-05-01,Kisumu,Red Irish potato,100.0,Kg,Wholesale,KAMIS public market search; monthly arithmetic mean of observed market records (https://kamis.kilimo.go.ke/site/market_search)
2024-05-01,Kisumu,Red Sorghum,45.0,Kg,Wholesale,KAMIS public market search; monthly arithmetic mean of observed market records (https://kamis.kilimo.go.ke/site/market_search)
2024-05-01,Kisumu,White Irish Potatoes,50.0,Kg,Wholesale,KAMIS public market search; monthly arithmetic mean of observed market records (https://kamis.kilimo.go.ke/site/market_search)
2024-05-01,Nairobi,Beans (Canadian wonder),117.64,Kg,Wholesale,KAMIS public market search; monthly arithmetic mean of observed market records (https://kamis.kilimo.go.ke/site/market_search)
2024-05-01,Nairobi,Beans (Mwezi Moja),150.0,Kg,Wholesale,KAMIS public market search; monthly arithmetic mean of observed market records (https://kamis.kilimo.go.ke/site/market_search)
2024-05-01,Nairobi,Beans (Mwitemania),111.106739,Kg,Wholesale,KAMIS public market search; monthly arithmetic mean of observed market records (https://kamis.kilimo.go.ke/site/market_search)
2024-05-01,Nairobi,Beans (Yellow-Green),143.414894,Kg,Wholesale,KAMIS public market search; monthly arithmetic mean of observed market records (https://kamis.kilimo.go.ke/site/market_search)
2024-05-01,Nairobi,Beans Red Haricot (Wairimu),110.598261,Kg,Wholesale,KAMIS public market search; monthly arithmetic mean of observed market records (https://kamis.kilimo.go.ke/site/market_search)
2024-05-01,Nairobi,Beans Rosecoco,148.496296,Kg,Wholesale,KAMIS public market search; monthly arithmetic mean of observed market records (https://kamis.kilimo.go.ke/site/market_search)
2024-05-01,Nairobi,Dry Maize,47.486207,Kg,Wholesale,KAMIS public market search; monthly arithmetic mean of observed market records (https://kamis.kilimo.go.ke/site/market_search)
2024-05-01,Nairobi,Red Irish potato,80.215,Kg,Wholesale,KAMIS public market search; monthly arithmetic mean of observed market records (https://kamis.kilimo.go.ke/site/market_search)
2024-05-01,Nairobi,Red Sorghum,75.669706,Kg,Wholesale,KAMIS public market search; monthly arithmetic mean of observed market records (https://kamis.kilimo.go.ke/site/market_search)
2024-05-01,Nairobi,White Irish Potatoes,52.79587,Kg,Wholesale,KAMIS public market search; monthly arithmetic mean of observed market records (https://kamis.kilimo.go.ke/site/market_search)
2024-05-01,Nairobi,White Sorghum,72.617143,kg,Wholesale,KAMIS public market search; monthly arithmetic mean of observed market records (https://kamis.kilimo.go.ke/site/market_search)
2024-05-01,Nakuru,Beans (Canadian wonder),120.0,Kg,Wholesale,KAMIS public market search; monthly arithmetic mean of observed market records (https://kamis.kilimo.go.ke/site/market_search)
2024-05-01,Nakuru,Beans (Mwitemania),98.333333,Kg,Wholesale,KAMIS public market search; monthly arithmetic mean of observed market records (https://kamis.kilimo.go.ke/site/market_search)
2024-05-01,Nakuru,Beans (Yellow-Green),130.0,Kg,Wholesale,KAMIS public market search; monthly arithmetic mean of observed market records (https://kamis.kilimo.go.ke/site/market_search)
2024-05-01,Nakuru,Beans Red Haricot (Wairimu),90.0,Kg,Wholesale,KAMIS public market search; monthly arithmetic mean of observed market records (https://kamis.kilimo.go.ke/site/market_search)
2024-05-01,Nakuru,Beans Rosecoco,148.333333,Kg,Wholesale,KAMIS public market search; monthly arithmetic mean of observed market records (https://kamis.kilimo.go.ke/site/market_search)
2024-05-01,Nakuru,Dry Maize,43.778667,Kg,Wholesale,KAMIS public market search; monthly arithmetic mean of observed market records (https://kamis.kilimo.go.ke/site/market_search)
2024-05-01,Nakuru,Red Sorghum,69.166667,Kg,Wholesale,KAMIS public market search; monthly arithmetic mean of observed market records (https://kamis.kilimo.go.ke/site/market_search)
2024-05-01,Nakuru,White Irish Potatoes,95.333333,Kg,Wholesale,KAMIS public market search; monthly arithmetic mean of observed market records (https://kamis.kilimo.go.ke/site/market_search)
2024-05-01,Nakuru,White Sorghum,70.0,kg,Wholesale,KAMIS public market search; monthly arithmetic mean of observed market records (https://kamis.kilimo.go.ke/site/market_search)
2024-05-31,Eldoret,Maize Grain (White),3960.0,90_kg,Wholesale,FEWS NET Kenya wholesale API (https://fdw.fews.net/api/marketpricefacts.csv?country=KE&price_type=Wholesale)
2024-05-31,Eldoret,Potato (White),6380.0,110_kg,Wholesale,FEWS NET Kenya wholesale API (https://fdw.fews.net/api/marketpricefacts.csv?country=KE&price_type=Wholesale)
2024-05-31,Kisumu,Beans (Rosecoco),15750.0,90_kg,Wholesale,FEWS NET Kenya wholesale API (https://fdw.fews.net/api/marketpricefacts.csv?country=KE&price_type=Wholesale)
2024-05-31,Kisumu,Maize Grain (White),4050.0,90_kg,Wholesale,FEWS NET Kenya wholesale API (https://fdw.fews.net/api/marketpricefacts.csv?country=KE&price_type=Wholesale)
2024-05-31,Kisumu,Potato (White),5500.0,110_kg,Wholesale,FEWS NET Kenya wholesale API (https://fdw.fews.net/api/marketpricefacts.csv?country=KE&price_type=Wholesale)
2024-05-31,Mombasa,Beans (Rosecoco),16200.0,90_kg,Wholesale,FEWS NET Kenya wholesale API (https://fdw.fews.net/api/marketpricefacts.csv?country=KE&price_type=Wholesale)
2024-05-31,Nairobi,Beans (Rosecoco),13500.0,90_kg,Wholesale,FEWS NET Kenya wholesale API (https://fdw.fews.net/api/marketpricefacts.csv?country=KE&price_type=Wholesale)
2024-05-31,Nairobi,Maize Grain (White),3600.0,90_kg,Wholesale,FEWS NET Kenya wholesale API (https://fdw.fews.net/api/marketpricefacts.csv?country=KE&price_type=Wholesale)
2024-05-31,Nairobi,Sorghum (Red),8900.0,90_kg,Wholesale,FEWS NET Kenya wholesale API (https://fdw.fews.net/api/marketpricefacts.csv?country=KE&price_type=Wholesale)
2024-06-01,Eldoret,Beans (Yellow-Green),198.636364,Kg,Wholesale,KAMIS public market search; monthly arithmetic mean of observed market records (https://kamis.kilimo.go.ke/site/market_search)
2024-06-01,Eldoret,Dry Maize,43.506875,Kg,Wholesale,KAMIS public market search; monthly arithmetic mean of observed market records (https://kamis.kilimo.go.ke/site/market_search)
2024-06-01,Eldoret,Red Sorghum,130.714286,Kg,Wholesale,KAMIS public market search; monthly arithmetic mean of observed market records (https://kamis.kilimo.go.ke/site/market_search)
2024-06-01,Eldoret,White Irish Potatoes,50.368333,Kg,Wholesale,KAMIS public market search; monthly arithmetic mean of observed market records (https://kamis.kilimo.go.ke/site/market_search)
2024-06-01,Eldoret,White Sorghum,90.0,kg,Wholesale,KAMIS public market search; monthly arithmetic mean of observed market records (https://kamis.kilimo.go.ke/site/market_search)
2024-06-01,Kisumu,Beans (Canadian wonder),133.33,Kg,Wholesale,KAMIS public market search; monthly arithmetic mean of observed market records (https://kamis.kilimo.go.ke/site/market_search)
2024-06-01,Kisumu,Beans (Mwezi Moja),125.0,Kg,Wholesale,KAMIS public market search; monthly arithmetic mean of observed market records (https://kamis.kilimo.go.ke/site/market_search)
2024-06-01,Kisumu,Beans (Mwitemania),159.445,Kg,Wholesale,KAMIS public market search; monthly arithmetic mean of observed market records (https://kamis.kilimo.go.ke/site/market_search)
2024-06-01,Kisumu,Beans (Yellow-Green),175.0,Kg,Wholesale,KAMIS public market search; monthly arithmetic mean of observed market records (https://kamis.kilimo.go.ke/site/market_search)
2024-06-01,Kisumu,Beans Red Haricot (Wairimu),168.89,Kg,Wholesale,KAMIS public market search; monthly arithmetic mean of observed market records (https://kamis.kilimo.go.ke/site/market_search)
2024-06-01,Kisumu,Beans Rosecoco,177.78,Kg,Wholesale,KAMIS public market search; monthly arithmetic mean of observed market records (https://kamis.kilimo.go.ke/site/market_search)
2024-06-01,Kisumu,Dry Maize,43.807143,Kg,Wholesale,KAMIS public market search; monthly arithmetic mean of observed market records (https://kamis.kilimo.go.ke/site/market_search)
2024-06-01,Kisumu,Red Irish potato,90.0,Kg,Wholesale,KAMIS public market search; monthly arithmetic mean of observed market records (https://kamis.kilimo.go.ke/site/market_search)
2024-06-01,Kisumu,Red Sorghum,60.0,Kg,Wholesale,KAMIS public market search; monthly arithmetic mean of observed market records (https://kamis.kilimo.go.ke/site/market_search)
2024-06-01,Kisumu,White Irish Potatoes,57.25,Kg,Wholesale,KAMIS public market search; monthly arithmetic mean of observed market records (https://kamis.kilimo.go.ke/site/market_search)
2024-06-01,Nairobi,Beans (Canadian wonder),111.11,Kg,Wholesale,KAMIS public market search; monthly arithmetic mean of observed market records (https://kamis.kilimo.go.ke/site/market_search)
2024-06-01,Nairobi,Beans (Mwitemania),91.8825,Kg,Wholesale,KAMIS public market search; monthly arithmetic mean of observed market records (https://kamis.kilimo.go.ke/site/market_search)
2024-06-01,Nairobi,Beans (Yellow-Green),137.2025,Kg,Wholesale,KAMIS public market search; monthly arithmetic mean of observed market records (https://kamis.kilimo.go.ke/site/market_search)
2024-06-01,Nairobi,Beans Red Haricot (Wairimu),94.908889,Kg,Wholesale,KAMIS public market search; monthly arithmetic mean of observed market records (https://kamis.kilimo.go.ke/site/market_search)
2024-06-01,Nairobi,Beans Rosecoco,150.689677,Kg,Wholesale,KAMIS public market search; monthly arithmetic mean of observed market records (https://kamis.kilimo.go.ke/site/market_search)
2024-06-01,Nairobi,Dry Maize,41.2776,Kg,Wholesale,KAMIS public market search; monthly arithmetic mean of observed market records (https://kamis.kilimo.go.ke/site/market_search)
2024-06-01,Nairobi,Red Irish potato,70.0,Kg,Wholesale,KAMIS public market search; monthly arithmetic mean of observed market records (https://kamis.kilimo.go.ke/site/market_search)
2024-06-01,Nairobi,Red Sorghum,75.118182,Kg,Wholesale,KAMIS public market search; monthly arithmetic mean of observed market records (https://kamis.kilimo.go.ke/site/market_search)
2024-06-01,Nairobi,White Irish Potatoes,47.295957,Kg,Wholesale,KAMIS public market search; monthly arithmetic mean of observed market records (https://kamis.kilimo.go.ke/site/market_search)
2024-06-01,Nairobi,White Sorghum,66.67,kg,Wholesale,KAMIS public market search; monthly arithmetic mean of observed market records (https://kamis.kilimo.go.ke/site/market_search)
2024-06-30,Eldoret,Maize Grain (White),3960.0,90_kg,Wholesale,FEWS NET Kenya wholesale API (https://fdw.fews.net/api/marketpricefacts.csv?country=KE&price_type=Wholesale)
2024-06-30,Eldoret,Potato (White),5500.0,110_kg,Wholesale,FEWS NET Kenya wholesale API (https://fdw.fews.net/api/marketpricefacts.csv?country=KE&price_type=Wholesale)
2024-06-30,Eldoret,Sorghum (Red),8100.0,90_kg,Wholesale,FEWS NET Kenya wholesale API (https://fdw.fews.net/api/marketpricefacts.csv?country=KE&price_type=Wholesale)
2024-06-30,Kisumu,Beans (Rosecoco),16020.0,90_kg,Wholesale,FEWS NET Kenya wholesale API (https://fdw.fews.net/api/marketpricefacts.csv?country=KE&price_type=Wholesale)
2024-06-30,Kisumu,Maize Grain (White),4050.0,90_kg,Wholesale,FEWS NET Kenya wholesale API (https://fdw.fews.net/api/marketpricefacts.csv?country=KE&price_type=Wholesale)
2024-06-30,Kisumu,Potato (White),6270.0,110_kg,Wholesale,FEWS NET Kenya wholesale API (https://fdw.fews.net/api/marketpricefacts.csv?country=KE&price_type=Wholesale)
2024-06-30,Nairobi,Beans (Rosecoco),13590.0,90_kg,Wholesale,FEWS NET Kenya wholesale API (https://fdw.fews.net/api/marketpricefacts.csv?country=KE&price_type=Wholesale)
2024-06-30,Nairobi,Maize Grain (White),3240.0,90_kg,Wholesale,FEWS NET Kenya wholesale API (https://fdw.fews.net/api/marketpricefacts.csv?country=KE&price_type=Wholesale)
2024-06-30,Nairobi,Potato (White),5170.0,110_kg,Wholesale,FEWS NET Kenya wholesale API (https://fdw.fews.net/api/marketpricefacts.csv?country=KE&price_type=Wholesale)
2024-06-30,Nairobi,Sorghum (Red),6030.0,90_kg,Wholesale,FEWS NET Kenya wholesale API (https://fdw.fews.net/api/marketpricefacts.csv?country=KE&price_type=Wholesale)
2024-07-01,Eldoret,Beans (Mwezi Moja),150.0,Kg,Wholesale,KAMIS public market search; monthly arithmetic mean of observed market records (https://kamis.kilimo.go.ke/site/market_search)
2024-07-01,Eldoret,Beans (Yellow-Green),172.5,Kg,Wholesale,KAMIS public market search; monthly arithmetic mean of observed market records (https://kamis.kilimo.go.ke/site/market_search)
2024-07-01,Eldoret,Dry Maize,42.102857,Kg,Wholesale,KAMIS public market search; monthly arithmetic mean of observed market records (https://kamis.kilimo.go.ke/site/market_search)
2024-07-01,Eldoret,Red Sorghum,100.0,Kg,Wholesale,KAMIS public market search; monthly arithmetic mean of observed market records (https://kamis.kilimo.go.ke/site/market_search)
2024-07-01,Eldoret,White Irish Potatoes,61.111111,Kg,Wholesale,KAMIS public market search; monthly arithmetic mean of observed market records (https://kamis.kilimo.go.ke/site/market_search)
2024-07-01,Kisumu,Beans (Mwezi Moja),156.666667,Kg,Wholesale,KAMIS public market search; monthly arithmetic mean of observed market records (https://kamis.kilimo.go.ke/site/market_search)
2024-07-01,Kisumu,Beans (Mwitemania),165.0,Kg,Wholesale,KAMIS public market search; monthly arithmetic mean of observed market records (https://kamis.kilimo.go.ke/site/market_search)
2024-07-01,Kisumu,Beans (Yellow-Green),187.5,Kg,Wholesale,KAMIS public market search; monthly arithmetic mean of observed market records (https://kamis.kilimo.go.ke/site/market_search)
2024-07-01,Kisumu,Beans Red Haricot (Wairimu),145.0,Kg,Wholesale,KAMIS public market search; monthly arithmetic mean of observed market records (https://kamis.kilimo.go.ke/site/market_search)
2024-07-01,Kisumu,Beans Rosecoco,172.5,Kg,Wholesale,KAMIS public market search; monthly arithmetic mean of observed market records (https://kamis.kilimo.go.ke/site/market_search)
2024-07-01,Kisumu,Dry Maize,42.531111,Kg,Wholesale,KAMIS public market search; monthly arithmetic mean of observed market records (https://kamis.kilimo.go.ke/site/market_search)
2024-07-01,Kisumu,Red Irish potato,70.0,Kg,Wholesale,KAMIS public market search; monthly arithmetic mean of observed market records (https://kamis.kilimo.go.ke/site/market_search)
2024-07-01,Kisumu,Red Sorghum,54.0,Kg,Wholesale,KAMIS public market search; monthly arithmetic mean of observed market records (https://kamis.kilimo.go.ke/site/market_search)
2024-07-01,Kisumu,White Irish Potatoes,67.0,Kg,Wholesale,KAMIS public market search; monthly arithmetic mean of observed market records (https://kamis.kilimo.go.ke/site/market_search)
2024-07-01,Nairobi,Beans (Canadian wonder),109.334,Kg,Wholesale,KAMIS public market search; monthly arithmetic mean of observed market records (https://kamis.kilimo.go.ke/site/market_search)
2024-07-01,Nairobi,Beans (Mwitemania),90.929333,Kg,Wholesale,KAMIS public market search; monthly arithmetic mean of observed market records (https://kamis.kilimo.go.ke/site/market_search)
2024-07-01,Nairobi,Beans (Yellow-Green),122.837647,Kg,Wholesale,KAMIS public market search; monthly arithmetic mean of observed market records (https://kamis.kilimo.go.ke/site/market_search)
2024-07-01,Nairobi,Beans Red Haricot (Wairimu),90.5338,Kg,Wholesale,KAMIS public market search; monthly arithmetic mean of observed market records (https://kamis.kilimo.go.ke/site/market_search)
2024-07-01,Nairobi,Beans Rosecoco,147.13381,Kg,Wholesale,KAMIS public market search; monthly arithmetic mean of observed market records (https://kamis.kilimo.go.ke/site/market_search)
2024-07-01,Nairobi,Dry Maize,41.47931,Kg,Wholesale,KAMIS public market search; monthly arithmetic mean of observed market records (https://kamis.kilimo.go.ke/site/market_search)
2024-07-01,Nairobi,Red Irish potato,62.5,Kg,Wholesale,KAMIS public market search; monthly arithmetic mean of observed market records (https://kamis.kilimo.go.ke/site/market_search)
2024-07-01,Nairobi,Red Sorghum,74.032963,Kg,Wholesale,KAMIS public market search; monthly arithmetic mean of observed market records (https://kamis.kilimo.go.ke/site/market_search)
2024-07-01,Nairobi,White Irish Potatoes,46.935581,Kg,Wholesale,KAMIS public market search; monthly arithmetic mean of observed market records (https://kamis.kilimo.go.ke/site/market_search)
2024-07-31,Eldoret,Beans (Rosecoco),11200.0,90_kg,Wholesale,FEWS NET Kenya wholesale API (https://fdw.fews.net/api/marketpricefacts.csv?country=KE&price_type=Wholesale)
2024-07-31,Eldoret,Maize Grain (White),3870.0,90_kg,Wholesale,FEWS NET Kenya wholesale API (https://fdw.fews.net/api/marketpricefacts.csv?country=KE&price_type=Wholesale)
2024-07-31,Eldoret,Potato (White),6600.0,110_kg,Wholesale,FEWS NET Kenya wholesale API (https://fdw.fews.net/api/marketpricefacts.csv?country=KE&price_type=Wholesale)
2024-07-31,Kisumu,Beans (Rosecoco),15030.0,90_kg,Wholesale,FEWS NET Kenya wholesale API (https://fdw.fews.net/api/marketpricefacts.csv?country=KE&price_type=Wholesale)
2024-07-31,Kisumu,Maize Grain (White),3690.0,90_kg,Wholesale,FEWS NET Kenya wholesale API (https://fdw.fews.net/api/marketpricefacts.csv?country=KE&price_type=Wholesale)
2024-07-31,Kisumu,Potato (White),7920.0,110_kg,Wholesale,FEWS NET Kenya wholesale API (https://fdw.fews.net/api/marketpricefacts.csv?country=KE&price_type=Wholesale)
2024-07-31,Mombasa,Beans (Rosecoco),10800.0,90_kg,Wholesale,FEWS NET Kenya wholesale API (https://fdw.fews.net/api/marketpricefacts.csv?country=KE&price_type=Wholesale)
2024-07-31,Mombasa,Maize Grain (White),3500.0,90_kg,Wholesale,FEWS NET Kenya wholesale API (https://fdw.fews.net/api/marketpricefacts.csv?country=KE&price_type=Wholesale)
2024-07-31,Nairobi,Beans (Rosecoco),13230.0,90_kg,Wholesale,FEWS NET Kenya wholesale API (https://fdw.fews.net/api/marketpricefacts.csv?country=KE&price_type=Wholesale)
2024-07-31,Nairobi,Maize Grain (White),3420.0,90_kg,Wholesale,FEWS NET Kenya wholesale API (https://fdw.fews.net/api/marketpricefacts.csv?country=KE&price_type=Wholesale)
2024-07-31,Nairobi,Potato (White),5170.0,110_kg,Wholesale,FEWS NET Kenya wholesale API (https://fdw.fews.net/api/marketpricefacts.csv?country=KE&price_type=Wholesale)
2024-08-01,Eldoret,Beans (Mwitemania),150.0,Kg,Wholesale,KAMIS public market search; monthly arithmetic mean of observed market records (https://kamis.kilimo.go.ke/site/market_search)
2024-08-01,Eldoret,Beans (Yellow-Green),175.0,Kg,Wholesale,KAMIS public market search; monthly arithmetic mean of observed market records (https://kamis.kilimo.go.ke/site/market_search)
2024-08-01,Eldoret,Dry Maize,42.083333,Kg,Wholesale,KAMIS public market search; monthly arithmetic mean of observed market records (https://kamis.kilimo.go.ke/site/market_search)
2024-08-01,Eldoret,Red Sorghum,107.5,Kg,Wholesale,KAMIS public market search; monthly arithmetic mean of observed market records (https://kamis.kilimo.go.ke/site/market_search)
2024-08-01,Eldoret,White Irish Potatoes,64.5,Kg,Wholesale,KAMIS public market search; monthly arithmetic mean of observed market records (https://kamis.kilimo.go.ke/site/market_search)
2024-08-01,Kisumu,Beans (Mwezi Moja),132.5,Kg,Wholesale,KAMIS public market search; monthly arithmetic mean of observed market records (https://kamis.kilimo.go.ke/site/market_search)
2024-08-01,Kisumu,Beans (Yellow-Green),172.5,Kg,Wholesale,KAMIS public market search; monthly arithmetic mean of observed market records (https://kamis.kilimo.go.ke/site/market_search)
2024-08-01,Kisumu,Beans Red Haricot (Wairimu),140.0,Kg,Wholesale,KAMIS public market search; monthly arithmetic mean of observed market records (https://kamis.kilimo.go.ke/site/market_search)
2024-08-01,Kisumu,Beans Rosecoco,140.0,Kg,Wholesale,KAMIS public market search; monthly arithmetic mean of observed market records (https://kamis.kilimo.go.ke/site/market_search)
2024-08-01,Kisumu,Dry Maize,46.39,Kg,Wholesale,KAMIS public market search; monthly arithmetic mean of observed market records (https://kamis.kilimo.go.ke/site/market_search)
2024-08-01,Kisumu,Red Irish potato,88.0,Kg,Wholesale,KAMIS public market search; monthly arithmetic mean of observed market records (https://kamis.kilimo.go.ke/site/market_search)
2024-08-01,Kisumu,Red Sorghum,46.888,Kg,Wholesale,KAMIS public market search; monthly arithmetic mean of observed market records (https://kamis.kilimo.go.ke/site/market_search)
2024-08-01,Kisumu,White Irish Potatoes,83.571667,Kg,Wholesale,KAMIS public market search; monthly arithmetic mean of observed market records (https://kamis.kilimo.go.ke/site/market_search)
2024-08-01,Nairobi,Beans (Mwitemania),86.233529,Kg,Wholesale,KAMIS public market search; monthly arithmetic mean of observed market records (https://kamis.kilimo.go.ke/site/market_search)
2024-08-01,Nairobi,Beans (Yellow-Green),121.664706,Kg,Wholesale,KAMIS public market search; monthly arithmetic mean of observed market records (https://kamis.kilimo.go.ke/site/market_search)
2024-08-01,Nairobi,Beans Red Haricot (Wairimu),88.5075,Kg,Wholesale,KAMIS public market search; monthly arithmetic mean of observed market records (https://kamis.kilimo.go.ke/site/market_search)
2024-08-01,Nairobi,Beans Rosecoco,134.778,Kg,Wholesale,KAMIS public market search; monthly arithmetic mean of observed market records (https://kamis.kilimo.go.ke/site/market_search)
2024-08-01,Nairobi,Dry Maize,42.695833,Kg,Wholesale,KAMIS public market search; monthly arithmetic mean of observed market records (https://kamis.kilimo.go.ke/site/market_search)
2024-08-01,Nairobi,Red Sorghum,70.3736,Kg,Wholesale,KAMIS public market search; monthly arithmetic mean of observed market records (https://kamis.kilimo.go.ke/site/market_search)
2024-08-01,Nairobi,White Irish Potatoes,60.144483,Kg,Wholesale,KAMIS public market search; monthly arithmetic mean of observed market records (https://kamis.kilimo.go.ke/site/market_search)
2024-08-01,Nairobi,White Sorghum,70.0,kg,Wholesale,KAMIS public market search; monthly arithmetic mean of observed market records (https://kamis.kilimo.go.ke/site/market_search)
2024-08-31,Eldoret,Beans (Rosecoco),13200.0,90_kg,Wholesale,FEWS NET Kenya wholesale API (https://fdw.fews.net/api/marketpricefacts.csv?country=KE&price_type=Wholesale)
2024-08-31,Eldoret,Maize Grain (White),3780.0,90_kg,Wholesale,FEWS NET Kenya wholesale API (https://fdw.fews.net/api/marketpricefacts.csv?country=KE&price_type=Wholesale)
2024-08-31,Eldoret,Potato (White),7150.0,110_kg,Wholesale,FEWS NET Kenya wholesale API (https://fdw.fews.net/api/marketpricefacts.csv?country=KE&price_type=Wholesale)
2024-08-31,Kisumu,Beans (Rosecoco),12600.0,90_kg,Wholesale,FEWS NET Kenya wholesale API (https://fdw.fews.net/api/marketpricefacts.csv?country=KE&price_type=Wholesale)
2024-08-31,Kisumu,Maize Grain (White),3780.0,90_kg,Wholesale,FEWS NET Kenya wholesale API (https://fdw.fews.net/api/marketpricefacts.csv?country=KE&price_type=Wholesale)
2024-08-31,Kisumu,Potato (White),9240.0,110_kg,Wholesale,FEWS NET Kenya wholesale API (https://fdw.fews.net/api/marketpricefacts.csv?country=KE&price_type=Wholesale)
2024-08-31,Nairobi,Beans (Rosecoco),12150.0,90_kg,Wholesale,FEWS NET Kenya wholesale API (https://fdw.fews.net/api/marketpricefacts.csv?country=KE&price_type=Wholesale)
2024-08-31,Nairobi,Maize Grain (White),3870.0,90_kg,Wholesale,FEWS NET Kenya wholesale API (https://fdw.fews.net/api/marketpricefacts.csv?country=KE&price_type=Wholesale)
2024-08-31,Nairobi,Potato (White),6600.0,110_kg,Wholesale,FEWS NET Kenya wholesale API (https://fdw.fews.net/api/marketpricefacts.csv?country=KE&price_type=Wholesale)
2024-08-31,Nairobi,Sorghum (Red),6300.0,90_kg,Wholesale,FEWS NET Kenya wholesale API (https://fdw.fews.net/api/marketpricefacts.csv?country=KE&price_type=Wholesale)
2024-09-01,Eldoret,Beans (Yellow-Green),166.666667,Kg,Wholesale,KAMIS public market search; monthly arithmetic mean of observed market records (https://kamis.kilimo.go.ke/site/market_search)
2024-09-01,Eldoret,Beans Rosecoco,150.0,Kg,Wholesale,KAMIS public market search; monthly arithmetic mean of observed market records (https://kamis.kilimo.go.ke/site/market_search)
2024-09-01,Eldoret,Dry Maize,40.625,Kg,Wholesale,KAMIS public market search; monthly arithmetic mean of observed market records (https://kamis.kilimo.go.ke/site/market_search)
2024-09-01,Eldoret,Red Sorghum,95.0,Kg,Wholesale,KAMIS public market search; monthly arithmetic mean of observed market records (https://kamis.kilimo.go.ke/site/market_search)
2024-09-01,Eldoret,White Irish Potatoes,58.0,Kg,Wholesale,KAMIS public market search; monthly arithmetic mean of observed market records (https://kamis.kilimo.go.ke/site/market_search)
2024-09-01,Kisumu,Beans (Mwezi Moja),125.833333,Kg,Wholesale,KAMIS public market search; monthly arithmetic mean of observed market records (https://kamis.kilimo.go.ke/site/market_search)
2024-09-01,Kisumu,Beans (Yellow-Green),177.857143,Kg,Wholesale,KAMIS public market search; monthly arithmetic mean of observed market records (https://kamis.kilimo.go.ke/site/market_search)
2024-09-01,Kisumu,Beans Red Haricot (Wairimu),140.0,Kg,Wholesale,KAMIS public market search; monthly arithmetic mean of observed market records (https://kamis.kilimo.go.ke/site/market_search)
2024-09-01,Kisumu,Beans Rosecoco,136.666667,Kg,Wholesale,KAMIS public market search; monthly arithmetic mean of observed market records (https://kamis.kilimo.go.ke/site/market_search)
2024-09-01,Kisumu,Dry Maize,43.590769,Kg,Wholesale,KAMIS public market search; monthly arithmetic mean of observed market records (https://kamis.kilimo.go.ke/site/market_search)
2024-09-01,Kisumu,Red Irish potato,100.0,Kg,Wholesale,KAMIS public market search; monthly arithmetic mean of observed market records (https://kamis.kilimo.go.ke/site/market_search)
2024-09-01,Kisumu,Red Sorghum,48.333333,Kg,Wholesale,KAMIS public market search; monthly arithmetic mean of observed market records (https://kamis.kilimo.go.ke/site/market_search)
2024-09-01,Kisumu,White Irish Potatoes,85.55375,Kg,Wholesale,KAMIS public market search; monthly arithmetic mean of observed market records (https://kamis.kilimo.go.ke/site/market_search)
2024-09-01,Nairobi,Beans (Mwitemania),89.899091,Kg,Wholesale,KAMIS public market search; monthly arithmetic mean of observed market records (https://kamis.kilimo.go.ke/site/market_search)
2024-09-01,Nairobi,Beans (Yellow-Green),137.987714,Kg,Wholesale,KAMIS public market search; monthly arithmetic mean of observed market records (https://kamis.kilimo.go.ke/site/market_search)
2024-09-01,Nairobi,Beans Red Haricot (Wairimu),94.510588,Kg,Wholesale,KAMIS public market search; monthly arithmetic mean of observed market records (https://kamis.kilimo.go.ke/site/market_search)
2024-09-01,Nairobi,Beans Rosecoco,139.083824,Kg,Wholesale,KAMIS public market search; monthly arithmetic mean of observed market records (https://kamis.kilimo.go.ke/site/market_search)
2024-09-01,Nairobi,Dry Maize,41.1225,Kg,Wholesale,KAMIS public market search; monthly arithmetic mean of observed market records (https://kamis.kilimo.go.ke/site/market_search)
2024-09-01,Nairobi,Red Irish potato,75.28,Kg,Wholesale,KAMIS public market search; monthly arithmetic mean of observed market records (https://kamis.kilimo.go.ke/site/market_search)
2024-09-01,Nairobi,Red Sorghum,71.793448,Kg,Wholesale,KAMIS public market search; monthly arithmetic mean of observed market records (https://kamis.kilimo.go.ke/site/market_search)
2024-09-01,Nairobi,White Irish Potatoes,48.3325,Kg,Wholesale,KAMIS public market search; monthly arithmetic mean of observed market records (https://kamis.kilimo.go.ke/site/market_search)
2024-09-30,Eldoret,Beans (Rosecoco),13500.0,90_kg,Wholesale,FEWS NET Kenya wholesale API (https://fdw.fews.net/api/marketpricefacts.csv?country=KE&price_type=Wholesale)
2024-09-30,Eldoret,Maize Grain (White),3690.0,90_kg,Wholesale,FEWS NET Kenya wholesale API (https://fdw.fews.net/api/marketpricefacts.csv?country=KE&price_type=Wholesale)
2024-09-30,Eldoret,Potato (White),6380.0,110_kg,Wholesale,FEWS NET Kenya wholesale API (https://fdw.fews.net/api/marketpricefacts.csv?country=KE&price_type=Wholesale)
2024-09-30,Kisumu,Beans (Rosecoco),13500.0,90_kg,Wholesale,FEWS NET Kenya wholesale API (https://fdw.fews.net/api/marketpricefacts.csv?country=KE&price_type=Wholesale)
2024-09-30,Kisumu,Maize Grain (White),3510.0,90_kg,Wholesale,FEWS NET Kenya wholesale API (https://fdw.fews.net/api/marketpricefacts.csv?country=KE&price_type=Wholesale)
2024-09-30,Kisumu,Potato (White),10120.0,110_kg,Wholesale,FEWS NET Kenya wholesale API (https://fdw.fews.net/api/marketpricefacts.csv?country=KE&price_type=Wholesale)
2024-09-30,Nairobi,Beans (Rosecoco),12510.0,90_kg,Wholesale,FEWS NET Kenya wholesale API (https://fdw.fews.net/api/marketpricefacts.csv?country=KE&price_type=Wholesale)
2024-09-30,Nairobi,Maize Grain (White),3690.0,90_kg,Wholesale,FEWS NET Kenya wholesale API (https://fdw.fews.net/api/marketpricefacts.csv?country=KE&price_type=Wholesale)
2024-09-30,Nairobi,Potato (White),5280.0,110_kg,Wholesale,FEWS NET Kenya wholesale API (https://fdw.fews.net/api/marketpricefacts.csv?country=KE&price_type=Wholesale)
2024-10-01,Kisumu,Beans (Mwezi Moja),132.5,Kg,Wholesale,KAMIS public market search; monthly arithmetic mean of observed market records (https://kamis.kilimo.go.ke/site/market_search)
2024-10-01,Kisumu,Beans (Yellow-Green),180.0,Kg,Wholesale,KAMIS public market search; monthly arithmetic mean of observed market records (https://kamis.kilimo.go.ke/site/market_search)
2024-10-01,Kisumu,Beans Red Haricot (Wairimu),132.5,Kg,Wholesale,KAMIS public market search; monthly arithmetic mean of observed market records (https://kamis.kilimo.go.ke/site/market_search)
2024-10-01,Kisumu,Beans Rosecoco,146.666667,Kg,Wholesale,KAMIS public market search; monthly arithmetic mean of observed market records (https://kamis.kilimo.go.ke/site/market_search)
2024-10-01,Kisumu,Dry Maize,41.666667,Kg,Wholesale,KAMIS public market search; monthly arithmetic mean of observed market records (https://kamis.kilimo.go.ke/site/market_search)
2024-10-01,Kisumu,Red Irish potato,100.0,Kg,Wholesale,KAMIS public market search; monthly arithmetic mean of observed market records (https://kamis.kilimo.go.ke/site/market_search)
2024-10-01,Kisumu,Red Sorghum,48.335,Kg,Wholesale,KAMIS public market search; monthly arithmetic mean of observed market records (https://kamis.kilimo.go.ke/site/market_search)
2024-10-01,Kisumu,White Irish Potatoes,62.5,Kg,Wholesale,KAMIS public market search; monthly arithmetic mean of observed market records (https://kamis.kilimo.go.ke/site/market_search)
2024-10-01,Nairobi,Beans (Mwitemania),87.587143,Kg,Wholesale,KAMIS public market search; monthly arithmetic mean of observed market records (https://kamis.kilimo.go.ke/site/market_search)
2024-10-01,Nairobi,Beans (Yellow-Green),138.717273,Kg,Wholesale,KAMIS public market search; monthly arithmetic mean of observed market records (https://kamis.kilimo.go.ke/site/market_search)
2024-10-01,Nairobi,Beans Red Haricot (Wairimu),83.737273,Kg,Wholesale,KAMIS public market search; monthly arithmetic mean of observed market records (https://kamis.kilimo.go.ke/site/market_search)
2024-10-01,Nairobi,Beans Rosecoco,136.544545,Kg,Wholesale,KAMIS public market search; monthly arithmetic mean of observed market records (https://kamis.kilimo.go.ke/site/market_search)
2024-10-01,Nairobi,Dry Maize,255.228824,Kg,Wholesale,KAMIS public market search; monthly arithmetic mean of observed market records (https://kamis.kilimo.go.ke/site/market_search)
2024-10-01,Nairobi,Red Sorghum,71.945,Kg,Wholesale,KAMIS public market search; monthly arithmetic mean of observed market records (https://kamis.kilimo.go.ke/site/market_search)
2024-10-01,Nairobi,White Irish Potatoes,45.926667,Kg,Wholesale,KAMIS public market search; monthly arithmetic mean of observed market records (https://kamis.kilimo.go.ke/site/market_search)
2024-10-31,Kisumu,Beans (Rosecoco),13320.0,90_kg,Wholesale,FEWS NET Kenya wholesale API (https://fdw.fews.net/api/marketpricefacts.csv?country=KE&price_type=Wholesale)
2024-10-31,Kisumu,Maize Grain (White),3600.0,90_kg,Wholesale,FEWS NET Kenya wholesale API (https://fdw.fews.net/api/marketpricefacts.csv?country=KE&price_type=Wholesale)
2024-10-31,Kisumu,Potato (White),8140.0,110_kg,Wholesale,FEWS NET Kenya wholesale API (https://fdw.fews.net/api/marketpricefacts.csv?country=KE&price_type=Wholesale)
2024-10-31,Nairobi,Beans (Rosecoco),12690.0,90_kg,Wholesale,FEWS NET Kenya wholesale API (https://fdw.fews.net/api/marketpricefacts.csv?country=KE&price_type=Wholesale)
2024-10-31,Nairobi,Maize Grain (White),3690.0,90_kg,Wholesale,FEWS NET Kenya wholesale API (https://fdw.fews.net/api/marketpricefacts.csv?country=KE&price_type=Wholesale)
2024-10-31,Nairobi,Potato (White),5830.0,110_kg,Wholesale,FEWS NET Kenya wholesale API (https://fdw.fews.net/api/marketpricefacts.csv?country=KE&price_type=Wholesale)
2024-11-01,Nairobi,Beans (Canadian wonder),105.56,Kg,Wholesale,KAMIS public market search; monthly arithmetic mean of observed market records (https://kamis.kilimo.go.ke/site/market_search)
2024-11-01,Nairobi,Beans (Yellow-Green),122.593333,Kg,Wholesale,KAMIS public market search; monthly arithmetic mean of observed market records (https://kamis.kilimo.go.ke/site/market_search)
2024-11-01,Nairobi,Beans Red Haricot (Wairimu),76.67,Kg,Wholesale,KAMIS public market search; monthly arithmetic mean of observed market records (https://kamis.kilimo.go.ke/site/market_search)
2024-11-01,Nairobi,Dry Maize,37.41,Kg,Wholesale,KAMIS public market search; monthly arithmetic mean of observed market records (https://kamis.kilimo.go.ke/site/market_search)
2024-11-01,Nairobi,White Irish Potatoes,75.0,Kg,Wholesale,KAMIS public market search; monthly arithmetic mean of observed market records (https://kamis.kilimo.go.ke/site/market_search)
2024-11-30,Kisumu,Beans (Rosecoco),14310.0,90_kg,Wholesale,FEWS NET Kenya wholesale API (https://fdw.fews.net/api/marketpricefacts.csv?country=KE&price_type=Wholesale)
2024-11-30,Kisumu,Maize Grain (White),3960.0,90_kg,Wholesale,FEWS NET Kenya wholesale API (https://fdw.fews.net/api/marketpricefacts.csv?country=KE&price_type=Wholesale)
2024-11-30,Kisumu,Potato (White),8800.0,110_kg,Wholesale,FEWS NET Kenya wholesale API (https://fdw.fews.net/api/marketpricefacts.csv?country=KE&price_type=Wholesale)
2024-11-30,Nairobi,Beans (Rosecoco),11610.0,90_kg,Wholesale,FEWS NET Kenya wholesale API (https://fdw.fews.net/api/marketpricefacts.csv?country=KE&price_type=Wholesale)
2024-11-30,Nairobi,Maize Grain (White),3780.0,90_kg,Wholesale,FEWS NET Kenya wholesale API (https://fdw.fews.net/api/marketpricefacts.csv?country=KE&price_type=Wholesale)
2024-11-30,Nairobi,Potato (White),8140.0,110_kg,Wholesale,FEWS NET Kenya wholesale API (https://fdw.fews.net/api/marketpricefacts.csv?country=KE&price_type=Wholesale)
2024-12-31,Kisumu,Beans (Rosecoco),12420.0,90_kg,Wholesale,FEWS NET Kenya wholesale API (https://fdw.fews.net/api/marketpricefacts.csv?country=KE&price_type=Wholesale)
2024-12-31,Kisumu,Maize Grain (White),3870.0,90_kg,Wholesale,FEWS NET Kenya wholesale API (https://fdw.fews.net/api/marketpricefacts.csv?country=KE&price_type=Wholesale)
2024-12-31,Kisumu,Potato (White),8690.0,110_kg,Wholesale,FEWS NET Kenya wholesale API (https://fdw.fews.net/api/marketpricefacts.csv?country=KE&price_type=Wholesale)
2024-12-31,Nairobi,Beans (Rosecoco),12240.0,90_kg,Wholesale,FEWS NET Kenya wholesale API (https://fdw.fews.net/api/marketpricefacts.csv?country=KE&price_type=Wholesale)
2024-12-31,Nairobi,Maize Grain (White),4050.0,90_kg,Wholesale,FEWS NET Kenya wholesale API (https://fdw.fews.net/api/marketpricefacts.csv?country=KE&price_type=Wholesale)
2024-12-31,Nairobi,Potato (White),5610.0,110_kg,Wholesale,FEWS NET Kenya wholesale API (https://fdw.fews.net/api/marketpricefacts.csv?country=KE&price_type=Wholesale)
2025-02-01,Kisumu,Beans (Canadian wonder),140.0,Kg,Wholesale,KAMIS public market search; monthly arithmetic mean of observed market records (https://kamis.kilimo.go.ke/site/market_search)
2025-02-01,Kisumu,Beans (Mwezi Moja),140.0,Kg,Wholesale,KAMIS public market search; monthly arithmetic mean of observed market records (https://kamis.kilimo.go.ke/site/market_search)
2025-02-01,Kisumu,Beans (Yellow-Green),212.5,Kg,Wholesale,KAMIS public market search; monthly arithmetic mean of observed market records (https://kamis.kilimo.go.ke/site/market_search)
2025-02-01,Kisumu,Beans Red Haricot (Wairimu),138.333333,Kg,Wholesale,KAMIS public market search; monthly arithmetic mean of observed market records (https://kamis.kilimo.go.ke/site/market_search)
2025-02-01,Kisumu,Beans Rosecoco,140.0,Kg,Wholesale,KAMIS public market search; monthly arithmetic mean of observed market records (https://kamis.kilimo.go.ke/site/market_search)
2025-02-01,Kisumu,Dry Maize,52.5,Kg,Wholesale,KAMIS public market search; monthly arithmetic mean of observed market records (https://kamis.kilimo.go.ke/site/market_search)
2025-02-01,Kisumu,Red Irish potato,50.0,Kg,Wholesale,KAMIS public market search; monthly arithmetic mean of observed market records (https://kamis.kilimo.go.ke/site/market_search)
2025-02-01,Kisumu,Red Sorghum,52.5,Kg,Wholesale,KAMIS public market search; monthly arithmetic mean of observed market records (https://kamis.kilimo.go.ke/site/market_search)
2025-02-01,Nairobi,White Sorghum,60.0,kg,Wholesale,KAMIS public market search; monthly arithmetic mean of observed market records (https://kamis.kilimo.go.ke/site/market_search)
2025-02-28,Kisumu,Beans (Rosecoco),12600.0,90_kg,Wholesale,FEWS NET Kenya wholesale API (https://fdw.fews.net/api/marketpricefacts.csv?country=KE&price_type=Wholesale)
2025-02-28,Nairobi,Sorghum (Red),5400.0,90_kg,Wholesale,FEWS NET Kenya wholesale API (https://fdw.fews.net/api/marketpricefacts.csv?country=KE&price_type=Wholesale)
2025-03-01,Kisumu,Beans (Canadian wonder),167.5,Kg,Wholesale,KAMIS public market search; monthly arithmetic mean of observed market records (https://kamis.kilimo.go.ke/site/market_search)
2025-03-01,Kisumu,Beans (Mwezi Moja),160.0,Kg,Wholesale,KAMIS public market search; monthly arithmetic mean of observed market records (https://kamis.kilimo.go.ke/site/market_search)
2025-03-01,Kisumu,Beans (Mwitemania),175.0,Kg,Wholesale,KAMIS public market search; monthly arithmetic mean of observed market records (https://kamis.kilimo.go.ke/site/market_search)
2025-03-01,Kisumu,Beans (Yellow-Green),220.0,Kg,Wholesale,KAMIS public market search; monthly arithmetic mean of observed market records (https://kamis.kilimo.go.ke/site/market_search)
2025-03-01,Kisumu,Beans Red Haricot (Wairimu),150.0,Kg,Wholesale,KAMIS public market search; monthly arithmetic mean of observed market records (https://kamis.kilimo.go.ke/site/market_search)
2025-03-01,Kisumu,Beans Rosecoco,160.0,Kg,Wholesale,KAMIS public market search; monthly arithmetic mean of observed market records (https://kamis.kilimo.go.ke/site/market_search)
2025-03-01,Kisumu,Dry Maize,62.5,Kg,Wholesale,KAMIS public market search; monthly arithmetic mean of observed market records (https://kamis.kilimo.go.ke/site/market_search)
2025-03-01,Kisumu,Red Sorghum,67.5,Kg,Wholesale,KAMIS public market search; monthly arithmetic mean of observed market records (https://kamis.kilimo.go.ke/site/market_search)
2025-03-01,Kisumu,White Irish Potatoes,50.0,Kg,Wholesale,KAMIS public market search; monthly arithmetic mean of observed market records (https://kamis.kilimo.go.ke/site/market_search)
2025-03-01,Kisumu,White Sorghum,65.0,kg,Wholesale,KAMIS public market search; monthly arithmetic mean of observed market records (https://kamis.kilimo.go.ke/site/market_search)
2025-04-01,Kisumu,Beans (Canadian wonder),163.333333,Kg,Wholesale,KAMIS public market search; monthly arithmetic mean of observed market records (https://kamis.kilimo.go.ke/site/market_search)
2025-04-01,Kisumu,Beans (Mwezi Moja),165.0,Kg,Wholesale,KAMIS public market search; monthly arithmetic mean of observed market records (https://kamis.kilimo.go.ke/site/market_search)
2025-04-01,Kisumu,Beans (Yellow-Green),210.0,Kg,Wholesale,KAMIS public market search; monthly arithmetic mean of observed market records (https://kamis.kilimo.go.ke/site/market_search)
2025-04-01,Kisumu,Beans Red Haricot (Wairimu),160.0,Kg,Wholesale,KAMIS public market search; monthly arithmetic mean of observed market records (https://kamis.kilimo.go.ke/site/market_search)
2025-04-01,Kisumu,Beans Rosecoco,166.666667,Kg,Wholesale,KAMIS public market search; monthly arithmetic mean of observed market records (https://kamis.kilimo.go.ke/site/market_search)
2025-04-01,Kisumu,Dry Maize,60.0,Kg,Wholesale,KAMIS public market search; monthly arithmetic mean of observed market records (https://kamis.kilimo.go.ke/site/market_search)
2025-04-01,Kisumu,Red Irish potato,50.0,Kg,Wholesale,KAMIS public market search; monthly arithmetic mean of observed market records (https://kamis.kilimo.go.ke/site/market_search)
2025-04-01,Kisumu,Red Sorghum,92.5,Kg,Wholesale,KAMIS public market search; monthly arithmetic mean of observed market records (https://kamis.kilimo.go.ke/site/market_search)
2025-04-01,Kisumu,White Sorghum,95.0,kg,Wholesale,KAMIS public market search; monthly arithmetic mean of observed market records (https://kamis.kilimo.go.ke/site/market_search)
2025-05-01,Eldoret,Beans (Mwitemania),175.0,Kg,Wholesale,KAMIS public market search; monthly arithmetic mean of observed market records (https://kamis.kilimo.go.ke/site/market_search)
2025-05-01,Eldoret,Beans (Yellow-Green),175.0,Kg,Wholesale,KAMIS public market search; monthly arithmetic mean of observed market records (https://kamis.kilimo.go.ke/site/market_search)
2025-05-01,Eldoret,Dry Maize,55.0,Kg,Wholesale,KAMIS public market search; monthly arithmetic mean of observed market records (https://kamis.kilimo.go.ke/site/market_search)
2025-05-01,Eldoret,Red Sorghum,130.0,Kg,Wholesale,KAMIS public market search; monthly arithmetic mean of observed market records (https://kamis.kilimo.go.ke/site/market_search)
2025-05-01,Eldoret,White Irish Potatoes,44.166667,Kg,Wholesale,KAMIS public market search; monthly arithmetic mean of observed market records (https://kamis.kilimo.go.ke/site/market_search)
2025-05-01,Kisumu,Beans (Canadian wonder),145.5625,Kg,Wholesale,KAMIS public market search; monthly arithmetic mean of observed market records (https://kamis.kilimo.go.ke/site/market_search)
2025-05-01,Kisumu,Beans (Mwezi Moja),191.875,Kg,Wholesale,KAMIS public market search; monthly arithmetic mean of observed market records (https://kamis.kilimo.go.ke/site/market_search)
2025-05-01,Kisumu,Beans (Mwitemania),147.333333,Kg,Wholesale,KAMIS public market search; monthly arithmetic mean of observed market records (https://kamis.kilimo.go.ke/site/market_search)
2025-05-01,Kisumu,Beans (Yellow-Green),190.818182,Kg,Wholesale,KAMIS public market search; monthly arithmetic mean of observed market records (https://kamis.kilimo.go.ke/site/market_search)
2025-05-01,Kisumu,Beans Red Haricot (Wairimu),152.857143,Kg,Wholesale,KAMIS public market search; monthly arithmetic mean of observed market records (https://kamis.kilimo.go.ke/site/market_search)
2025-05-01,Kisumu,Beans Rosecoco,177.142857,Kg,Wholesale,KAMIS public market search; monthly arithmetic mean of observed market records (https://kamis.kilimo.go.ke/site/market_search)
2025-05-01,Kisumu,Dry Maize,59.036667,Kg,Wholesale,KAMIS public market search; monthly arithmetic mean of observed market records (https://kamis.kilimo.go.ke/site/market_search)
2025-05-01,Kisumu,Red Irish potato,50.0,Kg,Wholesale,KAMIS public market search; monthly arithmetic mean of observed market records (https://kamis.kilimo.go.ke/site/market_search)
2025-05-01,Kisumu,Red Sorghum,78.444,Kg,Wholesale,KAMIS public market search; monthly arithmetic mean of observed market records (https://kamis.kilimo.go.ke/site/market_search)
2025-05-01,Kisumu,White Irish Potatoes,83.5,Kg,Wholesale,KAMIS public market search; monthly arithmetic mean of observed market records (https://kamis.kilimo.go.ke/site/market_search)
2025-05-01,Kisumu,White Sorghum,72.888,kg,Wholesale,KAMIS public market search; monthly arithmetic mean of observed market records (https://kamis.kilimo.go.ke/site/market_search)
2025-05-01,Nairobi,Beans (Canadian wonder),113.335,Kg,Wholesale,KAMIS public market search; monthly arithmetic mean of observed market records (https://kamis.kilimo.go.ke/site/market_search)
2025-05-01,Nairobi,Beans (Mwitemania),113.714375,Kg,Wholesale,KAMIS public market search; monthly arithmetic mean of observed market records (https://kamis.kilimo.go.ke/site/market_search)
2025-05-01,Nairobi,Beans (Yellow-Green),144.775517,Kg,Wholesale,KAMIS public market search; monthly arithmetic mean of observed market records (https://kamis.kilimo.go.ke/site/market_search)
2025-05-01,Nairobi,Beans Red Haricot (Wairimu),93.667667,Kg,Wholesale,KAMIS public market search; monthly arithmetic mean of observed market records (https://kamis.kilimo.go.ke/site/market_search)
2025-05-01,Nairobi,Beans Rosecoco,127.70875,Kg,Wholesale,KAMIS public market search; monthly arithmetic mean of observed market records (https://kamis.kilimo.go.ke/site/market_search)
2025-05-01,Nairobi,Dry Maize,60.473235,Kg,Wholesale,KAMIS public market search; monthly arithmetic mean of observed market records (https://kamis.kilimo.go.ke/site/market_search)
2025-05-01,Nairobi,Red Sorghum,71.738696,Kg,Wholesale,KAMIS public market search; monthly arithmetic mean of observed market records (https://kamis.kilimo.go.ke/site/market_search)
2025-05-01,Nairobi,White Irish Potatoes,44.213333,Kg,Wholesale,KAMIS public market search; monthly arithmetic mean of observed market records (https://kamis.kilimo.go.ke/site/market_search)
2025-05-31,Eldoret,Maize Grain (White),4950.0,90_kg,Wholesale,FEWS NET Kenya wholesale API (https://fdw.fews.net/api/marketpricefacts.csv?country=KE&price_type=Wholesale)
2025-05-31,Eldoret,Potato (White),4840.0,110_kg,Wholesale,FEWS NET Kenya wholesale API (https://fdw.fews.net/api/marketpricefacts.csv?country=KE&price_type=Wholesale)
2025-05-31,Kisumu,Beans (Rosecoco),14220.0,90_kg,Wholesale,FEWS NET Kenya wholesale API (https://fdw.fews.net/api/marketpricefacts.csv?country=KE&price_type=Wholesale)
2025-05-31,Kisumu,Maize Grain (White),5400.0,90_kg,Wholesale,FEWS NET Kenya wholesale API (https://fdw.fews.net/api/marketpricefacts.csv?country=KE&price_type=Wholesale)
2025-05-31,Kisumu,Potato (White),10670.0,110_kg,Wholesale,FEWS NET Kenya wholesale API (https://fdw.fews.net/api/marketpricefacts.csv?country=KE&price_type=Wholesale)
2025-05-31,Kisumu,Sorghum (Red),6570.0,90_kg,Wholesale,FEWS NET Kenya wholesale API (https://fdw.fews.net/api/marketpricefacts.csv?country=KE&price_type=Wholesale)
2025-05-31,Nairobi,Beans (Rosecoco),11520.0,90_kg,Wholesale,FEWS NET Kenya wholesale API (https://fdw.fews.net/api/marketpricefacts.csv?country=KE&price_type=Wholesale)
2025-05-31,Nairobi,Maize Grain (White),4950.0,90_kg,Wholesale,FEWS NET Kenya wholesale API (https://fdw.fews.net/api/marketpricefacts.csv?country=KE&price_type=Wholesale)
2025-05-31,Nairobi,Potato (White),4840.0,110_kg,Wholesale,FEWS NET Kenya wholesale API (https://fdw.fews.net/api/marketpricefacts.csv?country=KE&price_type=Wholesale)
2025-06-01,Eldoret,Beans (Yellow-Green),177.5,Kg,Wholesale,KAMIS public market search; monthly arithmetic mean of observed market records (https://kamis.kilimo.go.ke/site/market_search)
2025-06-01,Eldoret,Beans Rosecoco,175.0,Kg,Wholesale,KAMIS public market search; monthly arithmetic mean of observed market records (https://kamis.kilimo.go.ke/site/market_search)
2025-06-01,Eldoret,Dry Maize,62.5,Kg,Wholesale,KAMIS public market search; monthly arithmetic mean of observed market records (https://kamis.kilimo.go.ke/site/market_search)
2025-06-01,Eldoret,White Irish Potatoes,48.333333,Kg,Wholesale,KAMIS public market search; monthly arithmetic mean of observed market records (https://kamis.kilimo.go.ke/site/market_search)
2025-06-01,Kisumu,Beans (Canadian wonder),144.5,Kg,Wholesale,KAMIS public market search; monthly arithmetic mean of observed market records (https://kamis.kilimo.go.ke/site/market_search)
2025-06-01,Kisumu,Beans (Mwezi Moja),143.0,Kg,Wholesale,KAMIS public market search; monthly arithmetic mean of observed market records (https://kamis.kilimo.go.ke/site/market_search)
2025-06-01,Kisumu,Beans (Mwitemania),120.0,Kg,Wholesale,KAMIS public market search; monthly arithmetic mean of observed market records (https://kamis.kilimo.go.ke/site/market_search)
2025-06-01,Kisumu,Beans (Yellow-Green),182.727273,Kg,Wholesale,KAMIS public market search; monthly arithmetic mean of observed market records (https://kamis.kilimo.go.ke/site/market_search)
2025-06-01,Kisumu,Beans Red Haricot (Wairimu),139.0,Kg,Wholesale,KAMIS public market search; monthly arithmetic mean of observed market records (https://kamis.kilimo.go.ke/site/market_search)
2025-06-01,Kisumu,Beans Rosecoco,168.0,Kg,Wholesale,KAMIS public market search; monthly arithmetic mean of observed market records (https://kamis.kilimo.go.ke/site/market_search)
2025-06-01,Kisumu,Dry Maize,58.313333,Kg,Wholesale,KAMIS public market search; monthly arithmetic mean of observed market records (https://kamis.kilimo.go.ke/site/market_search)
2025-06-01,Kisumu,Red Irish potato,50.0,Kg,Wholesale,KAMIS public market search; monthly arithmetic mean of observed market records (https://kamis.kilimo.go.ke/site/market_search)
2025-06-01,Kisumu,Red Sorghum,76.344,Kg,Wholesale,KAMIS public market search; monthly arithmetic mean of observed market records (https://kamis.kilimo.go.ke/site/market_search)
2025-06-01,Kisumu,White Irish Potatoes,80.0,Kg,Wholesale,KAMIS public market search; monthly arithmetic mean of observed market records (https://kamis.kilimo.go.ke/site/market_search)
2025-06-01,Kisumu,White Sorghum,100.444,kg,Wholesale,KAMIS public market search; monthly arithmetic mean of observed market records (https://kamis.kilimo.go.ke/site/market_search)
2025-06-01,Nairobi,Beans (Mwitemania),116.3865,Kg,Wholesale,KAMIS public market search; monthly arithmetic mean of observed market records (https://kamis.kilimo.go.ke/site/market_search)
2025-06-01,Nairobi,Beans (Yellow-Green),134.431667,Kg,Wholesale,KAMIS public market search; monthly arithmetic mean of observed market records (https://kamis.kilimo.go.ke/site/market_search)
2025-06-01,Nairobi,Beans Red Haricot (Wairimu),90.228718,Kg,Wholesale,KAMIS public market search; monthly arithmetic mean of observed market records (https://kamis.kilimo.go.ke/site/market_search)
2025-06-01,Nairobi,Beans Rosecoco,122.98625,Kg,Wholesale,KAMIS public market search; monthly arithmetic mean of observed market records (https://kamis.kilimo.go.ke/site/market_search)
2025-06-01,Nairobi,Dry Maize,62.450816,Kg,Wholesale,KAMIS public market search; monthly arithmetic mean of observed market records (https://kamis.kilimo.go.ke/site/market_search)
2025-06-01,Nairobi,Red Sorghum,74.869412,Kg,Wholesale,KAMIS public market search; monthly arithmetic mean of observed market records (https://kamis.kilimo.go.ke/site/market_search)
2025-06-01,Nairobi,White Irish Potatoes,39.78,Kg,Wholesale,KAMIS public market search; monthly arithmetic mean of observed market records (https://kamis.kilimo.go.ke/site/market_search)
2025-06-30,Eldoret,Beans (Rosecoco),15750.0,90_kg,Wholesale,FEWS NET Kenya wholesale API (https://fdw.fews.net/api/marketpricefacts.csv?country=KE&price_type=Wholesale)
2025-06-30,Eldoret,Maize Grain (White),5670.0,90_kg,Wholesale,FEWS NET Kenya wholesale API (https://fdw.fews.net/api/marketpricefacts.csv?country=KE&price_type=Wholesale)
2025-06-30,Eldoret,Potato (White),5280.0,110_kg,Wholesale,FEWS NET Kenya wholesale API (https://fdw.fews.net/api/marketpricefacts.csv?country=KE&price_type=Wholesale)
2025-06-30,Kisumu,Beans (Rosecoco),15120.0,90_kg,Wholesale,FEWS NET Kenya wholesale API (https://fdw.fews.net/api/marketpricefacts.csv?country=KE&price_type=Wholesale)
2025-06-30,Kisumu,Maize Grain (White),5220.0,90_kg,Wholesale,FEWS NET Kenya wholesale API (https://fdw.fews.net/api/marketpricefacts.csv?country=KE&price_type=Wholesale)
2025-06-30,Kisumu,Potato (White),8800.0,110_kg,Wholesale,FEWS NET Kenya wholesale API (https://fdw.fews.net/api/marketpricefacts.csv?country=KE&price_type=Wholesale)
2025-06-30,Kisumu,Sorghum (Red),9000.0,90_kg,Wholesale,FEWS NET Kenya wholesale API (https://fdw.fews.net/api/marketpricefacts.csv?country=KE&price_type=Wholesale)
2025-06-30,Nairobi,Beans (Rosecoco),11070.0,90_kg,Wholesale,FEWS NET Kenya wholesale API (https://fdw.fews.net/api/marketpricefacts.csv?country=KE&price_type=Wholesale)
2025-06-30,Nairobi,Maize Grain (White),5040.0,90_kg,Wholesale,FEWS NET Kenya wholesale API (https://fdw.fews.net/api/marketpricefacts.csv?country=KE&price_type=Wholesale)
2025-06-30,Nairobi,Potato (White),4400.0,110_kg,Wholesale,FEWS NET Kenya wholesale API (https://fdw.fews.net/api/marketpricefacts.csv?country=KE&price_type=Wholesale)
2025-07-01,Kisumu,Beans (Canadian wonder),145.932174,Kg,Wholesale,KAMIS public market search; monthly arithmetic mean of observed market records (https://kamis.kilimo.go.ke/site/market_search)
2025-07-01,Kisumu,Beans (Mwezi Moja),130.583333,Kg,Wholesale,KAMIS public market search; monthly arithmetic mean of observed market records (https://kamis.kilimo.go.ke/site/market_search)
2025-07-01,Kisumu,Beans (Mwitemania),100.0,Kg,Wholesale,KAMIS public market search; monthly arithmetic mean of observed market records (https://kamis.kilimo.go.ke/site/market_search)
2025-07-01,Kisumu,Beans (Yellow-Green),183.75,Kg,Wholesale,KAMIS public market search; monthly arithmetic mean of observed market records (https://kamis.kilimo.go.ke/site/market_search)
2025-07-01,Kisumu,Beans Red Haricot (Wairimu),137.0,Kg,Wholesale,KAMIS public market search; monthly arithmetic mean of observed market records (https://kamis.kilimo.go.ke/site/market_search)
2025-07-01,Kisumu,Beans Rosecoco,161.363636,Kg,Wholesale,KAMIS public market search; monthly arithmetic mean of observed market records (https://kamis.kilimo.go.ke/site/market_search)
2025-07-01,Kisumu,Dry Maize,52.586842,Kg,Wholesale,KAMIS public market search; monthly arithmetic mean of observed market records (https://kamis.kilimo.go.ke/site/market_search)
2025-07-01,Kisumu,Red Irish potato,50.0,Kg,Wholesale,KAMIS public market search; monthly arithmetic mean of observed market records (https://kamis.kilimo.go.ke/site/market_search)
2025-07-01,Kisumu,Red Sorghum,70.185,Kg,Wholesale,KAMIS public market search; monthly arithmetic mean of observed market records (https://kamis.kilimo.go.ke/site/market_search)
2025-07-01,Kisumu,White Irish Potatoes,54.886364,Kg,Wholesale,KAMIS public market search; monthly arithmetic mean of observed market records (https://kamis.kilimo.go.ke/site/market_search)
2025-07-01,Kisumu,White Sorghum,74.305,kg,Wholesale,KAMIS public market search; monthly arithmetic mean of observed market records (https://kamis.kilimo.go.ke/site/market_search)
2025-07-01,Nairobi,Beans (Canadian wonder),103.333333,Kg,Wholesale,KAMIS public market search; monthly arithmetic mean of observed market records (https://kamis.kilimo.go.ke/site/market_search)
2025-07-01,Nairobi,Beans (Mwitemania),116.612683,Kg,Wholesale,KAMIS public market search; monthly arithmetic mean of observed market records (https://kamis.kilimo.go.ke/site/market_search)
2025-07-01,Nairobi,Beans (Yellow-Green),123.730128,Kg,Wholesale,KAMIS public market search; monthly arithmetic mean of observed market records (https://kamis.kilimo.go.ke/site/market_search)
2025-07-01,Nairobi,Beans Red Haricot (Wairimu),88.507031,Kg,Wholesale,KAMIS public market search; monthly arithmetic mean of observed market records (https://kamis.kilimo.go.ke/site/market_search)
2025-07-01,Nairobi,Beans Rosecoco,119.338571,Kg,Wholesale,KAMIS public market search; monthly arithmetic mean of observed market records (https://kamis.kilimo.go.ke/site/market_search)
2025-07-01,Nairobi,Dry Maize,60.470122,Kg,Wholesale,KAMIS public market search; monthly arithmetic mean of observed market records (https://kamis.kilimo.go.ke/site/market_search)
2025-07-01,Nairobi,Red Sorghum,74.620909,Kg,Wholesale,KAMIS public market search; monthly arithmetic mean of observed market records (https://kamis.kilimo.go.ke/site/market_search)
2025-07-31,Kisumu,Beans (Rosecoco),12600.0,90_kg,Wholesale,FEWS NET Kenya wholesale API (https://fdw.fews.net/api/marketpricefacts.csv?country=KE&price_type=Wholesale)
2025-07-31,Kisumu,Maize Grain (White),4860.0,90_kg,Wholesale,FEWS NET Kenya wholesale API (https://fdw.fews.net/api/marketpricefacts.csv?country=KE&price_type=Wholesale)
2025-07-31,Kisumu,Potato (White),5940.0,110_kg,Wholesale,FEWS NET Kenya wholesale API (https://fdw.fews.net/api/marketpricefacts.csv?country=KE&price_type=Wholesale)
2025-07-31,Nairobi,Beans (Rosecoco),10710.0,90_kg,Wholesale,FEWS NET Kenya wholesale API (https://fdw.fews.net/api/marketpricefacts.csv?country=KE&price_type=Wholesale)
2025-07-31,Nairobi,Maize Grain (White),4860.0,90_kg,Wholesale,FEWS NET Kenya wholesale API (https://fdw.fews.net/api/marketpricefacts.csv?country=KE&price_type=Wholesale)
2025-08-01,Kisumu,Beans (Canadian wonder),127.83625,Kg,Wholesale,KAMIS public market search; monthly arithmetic mean of observed market records (https://kamis.kilimo.go.ke/site/market_search)
2025-08-01,Kisumu,Beans (Mwezi Moja),114.448,Kg,Wholesale,KAMIS public market search; monthly arithmetic mean of observed market records (https://kamis.kilimo.go.ke/site/market_search)
2025-08-01,Kisumu,Beans (Mwitemania),125.0,Kg,Wholesale,KAMIS public market search; monthly arithmetic mean of observed market records (https://kamis.kilimo.go.ke/site/market_search)
2025-08-01,Kisumu,Beans (Yellow-Green),173.670909,Kg,Wholesale,KAMIS public market search; monthly arithmetic mean of observed market records (https://kamis.kilimo.go.ke/site/market_search)
2025-08-01,Kisumu,Beans Red Haricot (Wairimu),145.833333,Kg,Wholesale,KAMIS public market search; monthly arithmetic mean of observed market records (https://kamis.kilimo.go.ke/site/market_search)
2025-08-01,Kisumu,Beans Rosecoco,153.042222,Kg,Wholesale,KAMIS public market search; monthly arithmetic mean of observed market records (https://kamis.kilimo.go.ke/site/market_search)
2025-08-01,Kisumu,Dry Maize,48.428462,Kg,Wholesale,KAMIS public market search; monthly arithmetic mean of observed market records (https://kamis.kilimo.go.ke/site/market_search)
2025-08-01,Kisumu,Red Irish potato,50.0,Kg,Wholesale,KAMIS public market search; monthly arithmetic mean of observed market records (https://kamis.kilimo.go.ke/site/market_search)
2025-08-01,Kisumu,Red Sorghum,60.714286,Kg,Wholesale,KAMIS public market search; monthly arithmetic mean of observed market records (https://kamis.kilimo.go.ke/site/market_search)
2025-08-01,Kisumu,White Irish Potatoes,55.666667,Kg,Wholesale,KAMIS public market search; monthly arithmetic mean of observed market records (https://kamis.kilimo.go.ke/site/market_search)
2025-08-01,Kisumu,White Sorghum,60.0,kg,Wholesale,KAMIS public market search; monthly arithmetic mean of observed market records (https://kamis.kilimo.go.ke/site/market_search)
2025-08-01,Nairobi,Beans (Canadian wonder),99.63,Kg,Wholesale,KAMIS public market search; monthly arithmetic mean of observed market records (https://kamis.kilimo.go.ke/site/market_search)
2025-08-01,Nairobi,Beans (Mwitemania),118.333125,Kg,Wholesale,KAMIS public market search; monthly arithmetic mean of observed market records (https://kamis.kilimo.go.ke/site/market_search)
2025-08-01,Nairobi,Beans (Yellow-Green),115.437895,Kg,Wholesale,KAMIS public market search; monthly arithmetic mean of observed market records (https://kamis.kilimo.go.ke/site/market_search)
2025-08-01,Nairobi,Beans Red Haricot (Wairimu),87.293846,Kg,Wholesale,KAMIS public market search; monthly arithmetic mean of observed market records (https://kamis.kilimo.go.ke/site/market_search)
2025-08-01,Nairobi,Beans Rosecoco,714.065263,Kg,Wholesale,KAMIS public market search; monthly arithmetic mean of observed market records (https://kamis.kilimo.go.ke/site/market_search)
2025-08-01,Nairobi,Dry Maize,60.640926,Kg,Wholesale,KAMIS public market search; monthly arithmetic mean of observed market records (https://kamis.kilimo.go.ke/site/market_search)
2025-08-01,Nairobi,Red Sorghum,74.47875,Kg,Wholesale,KAMIS public market search; monthly arithmetic mean of observed market records (https://kamis.kilimo.go.ke/site/market_search)
2025-08-01,Nairobi,White Irish Potatoes,50.0,Kg,Wholesale,KAMIS public market search; monthly arithmetic mean of observed market records (https://kamis.kilimo.go.ke/site/market_search)
2025-08-31,Kisumu,Beans (Rosecoco),17460.0,90_kg,Wholesale,FEWS NET Kenya wholesale API (https://fdw.fews.net/api/marketpricefacts.csv?country=KE&price_type=Wholesale)
2025-08-31,Kisumu,Maize Grain (White),4680.0,90_kg,Wholesale,FEWS NET Kenya wholesale API (https://fdw.fews.net/api/marketpricefacts.csv?country=KE&price_type=Wholesale)
2025-08-31,Kisumu,Potato (White),6490.0,110_kg,Wholesale,FEWS NET Kenya wholesale API (https://fdw.fews.net/api/marketpricefacts.csv?country=KE&price_type=Wholesale)
2025-08-31,Kisumu,Sorghum (Red),6300.0,90_kg,Wholesale,FEWS NET Kenya wholesale API (https://fdw.fews.net/api/marketpricefacts.csv?country=KE&price_type=Wholesale)
2025-08-31,Nairobi,Beans (Rosecoco),10350.0,90_kg,Wholesale,FEWS NET Kenya wholesale API (https://fdw.fews.net/api/marketpricefacts.csv?country=KE&price_type=Wholesale)
2025-08-31,Nairobi,Maize Grain (White),4680.0,90_kg,Wholesale,FEWS NET Kenya wholesale API (https://fdw.fews.net/api/marketpricefacts.csv?country=KE&price_type=Wholesale)
2025-08-31,Nairobi,Potato (White),5500.0,110_kg,Wholesale,FEWS NET Kenya wholesale API (https://fdw.fews.net/api/marketpricefacts.csv?country=KE&price_type=Wholesale)
2025-09-01,Eldoret,Beans (Yellow-Green),175.0,Kg,Wholesale,KAMIS public market search; monthly arithmetic mean of observed market records (https://kamis.kilimo.go.ke/site/market_search)
2025-09-01,Kisumu,Beans (Canadian wonder),138.333333,Kg,Wholesale,KAMIS public market search; monthly arithmetic mean of observed market records (https://kamis.kilimo.go.ke/site/market_search)
2025-09-01,Kisumu,Beans (Mwezi Moja),129.358333,Kg,Wholesale,KAMIS public market search; monthly arithmetic mean of observed market records (https://kamis.kilimo.go.ke/site/market_search)
2025-09-01,Kisumu,Beans (Yellow-Green),175.76,Kg,Wholesale,KAMIS public market search; monthly arithmetic mean of observed market records (https://kamis.kilimo.go.ke/site/market_search)
2025-09-01,Kisumu,Beans Red Haricot (Wairimu),147.0,Kg,Wholesale,KAMIS public market search; monthly arithmetic mean of observed market records (https://kamis.kilimo.go.ke/site/market_search)
2025-09-01,Kisumu,Beans Rosecoco,151.346667,Kg,Wholesale,KAMIS public market search; monthly arithmetic mean of observed market records (https://kamis.kilimo.go.ke/site/market_search)
2025-09-01,Kisumu,Dry Maize,50.091667,Kg,Wholesale,KAMIS public market search; monthly arithmetic mean of observed market records (https://kamis.kilimo.go.ke/site/market_search)
2025-09-01,Kisumu,Red Irish potato,50.0,Kg,Wholesale,KAMIS public market search; monthly arithmetic mean of observed market records (https://kamis.kilimo.go.ke/site/market_search)
2025-09-01,Kisumu,Red Sorghum,64.802222,Kg,Wholesale,KAMIS public market search; monthly arithmetic mean of observed market records (https://kamis.kilimo.go.ke/site/market_search)
2025-09-01,Kisumu,White Irish Potatoes,63.0,Kg,Wholesale,KAMIS public market search; monthly arithmetic mean of observed market records (https://kamis.kilimo.go.ke/site/market_search)
2025-09-01,Kisumu,White Sorghum,76.666667,kg,Wholesale,KAMIS public market search; monthly arithmetic mean of observed market records (https://kamis.kilimo.go.ke/site/market_search)
2025-09-01,Nairobi,Beans (Mwitemania),80.0,Kg,Wholesale,KAMIS public market search; monthly arithmetic mean of observed market records (https://kamis.kilimo.go.ke/site/market_search)
2025-09-01,Nairobi,Beans (Yellow-Green),113.953529,Kg,Wholesale,KAMIS public market search; monthly arithmetic mean of observed market records (https://kamis.kilimo.go.ke/site/market_search)
2025-09-01,Nairobi,Beans Red Haricot (Wairimu),88.105294,Kg,Wholesale,KAMIS public market search; monthly arithmetic mean of observed market records (https://kamis.kilimo.go.ke/site/market_search)
2025-09-01,Nairobi,Beans Rosecoco,105.590909,Kg,Wholesale,KAMIS public market search; monthly arithmetic mean of observed market records (https://kamis.kilimo.go.ke/site/market_search)
2025-09-01,Nairobi,Dry Maize,62.306604,Kg,Wholesale,KAMIS public market search; monthly arithmetic mean of observed market records (https://kamis.kilimo.go.ke/site/market_search)
2025-09-01,Nairobi,Red Sorghum,73.702667,Kg,Wholesale,KAMIS public market search; monthly arithmetic mean of observed market records (https://kamis.kilimo.go.ke/site/market_search)
2025-09-30,Eldoret,Beans (Rosecoco),9500.0,90_kg,Wholesale,FEWS NET Kenya wholesale API (https://fdw.fews.net/api/marketpricefacts.csv?country=KE&price_type=Wholesale)
2025-09-30,Eldoret,Maize Grain (White),3550.0,90_kg,Wholesale,FEWS NET Kenya wholesale API (https://fdw.fews.net/api/marketpricefacts.csv?country=KE&price_type=Wholesale)
2025-09-30,Kisumu,Beans (Rosecoco),13590.0,90_kg,Wholesale,FEWS NET Kenya wholesale API (https://fdw.fews.net/api/marketpricefacts.csv?country=KE&price_type=Wholesale)
2025-09-30,Kisumu,Maize Grain (White),4410.0,90_kg,Wholesale,FEWS NET Kenya wholesale API (https://fdw.fews.net/api/marketpricefacts.csv?country=KE&price_type=Wholesale)
2025-09-30,Kisumu,Potato (White),6930.0,110_kg,Wholesale,FEWS NET Kenya wholesale API (https://fdw.fews.net/api/marketpricefacts.csv?country=KE&price_type=Wholesale)
2025-09-30,Kisumu,Sorghum (Red),6930.0,90_kg,Wholesale,FEWS NET Kenya wholesale API (https://fdw.fews.net/api/marketpricefacts.csv?country=KE&price_type=Wholesale)
2025-09-30,Nairobi,Beans (Rosecoco),10350.0,90_kg,Wholesale,FEWS NET Kenya wholesale API (https://fdw.fews.net/api/marketpricefacts.csv?country=KE&price_type=Wholesale)
2025-09-30,Nairobi,Maize Grain (White),4590.0,90_kg,Wholesale,FEWS NET Kenya wholesale API (https://fdw.fews.net/api/marketpricefacts.csv?country=KE&price_type=Wholesale)
2025-10-01,Kisumu,Beans (Canadian wonder),147.857143,Kg,Wholesale,KAMIS public market search; monthly arithmetic mean of observed market records (https://kamis.kilimo.go.ke/site/market_search)
2025-10-01,Kisumu,Beans (Mwezi Moja),146.428571,Kg,Wholesale,KAMIS public market search; monthly arithmetic mean of observed market records (https://kamis.kilimo.go.ke/site/market_search)
2025-10-01,Kisumu,Beans (Yellow-Green),191.0,Kg,Wholesale,KAMIS public market search; monthly arithmetic mean of observed market records (https://kamis.kilimo.go.ke/site/market_search)
2025-10-01,Kisumu,Beans Red Haricot (Wairimu),148.148333,Kg,Wholesale,KAMIS public market search; monthly arithmetic mean of observed market records (https://kamis.kilimo.go.ke/site/market_search)
2025-10-01,Kisumu,Beans Rosecoco,176.0,Kg,Wholesale,KAMIS public market search; monthly arithmetic mean of observed market records (https://kamis.kilimo.go.ke/site/market_search)
2025-10-01,Kisumu,Dry Maize,45.9025,Kg,Wholesale,KAMIS public market search; monthly arithmetic mean of observed market records (https://kamis.kilimo.go.ke/site/market_search)
2025-10-01,Kisumu,Red Irish potato,50.0,Kg,Wholesale,KAMIS public market search; monthly arithmetic mean of observed market records (https://kamis.kilimo.go.ke/site/market_search)
2025-10-01,Kisumu,Red Sorghum,52.695,Kg,Wholesale,KAMIS public market search; monthly arithmetic mean of observed market records (https://kamis.kilimo.go.ke/site/market_search)
2025-10-01,Kisumu,White Irish Potatoes,83.0,Kg,Wholesale,KAMIS public market search; monthly arithmetic mean of observed market records (https://kamis.kilimo.go.ke/site/market_search)
2025-10-01,Kisumu,White Sorghum,68.146667,kg,Wholesale,KAMIS public market search; monthly arithmetic mean of observed market records (https://kamis.kilimo.go.ke/site/market_search)
2025-10-01,Nairobi,Beans (Canadian wonder),95.93,Kg,Wholesale,KAMIS public market search; monthly arithmetic mean of observed market records (https://kamis.kilimo.go.ke/site/market_search)
2025-10-01,Nairobi,Beans (Mwitemania),80.0,Kg,Wholesale,KAMIS public market search; monthly arithmetic mean of observed market records (https://kamis.kilimo.go.ke/site/market_search)
2025-10-01,Nairobi,Beans (Yellow-Green),112.58625,Kg,Wholesale,KAMIS public market search; monthly arithmetic mean of observed market records (https://kamis.kilimo.go.ke/site/market_search)
2025-10-01,Nairobi,Beans Red Haricot (Wairimu),83.872727,Kg,Wholesale,KAMIS public market search; monthly arithmetic mean of observed market records (https://kamis.kilimo.go.ke/site/market_search)
2025-10-01,Nairobi,Beans Rosecoco,114.913846,Kg,Wholesale,KAMIS public market search; monthly arithmetic mean of observed market records (https://kamis.kilimo.go.ke/site/market_search)
2025-10-01,Nairobi,Dry Maize,57.097963,Kg,Wholesale,KAMIS public market search; monthly arithmetic mean of observed market records (https://kamis.kilimo.go.ke/site/market_search)
2025-10-01,Nairobi,Red Sorghum,73.945517,Kg,Wholesale,KAMIS public market search; monthly arithmetic mean of observed market records (https://kamis.kilimo.go.ke/site/market_search)
2025-10-01,Nairobi,White Irish Potatoes,52.5,Kg,Wholesale,KAMIS public market search; monthly arithmetic mean of observed market records (https://kamis.kilimo.go.ke/site/market_search)
2025-10-31,Eldoret,Maize Grain (White),4050.0,90_kg,Wholesale,FEWS NET Kenya wholesale API (https://fdw.fews.net/api/marketpricefacts.csv?country=KE&price_type=Wholesale)
2025-10-31,Kisumu,Beans (Rosecoco),13050.0,90_kg,Wholesale,FEWS NET Kenya wholesale API (https://fdw.fews.net/api/marketpricefacts.csv?country=KE&price_type=Wholesale)
2025-10-31,Kisumu,Maize Grain (White),4050.0,90_kg,Wholesale,FEWS NET Kenya wholesale API (https://fdw.fews.net/api/marketpricefacts.csv?country=KE&price_type=Wholesale)
2025-10-31,Kisumu,Sorghum (Red),5400.0,90_kg,Wholesale,FEWS NET Kenya wholesale API (https://fdw.fews.net/api/marketpricefacts.csv?country=KE&price_type=Wholesale)
2025-10-31,Nairobi,Beans (Rosecoco),10350.0,90_kg,Wholesale,FEWS NET Kenya wholesale API (https://fdw.fews.net/api/marketpricefacts.csv?country=KE&price_type=Wholesale)
2025-10-31,Nairobi,Maize Grain (White),4050.0,90_kg,Wholesale,FEWS NET Kenya wholesale API (https://fdw.fews.net/api/marketpricefacts.csv?country=KE&price_type=Wholesale)
2025-10-31,Nairobi,Potato (White),5830.0,110_kg,Wholesale,FEWS NET Kenya wholesale API (https://fdw.fews.net/api/marketpricefacts.csv?country=KE&price_type=Wholesale)
2025-11-01,Kisumu,Beans (Canadian wonder),144.571429,Kg,Wholesale,KAMIS public market search; monthly arithmetic mean of observed market records (https://kamis.kilimo.go.ke/site/market_search)
2025-11-01,Kisumu,Beans (Mwezi Moja),139.285714,Kg,Wholesale,KAMIS public market search; monthly arithmetic mean of observed market records (https://kamis.kilimo.go.ke/site/market_search)
2025-11-01,Kisumu,Beans (Mwitemania),175.0,Kg,Wholesale,KAMIS public market search; monthly arithmetic mean of observed market records (https://kamis.kilimo.go.ke/site/market_search)
2025-11-01,Kisumu,Beans (Yellow-Green),181.478,Kg,Wholesale,KAMIS public market search; monthly arithmetic mean of observed market records (https://kamis.kilimo.go.ke/site/market_search)
2025-11-01,Kisumu,Beans Red Haricot (Wairimu),143.142857,Kg,Wholesale,KAMIS public market search; monthly arithmetic mean of observed market records (https://kamis.kilimo.go.ke/site/market_search)
2025-11-01,Kisumu,Beans Rosecoco,157.5,Kg,Wholesale,KAMIS public market search; monthly arithmetic mean of observed market records (https://kamis.kilimo.go.ke/site/market_search)
2025-11-01,Kisumu,Dry Maize,45.207273,Kg,Wholesale,KAMIS public market search; monthly arithmetic mean of observed market records (https://kamis.kilimo.go.ke/site/market_search)
2025-11-01,Kisumu,Red Irish potato,50.0,Kg,Wholesale,KAMIS public market search; monthly arithmetic mean of observed market records (https://kamis.kilimo.go.ke/site/market_search)
2025-11-01,Kisumu,Red Sorghum,60.227143,Kg,Wholesale,KAMIS public market search; monthly arithmetic mean of observed market records (https://kamis.kilimo.go.ke/site/market_search)
2025-11-01,Kisumu,White Irish Potatoes,69.0,Kg,Wholesale,KAMIS public market search; monthly arithmetic mean of observed market records (https://kamis.kilimo.go.ke/site/market_search)
2025-11-01,Kisumu,White Sorghum,58.333333,kg,Wholesale,KAMIS public market search; monthly arithmetic mean of observed market records (https://kamis.kilimo.go.ke/site/market_search)
2025-11-01,Nairobi,Beans (Mwitemania),80.0,Kg,Wholesale,KAMIS public market search; monthly arithmetic mean of observed market records (https://kamis.kilimo.go.ke/site/market_search)
2025-11-01,Nairobi,Beans (Yellow-Green),112.007692,Kg,Wholesale,KAMIS public market search; monthly arithmetic mean of observed market records (https://kamis.kilimo.go.ke/site/market_search)
2025-11-01,Nairobi,Beans Red Haricot (Wairimu),82.381481,Kg,Wholesale,KAMIS public market search; monthly arithmetic mean of observed market records (https://kamis.kilimo.go.ke/site/market_search)
2025-11-01,Nairobi,Beans Rosecoco,115.0,Kg,Wholesale,KAMIS public market search; monthly arithmetic mean of observed market records (https://kamis.kilimo.go.ke/site/market_search)
2025-11-01,Nairobi,Dry Maize,57.1475,Kg,Wholesale,KAMIS public market search; monthly arithmetic mean of observed market records (https://kamis.kilimo.go.ke/site/market_search)
2025-11-01,Nairobi,Red Sorghum,73.146667,Kg,Wholesale,KAMIS public market search; monthly arithmetic mean of observed market records (https://kamis.kilimo.go.ke/site/market_search)
2025-11-30,Kisumu,Beans (Rosecoco),13300.0,90_kg,Wholesale,FEWS NET Kenya wholesale API (https://fdw.fews.net/api/marketpricefacts.csv?country=KE&price_type=Wholesale)
2025-11-30,Kisumu,Maize Grain (White),3960.0,90_kg,Wholesale,FEWS NET Kenya wholesale API (https://fdw.fews.net/api/marketpricefacts.csv?country=KE&price_type=Wholesale)
2025-11-30,Kisumu,Potato (White),9460.0,110_kg,Wholesale,FEWS NET Kenya wholesale API (https://fdw.fews.net/api/marketpricefacts.csv?country=KE&price_type=Wholesale)
2025-11-30,Mombasa,Beans (Rosecoco),12500.0,90_kg,Wholesale,FEWS NET Kenya wholesale API (https://fdw.fews.net/api/marketpricefacts.csv?country=KE&price_type=Wholesale)
2025-11-30,Mombasa,Maize Grain (White),4500.0,90_kg,Wholesale,FEWS NET Kenya wholesale API (https://fdw.fews.net/api/marketpricefacts.csv?country=KE&price_type=Wholesale)
2025-11-30,Nairobi,Beans (Rosecoco),10350.0,90_kg,Wholesale,FEWS NET Kenya wholesale API (https://fdw.fews.net/api/marketpricefacts.csv?country=KE&price_type=Wholesale)
2025-11-30,Nairobi,Maize Grain (White),3600.0,90_kg,Wholesale,FEWS NET Kenya wholesale API (https://fdw.fews.net/api/marketpricefacts.csv?country=KE&price_type=Wholesale)
2025-12-01,Kisumu,Beans (Canadian wonder),166.0,Kg,Wholesale,KAMIS public market search; monthly arithmetic mean of observed market records (https://kamis.kilimo.go.ke/site/market_search)
2025-12-01,Kisumu,Beans (Mwezi Moja),157.0,Kg,Wholesale,KAMIS public market search; monthly arithmetic mean of observed market records (https://kamis.kilimo.go.ke/site/market_search)
2025-12-01,Kisumu,Beans (Yellow-Green),204.166667,Kg,Wholesale,KAMIS public market search; monthly arithmetic mean of observed market records (https://kamis.kilimo.go.ke/site/market_search)
2025-12-01,Kisumu,Beans Red Haricot (Wairimu),150.0,Kg,Wholesale,KAMIS public market search; monthly arithmetic mean of observed market records (https://kamis.kilimo.go.ke/site/market_search)
2025-12-01,Kisumu,Beans Rosecoco,172.5,Kg,Wholesale,KAMIS public market search; monthly arithmetic mean of observed market records (https://kamis.kilimo.go.ke/site/market_search)
2025-12-01,Kisumu,Dry Maize,49.999,Kg,Wholesale,KAMIS public market search; monthly arithmetic mean of observed market records (https://kamis.kilimo.go.ke/site/market_search)
2025-12-01,Kisumu,Red Irish potato,50.0,Kg,Wholesale,KAMIS public market search; monthly arithmetic mean of observed market records (https://kamis.kilimo.go.ke/site/market_search)
2025-12-01,Kisumu,Red Sorghum,62.5,Kg,Wholesale,KAMIS public market search; monthly arithmetic mean of observed market records (https://kamis.kilimo.go.ke/site/market_search)
2025-12-01,Kisumu,White Irish Potatoes,82.0,Kg,Wholesale,KAMIS public market search; monthly arithmetic mean of observed market records (https://kamis.kilimo.go.ke/site/market_search)
2025-12-01,Kisumu,White Sorghum,53.333333,kg,Wholesale,KAMIS public market search; monthly arithmetic mean of observed market records (https://kamis.kilimo.go.ke/site/market_search)
2025-12-01,Nairobi,Beans (Mwitemania),80.0,Kg,Wholesale,KAMIS public market search; monthly arithmetic mean of observed market records (https://kamis.kilimo.go.ke/site/market_search)
2025-12-01,Nairobi,Beans (Yellow-Green),112.261429,Kg,Wholesale,KAMIS public market search; monthly arithmetic mean of observed market records (https://kamis.kilimo.go.ke/site/market_search)
2025-12-01,Nairobi,Beans Red Haricot (Wairimu),83.770714,Kg,Wholesale,KAMIS public market search; monthly arithmetic mean of observed market records (https://kamis.kilimo.go.ke/site/market_search)
2025-12-01,Nairobi,Beans Rosecoco,115.0,Kg,Wholesale,KAMIS public market search; monthly arithmetic mean of observed market records (https://kamis.kilimo.go.ke/site/market_search)
2025-12-01,Nairobi,Dry Maize,58.02087,Kg,Wholesale,KAMIS public market search; monthly arithmetic mean of observed market records (https://kamis.kilimo.go.ke/site/market_search)
2025-12-01,Nairobi,Red Sorghum,72.683333,Kg,Wholesale,KAMIS public market search; monthly arithmetic mean of observed market records (https://kamis.kilimo.go.ke/site/market_search)
2025-12-31,Kisumu,Beans (Rosecoco),13950.0,90_kg,Wholesale,FEWS NET Kenya wholesale API (https://fdw.fews.net/api/marketpricefacts.csv?country=KE&price_type=Wholesale)
2025-12-31,Kisumu,Maize Grain (White),4590.0,90_kg,Wholesale,FEWS NET Kenya wholesale API (https://fdw.fews.net/api/marketpricefacts.csv?country=KE&price_type=Wholesale)
2025-12-31,Kisumu,Potato (White),8470.0,110_kg,Wholesale,FEWS NET Kenya wholesale API (https://fdw.fews.net/api/marketpricefacts.csv?country=KE&price_type=Wholesale)
2025-12-31,Kisumu,Sorghum (Red),4500.0,90_kg,Wholesale,FEWS NET Kenya wholesale API (https://fdw.fews.net/api/marketpricefacts.csv?country=KE&price_type=Wholesale)
2025-12-31,Nairobi,Beans (Rosecoco),10350.0,90_kg,Wholesale,FEWS NET Kenya wholesale API (https://fdw.fews.net/api/marketpricefacts.csv?country=KE&price_type=Wholesale)
2025-12-31,Nairobi,Maize Grain (White),3600.0,90_kg,Wholesale,FEWS NET Kenya wholesale API (https://fdw.fews.net/api/marketpricefacts.csv?country=KE&price_type=Wholesale)
2026-01-01,Kisumu,Beans (Canadian wonder),153.75,Kg,Wholesale,KAMIS public market search; monthly arithmetic mean of observed market records (https://kamis.kilimo.go.ke/site/market_search)
2026-01-01,Kisumu,Beans (Mwezi Moja),155.778,Kg,Wholesale,KAMIS public market search; monthly arithmetic mean of observed market records (https://kamis.kilimo.go.ke/site/market_search)
2026-01-01,Kisumu,Beans (Mwitemania),190.0,Kg,Wholesale,KAMIS public market search; monthly arithmetic mean of observed market records (https://kamis.kilimo.go.ke/site/market_search)
2026-01-01,Kisumu,Beans (Yellow-Green),202.5,Kg,Wholesale,KAMIS public market search; monthly arithmetic mean of observed market records (https://kamis.kilimo.go.ke/site/market_search)
2026-01-01,Kisumu,Beans Red Haricot (Wairimu),282.5,Kg,Wholesale,KAMIS public market search; monthly arithmetic mean of observed market records (https://kamis.kilimo.go.ke/site/market_search)
2026-01-01,Kisumu,Beans Rosecoco,168.54,Kg,Wholesale,KAMIS public market search; monthly arithmetic mean of observed market records (https://kamis.kilimo.go.ke/site/market_search)
2026-01-01,Kisumu,Dry Maize,53.828,Kg,Wholesale,KAMIS public market search; monthly arithmetic mean of observed market records (https://kamis.kilimo.go.ke/site/market_search)
2026-01-01,Kisumu,Red Irish potato,70.0,Kg,Wholesale,KAMIS public market search; monthly arithmetic mean of observed market records (https://kamis.kilimo.go.ke/site/market_search)
2026-01-01,Kisumu,Red Sorghum,71.485714,Kg,Wholesale,KAMIS public market search; monthly arithmetic mean of observed market records (https://kamis.kilimo.go.ke/site/market_search)
2026-01-01,Kisumu,White Irish Potatoes,85.0,Kg,Wholesale,KAMIS public market search; monthly arithmetic mean of observed market records (https://kamis.kilimo.go.ke/site/market_search)
2026-01-01,Kisumu,White Sorghum,69.305,kg,Wholesale,KAMIS public market search; monthly arithmetic mean of observed market records (https://kamis.kilimo.go.ke/site/market_search)
2026-01-01,Nairobi,Beans (Canadian wonder),98.89,Kg,Wholesale,KAMIS public market search; monthly arithmetic mean of observed market records (https://kamis.kilimo.go.ke/site/market_search)
2026-01-01,Nairobi,Beans (Mwitemania),88.444,Kg,Wholesale,KAMIS public market search; monthly arithmetic mean of observed market records (https://kamis.kilimo.go.ke/site/market_search)
2026-01-01,Nairobi,Beans (Yellow-Green),115.528,Kg,Wholesale,KAMIS public market search; monthly arithmetic mean of observed market records (https://kamis.kilimo.go.ke/site/market_search)
2026-01-01,Nairobi,Beans Red Haricot (Wairimu),84.24,Kg,Wholesale,KAMIS public market search; monthly arithmetic mean of observed market records (https://kamis.kilimo.go.ke/site/market_search)
2026-01-01,Nairobi,Beans Rosecoco,114.6525,Kg,Wholesale,KAMIS public market search; monthly arithmetic mean of observed market records (https://kamis.kilimo.go.ke/site/market_search)
2026-01-01,Nairobi,Dry Maize,238.8004,Kg,Wholesale,KAMIS public market search; monthly arithmetic mean of observed market records (https://kamis.kilimo.go.ke/site/market_search)
2026-01-01,Nairobi,Red Sorghum,75.925333,Kg,Wholesale,KAMIS public market search; monthly arithmetic mean of observed market records (https://kamis.kilimo.go.ke/site/market_search)
2026-01-31,Kisumu,Beans (Rosecoco),20250.0,90_kg,Wholesale,FEWS NET Kenya wholesale API (https://fdw.fews.net/api/marketpricefacts.csv?country=KE&price_type=Wholesale)
2026-01-31,Kisumu,Maize Grain (White),4230.0,90_kg,Wholesale,FEWS NET Kenya wholesale API (https://fdw.fews.net/api/marketpricefacts.csv?country=KE&price_type=Wholesale)
2026-01-31,Kisumu,Potato (White),10780.0,110_kg,Wholesale,FEWS NET Kenya wholesale API (https://fdw.fews.net/api/marketpricefacts.csv?country=KE&price_type=Wholesale)
2026-01-31,Kisumu,Sorghum (Red),5940.0,90_kg,Wholesale,FEWS NET Kenya wholesale API (https://fdw.fews.net/api/marketpricefacts.csv?country=KE&price_type=Wholesale)
2026-01-31,Nairobi,Beans (Rosecoco),10350.0,90_kg,Wholesale,FEWS NET Kenya wholesale API (https://fdw.fews.net/api/marketpricefacts.csv?country=KE&price_type=Wholesale)
2026-01-31,Nairobi,Maize Grain (White),4590.0,90_kg,Wholesale,FEWS NET Kenya wholesale API (https://fdw.fews.net/api/marketpricefacts.csv?country=KE&price_type=Wholesale)
2026-02-01,Kisumu,Beans (Canadian wonder),167.038571,Kg,Wholesale,KAMIS public market search; monthly arithmetic mean of observed market records (https://kamis.kilimo.go.ke/site/market_search)
2026-02-01,Kisumu,Beans (Mwezi Moja),158.845,Kg,Wholesale,KAMIS public market search; monthly arithmetic mean of observed market records (https://kamis.kilimo.go.ke/site/market_search)
2026-02-01,Kisumu,Beans (Yellow-Green),186.760909,Kg,Wholesale,KAMIS public market search; monthly arithmetic mean of observed market records (https://kamis.kilimo.go.ke/site/market_search)
2026-02-01,Kisumu,Beans Red Haricot (Wairimu),150.96,Kg,Wholesale,KAMIS public market search; monthly arithmetic mean of observed market records (https://kamis.kilimo.go.ke/site/market_search)
2026-02-01,Kisumu,Beans Rosecoco,176.042857,Kg,Wholesale,KAMIS public market search; monthly arithmetic mean of observed market records (https://kamis.kilimo.go.ke/site/market_search)
2026-02-01,Kisumu,Dry Maize,53.71,Kg,Wholesale,KAMIS public market search; monthly arithmetic mean of observed market records (https://kamis.kilimo.go.ke/site/market_search)
2026-02-01,Kisumu,Red Irish potato,100.0,Kg,Wholesale,KAMIS public market search; monthly arithmetic mean of observed market records (https://kamis.kilimo.go.ke/site/market_search)
2026-02-01,Kisumu,Red Sorghum,70.869091,Kg,Wholesale,KAMIS public market search; monthly arithmetic mean of observed market records (https://kamis.kilimo.go.ke/site/market_search)
2026-02-01,Kisumu,White Irish Potatoes,103.888889,Kg,Wholesale,KAMIS public market search; monthly arithmetic mean of observed market records (https://kamis.kilimo.go.ke/site/market_search)
2026-02-01,Kisumu,White Sorghum,73.055,kg,Wholesale,KAMIS public market search; monthly arithmetic mean of observed market records (https://kamis.kilimo.go.ke/site/market_search)
2026-02-01,Nairobi,Beans (Canadian wonder),96.67,Kg,Wholesale,KAMIS public market search; monthly arithmetic mean of observed market records (https://kamis.kilimo.go.ke/site/market_search)
2026-02-01,Nairobi,Beans (Mwitemania),118.0,Kg,Wholesale,KAMIS public market search; monthly arithmetic mean of observed market records (https://kamis.kilimo.go.ke/site/market_search)
2026-02-01,Nairobi,Beans (Yellow-Green),115.606176,Kg,Wholesale,KAMIS public market search; monthly arithmetic mean of observed market records (https://kamis.kilimo.go.ke/site/market_search)
2026-02-01,Nairobi,Beans Red Haricot (Wairimu),84.967941,Kg,Wholesale,KAMIS public market search; monthly arithmetic mean of observed market records (https://kamis.kilimo.go.ke/site/market_search)
2026-02-01,Nairobi,Beans Rosecoco,116.082105,Kg,Wholesale,KAMIS public market search; monthly arithmetic mean of observed market records (https://kamis.kilimo.go.ke/site/market_search)
2026-02-01,Nairobi,Dry Maize,61.928302,Kg,Wholesale,KAMIS public market search; monthly arithmetic mean of observed market records (https://kamis.kilimo.go.ke/site/market_search)
2026-02-01,Nairobi,Red Sorghum,73.483636,Kg,Wholesale,KAMIS public market search; monthly arithmetic mean of observed market records (https://kamis.kilimo.go.ke/site/market_search)
2026-02-28,Eldoret,Beans (Rosecoco),13300.0,90_kg,Wholesale,FEWS NET Kenya wholesale API (https://fdw.fews.net/api/marketpricefacts.csv?country=KE&price_type=Wholesale)
2026-02-28,Eldoret,Maize Grain (White),4000.0,90_kg,Wholesale,FEWS NET Kenya wholesale API (https://fdw.fews.net/api/marketpricefacts.csv?country=KE&price_type=Wholesale)
2026-02-28,Kisumu,Beans (Rosecoco),14850.0,90_kg,Wholesale,FEWS NET Kenya wholesale API (https://fdw.fews.net/api/marketpricefacts.csv?country=KE&price_type=Wholesale)
2026-02-28,Kisumu,Maize Grain (White),5220.0,90_kg,Wholesale,FEWS NET Kenya wholesale API (https://fdw.fews.net/api/marketpricefacts.csv?country=KE&price_type=Wholesale)
2026-02-28,Kisumu,Potato (White),12650.0,110_kg,Wholesale,FEWS NET Kenya wholesale API (https://fdw.fews.net/api/marketpricefacts.csv?country=KE&price_type=Wholesale)
2026-02-28,Kisumu,Sorghum (Red),7650.0,90_kg,Wholesale,FEWS NET Kenya wholesale API (https://fdw.fews.net/api/marketpricefacts.csv?country=KE&price_type=Wholesale)
2026-02-28,Nairobi,Beans (Rosecoco),10440.0,90_kg,Wholesale,FEWS NET Kenya wholesale API (https://fdw.fews.net/api/marketpricefacts.csv?country=KE&price_type=Wholesale)
2026-02-28,Nairobi,Maize Grain (White),4860.0,90_kg,Wholesale,FEWS NET Kenya wholesale API (https://fdw.fews.net/api/marketpricefacts.csv?country=KE&price_type=Wholesale)
2026-03-01,Kisumu,Beans (Canadian wonder),149.7225,Kg,Wholesale,KAMIS public market search; monthly arithmetic mean of observed market records (https://kamis.kilimo.go.ke/site/market_search)
2026-03-01,Kisumu,Beans (Mwezi Moja),154.628571,Kg,Wholesale,KAMIS public market search; monthly arithmetic mean of observed market records (https://kamis.kilimo.go.ke/site/market_search)
2026-03-01,Kisumu,Beans (Mwitemania),170.0,Kg,Wholesale,KAMIS public market search; monthly arithmetic mean of observed market records (https://kamis.kilimo.go.ke/site/market_search)
2026-03-01,Kisumu,Beans (Yellow-Green),185.598889,Kg,Wholesale,KAMIS public market search; monthly arithmetic mean of observed market records (https://kamis.kilimo.go.ke/site/market_search)
2026-03-01,Kisumu,Beans Red Haricot (Wairimu),146.934286,Kg,Wholesale,KAMIS public market search; monthly arithmetic mean of observed market records (https://kamis.kilimo.go.ke/site/market_search)
2026-03-01,Kisumu,Beans Rosecoco,171.346667,Kg,Wholesale,KAMIS public market search; monthly arithmetic mean of observed market records (https://kamis.kilimo.go.ke/site/market_search)
2026-03-01,Kisumu,Dry Maize,57.02875,Kg,Wholesale,KAMIS public market search; monthly arithmetic mean of observed market records (https://kamis.kilimo.go.ke/site/market_search)
2026-03-01,Kisumu,Red Irish potato,93.333333,Kg,Wholesale,KAMIS public market search; monthly arithmetic mean of observed market records (https://kamis.kilimo.go.ke/site/market_search)
2026-03-01,Kisumu,Red Sorghum,73.827778,Kg,Wholesale,KAMIS public market search; monthly arithmetic mean of observed market records (https://kamis.kilimo.go.ke/site/market_search)
2026-03-01,Kisumu,White Irish Potatoes,99.0,Kg,Wholesale,KAMIS public market search; monthly arithmetic mean of observed market records (https://kamis.kilimo.go.ke/site/market_search)
2026-03-01,Kisumu,White Sorghum,65.835,kg,Wholesale,KAMIS public market search; monthly arithmetic mean of observed market records (https://kamis.kilimo.go.ke/site/market_search)
2026-03-01,Nairobi,Beans (Mwitemania),90.0,Kg,Wholesale,KAMIS public market search; monthly arithmetic mean of observed market records (https://kamis.kilimo.go.ke/site/market_search)
2026-03-01,Nairobi,Beans (Yellow-Green),112.223333,Kg,Wholesale,KAMIS public market search; monthly arithmetic mean of observed market records (https://kamis.kilimo.go.ke/site/market_search)
2026-03-01,Nairobi,Beans Red Haricot (Wairimu),97.63,Kg,Wholesale,KAMIS public market search; monthly arithmetic mean of observed market records (https://kamis.kilimo.go.ke/site/market_search)
2026-03-01,Nairobi,Beans Rosecoco,115.0,Kg,Wholesale,KAMIS public market search; monthly arithmetic mean of observed market records (https://kamis.kilimo.go.ke/site/market_search)
2026-03-01,Nairobi,Dry Maize,59.58913,Kg,Wholesale,KAMIS public market search; monthly arithmetic mean of observed market records (https://kamis.kilimo.go.ke/site/market_search)
2026-03-01,Nairobi,Red Sorghum,72.22,Kg,Wholesale,KAMIS public market search; monthly arithmetic mean of observed market records (https://kamis.kilimo.go.ke/site/market_search)
2026-03-31,Eldoret,Beans (Rosecoco),11400.0,90_kg,Wholesale,FEWS NET Kenya wholesale API (https://fdw.fews.net/api/marketpricefacts.csv?country=KE&price_type=Wholesale)
2026-03-31,Eldoret,Maize Grain (White),4400.0,90_kg,Wholesale,FEWS NET Kenya wholesale API (https://fdw.fews.net/api/marketpricefacts.csv?country=KE&price_type=Wholesale)
2026-03-31,Kisumu,Beans (Rosecoco),17280.0,90_kg,Wholesale,FEWS NET Kenya wholesale API (https://fdw.fews.net/api/marketpricefacts.csv?country=KE&price_type=Wholesale)
2026-03-31,Kisumu,Maize Grain (White),5040.0,90_kg,Wholesale,FEWS NET Kenya wholesale API (https://fdw.fews.net/api/marketpricefacts.csv?country=KE&price_type=Wholesale)
2026-03-31,Kisumu,Potato (White),11660.0,110_kg,Wholesale,FEWS NET Kenya wholesale API (https://fdw.fews.net/api/marketpricefacts.csv?country=KE&price_type=Wholesale)
2026-03-31,Kisumu,Sorghum (Red),6030.0,90_kg,Wholesale,FEWS NET Kenya wholesale API (https://fdw.fews.net/api/marketpricefacts.csv?country=KE&price_type=Wholesale)
2026-03-31,Nairobi,Beans (Rosecoco),10350.0,90_kg,Wholesale,FEWS NET Kenya wholesale API (https://fdw.fews.net/api/marketpricefacts.csv?country=KE&price_type=Wholesale)
2026-03-31,Nairobi,Maize Grain (White),4860.0,90_kg,Wholesale,FEWS NET Kenya wholesale API (https://fdw.fews.net/api/marketpricefacts.csv?country=KE&price_type=Wholesale)
2026-04-01,Kisumu,Beans (Canadian wonder),156.245714,Kg,Wholesale,KAMIS public market search; monthly arithmetic mean of observed market records (https://kamis.kilimo.go.ke/site/market_search)
2026-04-01,Kisumu,Beans (Mwezi Moja),149.59,Kg,Wholesale,KAMIS public market search; monthly arithmetic mean of observed market records (https://kamis.kilimo.go.ke/site/market_search)
2026-04-01,Kisumu,Beans (Yellow-Green),181.154444,Kg,Wholesale,KAMIS public market search; monthly arithmetic mean of observed market records (https://kamis.kilimo.go.ke/site/market_search)
2026-04-01,Kisumu,Beans Red Haricot (Wairimu),151.44,Kg,Wholesale,KAMIS public market search; monthly arithmetic mean of observed market records (https://kamis.kilimo.go.ke/site/market_search)
2026-04-01,Kisumu,Beans Rosecoco,147.95,Kg,Wholesale,KAMIS public market search; monthly arithmetic mean of observed market records (https://kamis.kilimo.go.ke/site/market_search)
2026-04-01,Kisumu,Dry Maize,57.038333,Kg,Wholesale,KAMIS public market search; monthly arithmetic mean of observed market records (https://kamis.kilimo.go.ke/site/market_search)
2026-04-01,Kisumu,Red Irish potato,100.0,Kg,Wholesale,KAMIS public market search; monthly arithmetic mean of observed market records (https://kamis.kilimo.go.ke/site/market_search)
2026-04-01,Kisumu,Red Sorghum,73.125,Kg,Wholesale,KAMIS public market search; monthly arithmetic mean of observed market records (https://kamis.kilimo.go.ke/site/market_search)
2026-04-01,Kisumu,White Irish Potatoes,99.464286,Kg,Wholesale,KAMIS public market search; monthly arithmetic mean of observed market records (https://kamis.kilimo.go.ke/site/market_search)
2026-04-01,Kisumu,White Sorghum,65.0,kg,Wholesale,KAMIS public market search; monthly arithmetic mean of observed market records (https://kamis.kilimo.go.ke/site/market_search)
2026-04-01,Nairobi,Beans (Mwitemania),90.0,Kg,Wholesale,KAMIS public market search; monthly arithmetic mean of observed market records (https://kamis.kilimo.go.ke/site/market_search)
2026-04-01,Nairobi,Beans (Yellow-Green),110.0,Kg,Wholesale,KAMIS public market search; monthly arithmetic mean of observed market records (https://kamis.kilimo.go.ke/site/market_search)
2026-04-01,Nairobi,Beans Red Haricot (Wairimu),100.0,Kg,Wholesale,KAMIS public market search; monthly arithmetic mean of observed market records (https://kamis.kilimo.go.ke/site/market_search)
2026-04-01,Nairobi,Beans Rosecoco,115.0,Kg,Wholesale,KAMIS public market search; monthly arithmetic mean of observed market records (https://kamis.kilimo.go.ke/site/market_search)
2026-04-01,Nairobi,Dry Maize,55.0,Kg,Wholesale,KAMIS public market search; monthly arithmetic mean of observed market records (https://kamis.kilimo.go.ke/site/market_search)
2026-04-30,Eldoret,Beans (Rosecoco),9900.0,90_kg,Wholesale,FEWS NET Kenya wholesale API (https://fdw.fews.net/api/marketpricefacts.csv?country=KE&price_type=Wholesale)
2026-04-30,Eldoret,Maize Grain (White),3400.0,90_kg,Wholesale,FEWS NET Kenya wholesale API (https://fdw.fews.net/api/marketpricefacts.csv?country=KE&price_type=Wholesale)
2026-04-30,Kisumu,Beans (Rosecoco),12870.0,90_kg,Wholesale,FEWS NET Kenya wholesale API (https://fdw.fews.net/api/marketpricefacts.csv?country=KE&price_type=Wholesale)
2026-04-30,Kisumu,Maize Grain (White),5310.0,90_kg,Wholesale,FEWS NET Kenya wholesale API (https://fdw.fews.net/api/marketpricefacts.csv?country=KE&price_type=Wholesale)
2026-04-30,Kisumu,Potato (White),12100.0,110_kg,Wholesale,FEWS NET Kenya wholesale API (https://fdw.fews.net/api/marketpricefacts.csv?country=KE&price_type=Wholesale)
2026-04-30,Kisumu,Sorghum (Red),6750.0,90_kg,Wholesale,FEWS NET Kenya wholesale API (https://fdw.fews.net/api/marketpricefacts.csv?country=KE&price_type=Wholesale)
2026-04-30,Nairobi,Beans (Rosecoco),10350.0,90_kg,Wholesale,FEWS NET Kenya wholesale API (https://fdw.fews.net/api/marketpricefacts.csv?country=KE&price_type=Wholesale)
2026-04-30,Nairobi,Maize Grain (White),4950.0,90_kg,Wholesale,FEWS NET Kenya wholesale API (https://fdw.fews.net/api/marketpricefacts.csv?country=KE&price_type=Wholesale)
2026-05-01,Kisumu,Beans (Canadian wonder),140.171,Kg,Wholesale,KAMIS public market search; monthly arithmetic mean of observed market records (https://kamis.kilimo.go.ke/site/market_search)
2026-05-01,Kisumu,Beans (Mwezi Moja),144.311429,Kg,Wholesale,KAMIS public market search; monthly arithmetic mean of observed market records (https://kamis.kilimo.go.ke/site/market_search)
2026-05-01,Kisumu,Beans (Yellow-Green),172.655,Kg,Wholesale,KAMIS public market search; monthly arithmetic mean of observed market records (https://kamis.kilimo.go.ke/site/market_search)
2026-05-01,Kisumu,Beans Red Haricot (Wairimu),145.6475,Kg,Wholesale,KAMIS public market search; monthly arithmetic mean of observed market records (https://kamis.kilimo.go.ke/site/market_search)
2026-05-01,Kisumu,Beans Rosecoco,158.415,Kg,Wholesale,KAMIS public market search; monthly arithmetic mean of observed market records (https://kamis.kilimo.go.ke/site/market_search)
2026-05-01,Kisumu,Dry Maize,60.124118,Kg,Wholesale,KAMIS public market search; monthly arithmetic mean of observed market records (https://kamis.kilimo.go.ke/site/market_search)
2026-05-01,Kisumu,Red Irish potato,100.0,Kg,Wholesale,KAMIS public market search; monthly arithmetic mean of observed market records (https://kamis.kilimo.go.ke/site/market_search)
2026-05-01,Kisumu,Red Sorghum,75.34875,Kg,Wholesale,KAMIS public market search; monthly arithmetic mean of observed market records (https://kamis.kilimo.go.ke/site/market_search)
2026-05-01,Kisumu,White Irish Potatoes,80.0,Kg,Wholesale,KAMIS public market search; monthly arithmetic mean of observed market records (https://kamis.kilimo.go.ke/site/market_search)
2026-05-01,Kisumu,White Sorghum,62.225,kg,Wholesale,KAMIS public market search; monthly arithmetic mean of observed market records (https://kamis.kilimo.go.ke/site/market_search)
2026-05-01,Nairobi,Beans (Mwitemania),102.857143,Kg,Wholesale,KAMIS public market search; monthly arithmetic mean of observed market records (https://kamis.kilimo.go.ke/site/market_search)
2026-05-01,Nairobi,Beans (Yellow-Green),108.461538,Kg,Wholesale,KAMIS public market search; monthly arithmetic mean of observed market records (https://kamis.kilimo.go.ke/site/market_search)
2026-05-01,Nairobi,Beans Red Haricot (Wairimu),100.0,Kg,Wholesale,KAMIS public market search; monthly arithmetic mean of observed market records (https://kamis.kilimo.go.ke/site/market_search)
2026-05-01,Nairobi,Beans Rosecoco,115.0,Kg,Wholesale,KAMIS public market search; monthly arithmetic mean of observed market records (https://kamis.kilimo.go.ke/site/market_search)
2026-05-01,Nairobi,Dry Maize,55.0,Kg,Wholesale,KAMIS public market search; monthly arithmetic mean of observed market records (https://kamis.kilimo.go.ke/site/market_search)
2026-05-31,Eldoret,Beans (Rosecoco),9450.0,90_kg,Wholesale,FEWS NET Kenya wholesale API (https://fdw.fews.net/api/marketpricefacts.csv?country=KE&price_type=Wholesale)
2026-05-31,Eldoret,Maize Grain (White),3400.0,90_kg,Wholesale,FEWS NET Kenya wholesale API (https://fdw.fews.net/api/marketpricefacts.csv?country=KE&price_type=Wholesale)
2026-05-31,Kisumu,Beans (Rosecoco),16470.0,90_kg,Wholesale,FEWS NET Kenya wholesale API (https://fdw.fews.net/api/marketpricefacts.csv?country=KE&price_type=Wholesale)
2026-05-31,Kisumu,Maize Grain (White),5310.0,90_kg,Wholesale,FEWS NET Kenya wholesale API (https://fdw.fews.net/api/marketpricefacts.csv?country=KE&price_type=Wholesale)
2026-05-31,Kisumu,Potato (White),10230.0,110_kg,Wholesale,FEWS NET Kenya wholesale API (https://fdw.fews.net/api/marketpricefacts.csv?country=KE&price_type=Wholesale)
2026-05-31,Kisumu,Sorghum (Red),5580.0,90_kg,Wholesale,FEWS NET Kenya wholesale API (https://fdw.fews.net/api/marketpricefacts.csv?country=KE&price_type=Wholesale)
2026-05-31,Nairobi,Beans (Rosecoco),10350.0,90_kg,Wholesale,FEWS NET Kenya wholesale API (https://fdw.fews.net/api/marketpricefacts.csv?country=KE&price_type=Wholesale)
2026-05-31,Nairobi,Maize Grain (White),4950.0,90_kg,Wholesale,FEWS NET Kenya wholesale API (https://fdw.fews.net/api/marketpricefacts.csv?country=KE&price_type=Wholesale)
2026-06-01,Kisumu,Beans (Canadian wonder),135.457,Kg,Wholesale,KAMIS public market search; monthly arithmetic mean of observed market records (https://kamis.kilimo.go.ke/site/market_search)
2026-06-01,Kisumu,Beans (Mwezi Moja),136.618889,Kg,Wholesale,KAMIS public market search; monthly arithmetic mean of observed market records (https://kamis.kilimo.go.ke/site/market_search)
2026-06-01,Kisumu,Beans (Mwitemania),140.0,Kg,Wholesale,KAMIS public market search; monthly arithmetic mean of observed market records (https://kamis.kilimo.go.ke/site/market_search)
2026-06-01,Kisumu,Beans (Yellow-Green),180.048,Kg,Wholesale,KAMIS public market search; monthly arithmetic mean of observed market records (https://kamis.kilimo.go.ke/site/market_search)
2026-06-01,Kisumu,Beans Red Haricot (Wairimu),133.6475,Kg,Wholesale,KAMIS public market search; monthly arithmetic mean of observed market records (https://kamis.kilimo.go.ke/site/market_search)
2026-06-01,Kisumu,Beans Rosecoco,141.76125,Kg,Wholesale,KAMIS public market search; monthly arithmetic mean of observed market records (https://kamis.kilimo.go.ke/site/market_search)
2026-06-01,Kisumu,Dry Maize,56.610625,Kg,Wholesale,KAMIS public market search; monthly arithmetic mean of observed market records (https://kamis.kilimo.go.ke/site/market_search)
2026-06-01,Kisumu,Red Irish potato,80.0,Kg,Wholesale,KAMIS public market search; monthly arithmetic mean of observed market records (https://kamis.kilimo.go.ke/site/market_search)
2026-06-01,Kisumu,Red Sorghum,63.394444,Kg,Wholesale,KAMIS public market search; monthly arithmetic mean of observed market records (https://kamis.kilimo.go.ke/site/market_search)
2026-06-01,Kisumu,White Irish Potatoes,71.166667,Kg,Wholesale,KAMIS public market search; monthly arithmetic mean of observed market records (https://kamis.kilimo.go.ke/site/market_search)
2026-06-01,Kisumu,White Sorghum,44.44,kg,Wholesale,KAMIS public market search; monthly arithmetic mean of observed market records (https://kamis.kilimo.go.ke/site/market_search)
2026-06-01,Nairobi,Beans (Mwitemania),110.0,Kg,Wholesale,KAMIS public market search; monthly arithmetic mean of observed market records (https://kamis.kilimo.go.ke/site/market_search)
2026-06-01,Nairobi,Beans (Yellow-Green),110.0,Kg,Wholesale,KAMIS public market search; monthly arithmetic mean of observed market records (https://kamis.kilimo.go.ke/site/market_search)
2026-06-01,Nairobi,Beans Red Haricot (Wairimu),100.0,Kg,Wholesale,KAMIS public market search; monthly arithmetic mean of observed market records (https://kamis.kilimo.go.ke/site/market_search)
2026-06-01,Nairobi,Beans Rosecoco,115.0,Kg,Wholesale,KAMIS public market search; monthly arithmetic mean of observed market records (https://kamis.kilimo.go.ke/site/market_search)
2026-06-01,Nairobi,Dry Maize,55.0,Kg,Wholesale,KAMIS public market search; monthly arithmetic mean of observed market records (https://kamis.kilimo.go.ke/site/market_search)
2026-07-01,Kisumu,Beans (Canadian wonder),125.368333,Kg,Wholesale,KAMIS public market search; monthly arithmetic mean of observed market records (https://kamis.kilimo.go.ke/site/market_search)
2026-07-01,Kisumu,Beans (Mwezi Moja),118.631111,Kg,Wholesale,KAMIS public market search; monthly arithmetic mean of observed market records (https://kamis.kilimo.go.ke/site/market_search)
2026-07-01,Kisumu,Beans (Yellow-Green),175.014167,Kg,Wholesale,KAMIS public market search; monthly arithmetic mean of observed market records (https://kamis.kilimo.go.ke/site/market_search)
2026-07-01,Kisumu,Beans Red Haricot (Wairimu),122.858,Kg,Wholesale,KAMIS public market search; monthly arithmetic mean of observed market records (https://kamis.kilimo.go.ke/site/market_search)
2026-07-01,Kisumu,Beans Rosecoco,149.88,Kg,Wholesale,KAMIS public market search; monthly arithmetic mean of observed market records (https://kamis.kilimo.go.ke/site/market_search)
2026-07-01,Kisumu,Dry Maize,52.221579,Kg,Wholesale,KAMIS public market search; monthly arithmetic mean of observed market records (https://kamis.kilimo.go.ke/site/market_search)
2026-07-01,Kisumu,Red Irish potato,100.0,Kg,Wholesale,KAMIS public market search; monthly arithmetic mean of observed market records (https://kamis.kilimo.go.ke/site/market_search)
2026-07-01,Kisumu,Red Sorghum,58.022,Kg,Wholesale,KAMIS public market search; monthly arithmetic mean of observed market records (https://kamis.kilimo.go.ke/site/market_search)
2026-07-01,Kisumu,White Irish Potatoes,78.704545,Kg,Wholesale,KAMIS public market search; monthly arithmetic mean of observed market records (https://kamis.kilimo.go.ke/site/market_search)
2026-07-01,Kisumu,White Sorghum,46.665,kg,Wholesale,KAMIS public market search; monthly arithmetic mean of observed market records (https://kamis.kilimo.go.ke/site/market_search)
2026-07-01,Nairobi,Beans (Canadian wonder),83.33,Kg,Wholesale,KAMIS public market search; monthly arithmetic mean of observed market records (https://kamis.kilimo.go.ke/site/market_search)
2026-07-01,Nairobi,Beans (Mwitemania),110.0,Kg,Wholesale,KAMIS public market search; monthly arithmetic mean of observed market records (https://kamis.kilimo.go.ke/site/market_search)
2026-07-01,Nairobi,Beans (Yellow-Green),109.707368,Kg,Wholesale,KAMIS public market search; monthly arithmetic mean of observed market records (https://kamis.kilimo.go.ke/site/market_search)
2026-07-01,Nairobi,Beans Red Haricot (Wairimu),95.302727,Kg,Wholesale,KAMIS public market search; monthly arithmetic mean of observed market records (https://kamis.kilimo.go.ke/site/market_search)
2026-07-01,Nairobi,Beans Rosecoco,115.0,Kg,Wholesale,KAMIS public market search; monthly arithmetic mean of observed market records (https://kamis.kilimo.go.ke/site/market_search)
2026-07-01,Nairobi,Dry Maize,54.278,Kg,Wholesale,KAMIS public market search; monthly arithmetic mean of observed market records (https://kamis.kilimo.go.ke/site/market_search)
2026-08-01,Eldoret,Beans (Canadian wonder),166.666667,Kg,Wholesale,KAMIS public market search; monthly arithmetic mean of observed market records (https://kamis.kilimo.go.ke/site/market_search)
2026-08-01,Eldoret,Beans (Mwezi Moja),80.293333,Kg,Wholesale,KAMIS public market search; monthly arithmetic mean of observed market records (https://kamis.kilimo.go.ke/site/market_search)
2026-08-01,Eldoret,Beans (Mwitemania),103.855714,Kg,Wholesale,KAMIS public market search; monthly arithmetic mean of observed market records (https://kamis.kilimo.go.ke/site/market_search)
2026-08-01,Eldoret,Beans (Yellow-Green),147.841818,Kg,Wholesale,KAMIS public market search; monthly arithmetic mean of observed market records (https://kamis.kilimo.go.ke/site/market_search)
2026-08-01,Eldoret,Beans Red Haricot (Wairimu),143.162,Kg,Wholesale,KAMIS public market search; monthly arithmetic mean of observed market records (https://kamis.kilimo.go.ke/site/market_search)
2026-08-01,Eldoret,Beans Rosecoco,103.665,Kg,Wholesale,KAMIS public market search; monthly arithmetic mean of observed market records (https://kamis.kilimo.go.ke/site/market_search)
2026-08-01,Eldoret,Dry Maize,51.344444,Kg,Wholesale,KAMIS public market search; monthly arithmetic mean of observed market records (https://kamis.kilimo.go.ke/site/market_search)
2026-08-01,Eldoret,Red Sorghum,87.5,Kg,Wholesale,KAMIS public market search; monthly arithmetic mean of observed market records (https://kamis.kilimo.go.ke/site/market_search)
2026-08-01,Eldoret,White Irish Potatoes,115.58375,Kg,Wholesale,KAMIS public market search; monthly arithmetic mean of observed market records (https://kamis.kilimo.go.ke/site/market_search)
2026-08-01,Kisumu,Beans (Canadian wonder),123.896,Kg,Wholesale,KAMIS public market search; monthly arithmetic mean of observed market records (https://kamis.kilimo.go.ke/site/market_search)
2026-08-01,Kisumu,Beans (Mwezi Moja),111.339091,Kg,Wholesale,KAMIS public market search; monthly arithmetic mean of observed market records (https://kamis.kilimo.go.ke/site/market_search)
2026-08-01,Kisumu,Beans (Mwitemania),96.15,Kg,Wholesale,KAMIS public market search; monthly arithmetic mean of observed market records (https://kamis.kilimo.go.ke/site/market_search)
2026-08-01,Kisumu,Beans (Yellow-Green),176.837273,Kg,Wholesale,KAMIS public market search; monthly arithmetic mean of observed market records (https://kamis.kilimo.go.ke/site/market_search)
2026-08-01,Kisumu,Beans Red Haricot (Wairimu),122.12125,Kg,Wholesale,KAMIS public market search; monthly arithmetic mean of observed market records (https://kamis.kilimo.go.ke/site/market_search)
2026-08-01,Kisumu,Beans Rosecoco,149.645,Kg,Wholesale,KAMIS public market search; monthly arithmetic mean of observed market records (https://kamis.kilimo.go.ke/site/market_search)
2026-08-01,Kisumu,Dry Maize,48.888571,Kg,Wholesale,KAMIS public market search; monthly arithmetic mean of observed market records (https://kamis.kilimo.go.ke/site/market_search)
2026-08-01,Kisumu,Red Irish potato,85.0,Kg,Wholesale,KAMIS public market search; monthly arithmetic mean of observed market records (https://kamis.kilimo.go.ke/site/market_search)
2026-08-01,Kisumu,Red Sorghum,62.929091,Kg,Wholesale,KAMIS public market search; monthly arithmetic mean of observed market records (https://kamis.kilimo.go.ke/site/market_search)
2026-08-01,Kisumu,White Irish Potatoes,88.5,Kg,Wholesale,KAMIS public market search; monthly arithmetic mean of observed market records (https://kamis.kilimo.go.ke/site/market_search)
2026-08-01,Kisumu,White Sorghum,51.11,kg,Wholesale,KAMIS public market search; monthly arithmetic mean of observed market records (https://kamis.kilimo.go.ke/site/market_search)
2026-08-01,Nairobi,Beans (Canadian wonder),93.336667,Kg,Wholesale,KAMIS public market search; monthly arithmetic mean of observed market records (https://kamis.kilimo.go.ke/site/market_search)
2026-08-01,Nairobi,Beans (Mwitemania),100.69375,Kg,Wholesale,KAMIS public market search; monthly arithmetic mean of observed market records (https://kamis.kilimo.go.ke/site/market_search)
2026-08-01,Nairobi,Beans (Yellow-Green),112.1,Kg,Wholesale,KAMIS public market search; monthly arithmetic mean of observed market records (https://kamis.kilimo.go.ke/site/market_search)
2026-08-01,Nairobi,Beans Red Haricot (Wairimu),85.558,Kg,Wholesale,KAMIS public market search; monthly arithmetic mean of observed market records (https://kamis.kilimo.go.ke/site/market_search)
2026-08-01,Nairobi,Beans Rosecoco,111.427143,Kg,Wholesale,KAMIS public market search; monthly arithmetic mean of observed market records (https://kamis.kilimo.go.ke/site/market_search)
2026-08-01,Nairobi,Dry Maize,555.2075,Kg,Wholesale,KAMIS public market search; monthly arithmetic mean of observed market records (https://kamis.kilimo.go.ke/site/market_search)
2026-08-01,Nairobi,White Irish Potatoes,40.0,Kg,Wholesale,KAMIS public market search; monthly arithmetic mean of observed market records (https://kamis.kilimo.go.ke/site/market_search)
2026-09-01,Eldoret,Beans (Mwezi Moja),131.666667,Kg,Wholesale,KAMIS public market search; monthly arithmetic mean of observed market records (https://kamis.kilimo.go.ke/site/market_search)
2026-09-01,Eldoret,Beans (Mwitemania),151.25,Kg,Wholesale,KAMIS public market search; monthly arithmetic mean of observed market records (https://kamis.kilimo.go.ke/site/market_search)
2026-09-01,Eldoret,Beans (Yellow-Green),168.0,Kg,Wholesale,KAMIS public market search; monthly arithmetic mean of observed market records (https://kamis.kilimo.go.ke/site/market_search)
2026-09-01,Eldoret,Beans Red Haricot (Wairimu),130.0,Kg,Wholesale,KAMIS public market search; monthly arithmetic mean of observed market records (https://kamis.kilimo.go.ke/site/market_search)
2026-09-01,Eldoret,Beans Rosecoco,155.0,Kg,Wholesale,KAMIS public market search; monthly arithmetic mean of observed market records (https://kamis.kilimo.go.ke/site/market_search)
2026-09-01,Eldoret,Dry Maize,48.61,Kg,Wholesale,KAMIS public market search; monthly arithmetic mean of observed market records (https://kamis.kilimo.go.ke/site/market_search)
2026-09-01,Eldoret,Red Irish potato,60.0,Kg,Wholesale,KAMIS public market search; monthly arithmetic mean of observed market records (https://kamis.kilimo.go.ke/site/market_search)
2026-09-01,Eldoret,Red Sorghum,127.5,Kg,Wholesale,KAMIS public market search; monthly arithmetic mean of observed market records (https://kamis.kilimo.go.ke/site/market_search)
2026-09-01,Eldoret,White Irish Potatoes,72.125,Kg,Wholesale,KAMIS public market search; monthly arithmetic mean of observed market records (https://kamis.kilimo.go.ke/site/market_search)
2026-09-01,Kisumu,Beans (Canadian wonder),135.7375,Kg,Wholesale,KAMIS public market search; monthly arithmetic mean of observed market records (https://kamis.kilimo.go.ke/site/market_search)
2026-09-01,Kisumu,Beans (Mwezi Moja),130.9275,Kg,Wholesale,KAMIS public market search; monthly arithmetic mean of observed market records (https://kamis.kilimo.go.ke/site/market_search)
2026-09-01,Kisumu,Beans (Yellow-Green),180.4075,Kg,Wholesale,KAMIS public market search; monthly arithmetic mean of observed market records (https://kamis.kilimo.go.ke/site/market_search)
2026-09-01,Kisumu,Beans Red Haricot (Wairimu),127.1775,Kg,Wholesale,KAMIS public market search; monthly arithmetic mean of observed market records (https://kamis.kilimo.go.ke/site/market_search)
2026-09-01,Kisumu,Beans Rosecoco,148.1,Kg,Wholesale,KAMIS public market search; monthly arithmetic mean of observed market records (https://kamis.kilimo.go.ke/site/market_search)
2026-09-01,Kisumu,Dry Maize,49.047143,Kg,Wholesale,KAMIS public market search; monthly arithmetic mean of observed market records (https://kamis.kilimo.go.ke/site/market_search)
2026-09-01,Kisumu,Red Irish potato,100.0,Kg,Wholesale,KAMIS public market search; monthly arithmetic mean of observed market records (https://kamis.kilimo.go.ke/site/market_search)
2026-09-01,Kisumu,Red Sorghum,58.61,Kg,Wholesale,KAMIS public market search; monthly arithmetic mean of observed market records (https://kamis.kilimo.go.ke/site/market_search)
2026-09-01,Kisumu,White Irish Potatoes,123.0,Kg,Wholesale,KAMIS public market search; monthly arithmetic mean of observed market records (https://kamis.kilimo.go.ke/site/market_search)
2026-09-01,Nairobi,Beans (Canadian wonder),317.41,Kg,Wholesale,KAMIS public market search; monthly arithmetic mean of observed market records (https://kamis.kilimo.go.ke/site/market_search)
2026-09-01,Nairobi,Beans (Mwezi Moja),88.89,Kg,Wholesale,KAMIS public market search; monthly arithmetic mean of observed market records (https://kamis.kilimo.go.ke/site/market_search)
2026-09-01,Nairobi,Beans (Mwitemania),103.055,Kg,Wholesale,KAMIS public market search; monthly arithmetic mean of observed market records (https://kamis.kilimo.go.ke/site/market_search)
2026-09-01,Nairobi,Beans (Yellow-Green),119.334,Kg,Wholesale,KAMIS public market search; monthly arithmetic mean of observed market records (https://kamis.kilimo.go.ke/site/market_search)
2026-09-01,Nairobi,Beans Red Haricot (Wairimu),82.222,Kg,Wholesale,KAMIS public market search; monthly arithmetic mean of observed market records (https://kamis.kilimo.go.ke/site/market_search)
2026-09-01,Nairobi,Beans Rosecoco,115.4175,Kg,Wholesale,KAMIS public market search; monthly arithmetic mean of observed market records (https://kamis.kilimo.go.ke/site/market_search)
2026-09-01,Nairobi,Dry Maize,49.445,Kg,Wholesale,KAMIS public market search; monthly arithmetic mean of observed market records (https://kamis.kilimo.go.ke/site/market_search)
2026-09-01,Nairobi,Red Sorghum,65.556667,Kg,Wholesale,KAMIS public market search; monthly arithmetic mean of observed market records (https://kamis.kilimo.go.ke/site/market_search)
2026-09-01,Nairobi,White Irish Potatoes,50.0,Kg,Wholesale,KAMIS public market search; monthly arithmetic mean of observed market records (https://kamis.kilimo.go.ke/site/market_search)
2026-09-01,Nairobi,White Sorghum,72.22,kg,Wholesale,KAMIS public market search; monthly arithmetic mean of observed market records (https://kamis.kilimo.go.ke/site/market_search)
